MSSV,Họ và Tên,Email
2020100001,Trần Thị An,sv000001@uni.edu.vn
2021100002,Lê Thị An,sv000002@uni.edu.vn
2022100003,Phạm Thị An,sv000003@uni.edu.vn
2023100004,Hoàng Thị An,sv000004@uni.edu.vn
2024100005,Vũ Thị An,sv000005@uni.edu.vn
2019100006,Đặng Thị An,sv000006@uni.edu.vn
2020100007,Bùi Thị An,sv000007@uni.edu.vn
2021100008,Đỗ Thị An,sv000008@uni.edu.vn
2022100009,Hồ Thị An,sv000009@uni.edu.vn
2023100010,Nguyễn Văn An,sv000010@uni.edu.vn
2024100011,Trần Văn An,sv000011@uni.edu.vn
2019100012,Lê Văn An,sv000012@uni.edu.vn
2020100013,Phạm Văn An,sv000013@uni.edu.vn
2021100014,Hoàng Văn An,sv000014@uni.edu.vn
2022100015,Vũ Văn An,sv000015@uni.edu.vn
2023100016,Đặng Văn An,sv000016@uni.edu.vn
2024100017,Bùi Văn An,sv000017@uni.edu.vn
2019100018,Đỗ Văn An,sv000018@uni.edu.vn
2020100019,Hồ Văn An,sv000019@uni.edu.vn
2021100020,Nguyễn Minh An,sv000020@uni.edu.vn
2022100021,Trần Minh An,sv000021@uni.edu.vn
2023100022,Lê Minh An,sv000022@uni.edu.vn
2024100023,Phạm Minh An,sv000023@uni.edu.vn
2019100024,Hoàng Minh An,sv000024@uni.edu.vn
2020100025,Vũ Minh An,sv000025@uni.edu.vn
2021100026,Đặng Minh An,sv000026@uni.edu.vn
2022100027,Bùi Minh An,sv000027@uni.edu.vn
2023100028,Đỗ Minh An,sv000028@uni.edu.vn
2024100029,Hồ Minh An,sv000029@uni.edu.vn
2019100030,Nguyễn Quốc An,sv000030@uni.edu.vn
2020100031,Trần Quốc An,sv000031@uni.edu.vn
2021100032,Lê Quốc An,sv000032@uni.edu.vn
2022100033,Phạm Quốc An,sv000033@uni.edu.vn
2023100034,Hoàng Quốc An,sv000034@uni.edu.vn
2024100035,Vũ Quốc An,sv000035@uni.edu.vn
2019100036,Đặng Quốc An,sv000036@uni.edu.vn
2020100037,Bùi Quốc An,sv000037@uni.edu.vn
2021100038,Đỗ Quốc An,sv000038@uni.edu.vn
2022100039,Hồ Quốc An,sv000039@uni.edu.vn
2023100040,Nguyễn Anh An,sv000040@uni.edu.vn
2024100041,Trần Anh An,sv000041@uni.edu.vn
2019100042,Lê Anh An,sv000042@uni.edu.vn
2020100043,Phạm Anh An,sv000043@uni.edu.vn
2021100044,Hoàng Anh An,sv000044@uni.edu.vn
2022100045,Vũ Anh An,sv000045@uni.edu.vn
2023100046,Đặng Anh An,sv000046@uni.edu.vn
2024100047,Bùi Anh An,sv000047@uni.edu.vn
2019100048,Đỗ Anh An,sv000048@uni.edu.vn
2020100049,Hồ Anh An,sv000049@uni.edu.vn
2021100050,Nguyễn Tuấn An,sv000050@uni.edu.vn
2022100051,Trần Tuấn An,sv000051@uni.edu.vn
2023100052,Lê Tuấn An,sv000052@uni.edu.vn
2024100053,Phạm Tuấn An,sv000053@uni.edu.vn
2019100054,Hoàng Tuấn An,sv000054@uni.edu.vn
2020100055,Vũ Tuấn An,sv000055@uni.edu.vn
2021100056,Đặng Tuấn An,sv000056@uni.edu.vn
2022100057,Bùi Tuấn An,sv000057@uni.edu.vn
2023100058,Đỗ Tuấn An,sv000058@uni.edu.vn
2024100059,Hồ Tuấn An,sv000059@uni.edu.vn
2019100060,Nguyễn Hữu An,sv000060@uni.edu.vn
2020100061,Trần Hữu An,sv000061@uni.edu.vn
2021100062,Lê Hữu An,sv000062@uni.edu.vn
2022100063,Phạm Hữu An,sv000063@uni.edu.vn
2023100064,Hoàng Hữu An,sv000064@uni.edu.vn
2024100065,Vũ Hữu An,sv000065@uni.edu.vn
2019100066,Đặng Hữu An,sv000066@uni.edu.vn
2020100067,Bùi Hữu An,sv000067@uni.edu.vn
2021100068,Đỗ Hữu An,sv000068@uni.edu.vn
2022100069,Hồ Hữu An,sv000069@uni.edu.vn
2023100070,Nguyễn Thành An,sv000070@uni.edu.vn
2024100071,Trần Thành An,sv000071@uni.edu.vn
2019100072,Lê Thành An,sv000072@uni.edu.vn
2020100073,Phạm Thành An,sv000073@uni.edu.vn
2021100074,Hoàng Thành An,sv000074@uni.edu.vn
2022100075,Vũ Thành An,sv000075@uni.edu.vn
2023100076,Đặng Thành An,sv000076@uni.edu.vn
2024100077,Bùi Thành An,sv000077@uni.edu.vn
2019100078,Đỗ Thành An,sv000078@uni.edu.vn
2020100079,Hồ Thành An,sv000079@uni.edu.vn
2021100080,Nguyễn Ngọc An,sv000080@uni.edu.vn
2022100081,Trần Ngọc An,sv000081@uni.edu.vn
2023100082,Lê Ngọc An,sv000082@uni.edu.vn
2024100083,Phạm Ngọc An,sv000083@uni.edu.vn
2019100084,Hoàng Ngọc An,sv000084@uni.edu.vn
2020100085,Vũ Ngọc An,sv000085@uni.edu.vn
2021100086,Đặng Ngọc An,sv000086@uni.edu.vn
2022100087,Bùi Ngọc An,sv000087@uni.edu.vn
2023100088,Đỗ Ngọc An,sv000088@uni.edu.vn
2024100089,Hồ Ngọc An,sv000089@uni.edu.vn
2019100090,Nguyễn An,sv000090@uni.edu.vn
2020100091,Trần An,sv000091@uni.edu.vn
2021100092,Lê An,sv000092@uni.edu.vn
2022100093,Phạm An,sv000093@uni.edu.vn
2023100094,Hoàng An,sv000094@uni.edu.vn
2024100095,Vũ An,sv000095@uni.edu.vn
2019100096,Đặng An,sv000096@uni.edu.vn
2020100097,Bùi An,sv000097@uni.edu.vn
2021100098,Đỗ An,sv000098@uni.edu.vn
2022100099,Hồ An,sv000099@uni.edu.vn
2023100100,Nguyễn Thị Bình,sv000100@uni.edu.vn
2024100101,Trần Thị Bình,sv000101@uni.edu.vn
2019100102,Lê Thị Bình,sv000102@uni.edu.vn
2020100103,Phạm Thị Bình,sv000103@uni.edu.vn
2021100104,Hoàng Thị Bình,sv000104@uni.edu.vn
2022100105,Vũ Thị Bình,sv000105@uni.edu.vn
2023100106,Đặng Thị Bình,sv000106@uni.edu.vn
2024100107,Bùi Thị Bình,sv000107@uni.edu.vn
2019100108,Đỗ Thị Bình,sv000108@uni.edu.vn
2020100109,Hồ Thị Bình,sv000109@uni.edu.vn
2021100110,Nguyễn Văn Bình,sv000110@uni.edu.vn
2022100111,Trần Văn Bình,sv000111@uni.edu.vn
2023100112,Lê Văn Bình,sv000112@uni.edu.vn
2024100113,Phạm Văn Bình,sv000113@uni.edu.vn
2019100114,Hoàng Văn Bình,sv000114@uni.edu.vn
2020100115,Vũ Văn Bình,sv000115@uni.edu.vn
2021100116,Đặng Văn Bình,sv000116@uni.edu.vn
2022100117,Bùi Văn Bình,sv000117@uni.edu.vn
2023100118,Đỗ Văn Bình,sv000118@uni.edu.vn
2024100119,Hồ Văn Bình,sv000119@uni.edu.vn
2019100120,Nguyễn Minh Bình,sv000120@uni.edu.vn
2020100121,Trần Minh Bình,sv000121@uni.edu.vn
2021100122,Lê Minh Bình,sv000122@uni.edu.vn
2022100123,Phạm Minh Bình,sv000123@uni.edu.vn
2023100124,Hoàng Minh Bình,sv000124@uni.edu.vn
2024100125,Vũ Minh Bình,sv000125@uni.edu.vn
2019100126,Đặng Minh Bình,sv000126@uni.edu.vn
2020100127,Bùi Minh Bình,sv000127@uni.edu.vn
2021100128,Đỗ Minh Bình,sv000128@uni.edu.vn
2022100129,Hồ Minh Bình,sv000129@uni.edu.vn
2023100130,Nguyễn Quốc Bình,sv000130@uni.edu.vn
2024100131,Trần Quốc Bình,sv000131@uni.edu.vn
2019100132,Lê Quốc Bình,sv000132@uni.edu.vn
2020100133,Phạm Quốc Bình,sv000133@uni.edu.vn
2021100134,Hoàng Quốc Bình,sv000134@uni.edu.vn
2022100135,Vũ Quốc Bình,sv000135@uni.edu.vn
2023100136,Đặng Quốc Bình,sv000136@uni.edu.vn
2024100137,Bùi Quốc Bình,sv000137@uni.edu.vn
2019100138,Đỗ Quốc Bình,sv000138@uni.edu.vn
2020100139,Hồ Quốc Bình,sv000139@uni.edu.vn
2021100140,Nguyễn Anh Bình,sv000140@uni.edu.vn
2022100141,Trần Anh Bình,sv000141@uni.edu.vn
2023100142,Lê Anh Bình,sv000142@uni.edu.vn
2024100143,Phạm Anh Bình,sv000143@uni.edu.vn
2019100144,Hoàng Anh Bình,sv000144@uni.edu.vn
2020100145,Vũ Anh Bình,sv000145@uni.edu.vn
2021100146,Đặng Anh Bình,sv000146@uni.edu.vn
2022100147,Bùi Anh Bình,sv000147@uni.edu.vn
2023100148,Đỗ Anh Bình,sv000148@uni.edu.vn
2024100149,Hồ Anh Bình,sv000149@uni.edu.vn
2019100150,Nguyễn Tuấn Bình,sv000150@uni.edu.vn
2020100151,Trần Tuấn Bình,sv000151@uni.edu.vn
2021100152,Lê Tuấn Bình,sv000152@uni.edu.vn
2022100153,Phạm Tuấn Bình,sv000153@uni.edu.vn
2023100154,Hoàng Tuấn Bình,sv000154@uni.edu.vn
2024100155,Vũ Tuấn Bình,sv000155@uni.edu.vn
2019100156,Đặng Tuấn Bình,sv000156@uni.edu.vn
2020100157,Bùi Tuấn Bình,sv000157@uni.edu.vn
2021100158,Đỗ Tuấn Bình,sv000158@uni.edu.vn
2022100159,Hồ Tuấn Bình,sv000159@uni.edu.vn
2023100160,Nguyễn Hữu Bình,sv000160@uni.edu.vn
2024100161,Trần Hữu Bình,sv000161@uni.edu.vn
2019100162,Lê Hữu Bình,sv000162@uni.edu.vn
2020100163,Phạm Hữu Bình,sv000163@uni.edu.vn
2021100164,Hoàng Hữu Bình,sv000164@uni.edu.vn
2022100165,Vũ Hữu Bình,sv000165@uni.edu.vn
2023100166,Đặng Hữu Bình,sv000166@uni.edu.vn
2024100167,Bùi Hữu Bình,sv000167@uni.edu.vn
2019100168,Đỗ Hữu Bình,sv000168@uni.edu.vn
2020100169,Hồ Hữu Bình,sv000169@uni.edu.vn
2021100170,Nguyễn Thành Bình,sv000170@uni.edu.vn
2022100171,Trần Thành Bình,sv000171@uni.edu.vn
2023100172,Lê Thành Bình,sv000172@uni.edu.vn
2024100173,Phạm Thành Bình,sv000173@uni.edu.vn
2019100174,Hoàng Thành Bình,sv000174@uni.edu.vn
2020100175,Vũ Thành Bình,sv000175@uni.edu.vn
2021100176,Đặng Thành Bình,sv000176@uni.edu.vn
2022100177,Bùi Thành Bình,sv000177@uni.edu.vn
2023100178,Đỗ Thành Bình,sv000178@uni.edu.vn
2024100179,Hồ Thành Bình,sv000179@uni.edu.vn
2019100180,Nguyễn Ngọc Bình,sv000180@uni.edu.vn
2020100181,Trần Ngọc Bình,sv000181@uni.edu.vn
2021100182,Lê Ngọc Bình,sv000182@uni.edu.vn
2022100183,Phạm Ngọc Bình,sv000183@uni.edu.vn
2023100184,Hoàng Ngọc Bình,sv000184@uni.edu.vn
2024100185,Vũ Ngọc Bình,sv000185@uni.edu.vn
2019100186,Đặng Ngọc Bình,sv000186@uni.edu.vn
2020100187,Bùi Ngọc Bình,sv000187@uni.edu.vn
2021100188,Đỗ Ngọc Bình,sv000188@uni.edu.vn
2022100189,Hồ Ngọc Bình,sv000189@uni.edu.vn
2023100190,Nguyễn Bình,sv000190@uni.edu.vn
2024100191,Trần Bình,sv000191@uni.edu.vn
2019100192,Lê Bình,sv000192@uni.edu.vn
2020100193,Phạm Bình,sv000193@uni.edu.vn
2021100194,Hoàng Bình,sv000194@uni.edu.vn
2022100195,Vũ Bình,sv000195@uni.edu.vn
2023100196,Đặng Bình,sv000196@uni.edu.vn
2024100197,Bùi Bình,sv000197@uni.edu.vn
2019100198,Đỗ Bình,sv000198@uni.edu.vn
2020100199,Hồ Bình,sv000199@uni.edu.vn
2021100200,Nguyễn Thị Chi,sv000200@uni.edu.vn
2022100201,Trần Thị Chi,sv000201@uni.edu.vn
2023100202,Lê Thị Chi,sv000202@uni.edu.vn
2024100203,Phạm Thị Chi,sv000203@uni.edu.vn
2019100204,Hoàng Thị Chi,sv000204@uni.edu.vn
2020100205,Vũ Thị Chi,sv000205@uni.edu.vn
2021100206,Đặng Thị Chi,sv000206@uni.edu.vn
2022100207,Bùi Thị Chi,sv000207@uni.edu.vn
2023100208,Đỗ Thị Chi,sv000208@uni.edu.vn
2024100209,Hồ Thị Chi,sv000209@uni.edu.vn
2019100210,Nguyễn Văn Chi,sv000210@uni.edu.vn
2020100211,Trần Văn Chi,sv000211@uni.edu.vn
2021100212,Lê Văn Chi,sv000212@uni.edu.vn
2022100213,Phạm Văn Chi,sv000213@uni.edu.vn
2023100214,Hoàng Văn Chi,sv000214@uni.edu.vn
2024100215,Vũ Văn Chi,sv000215@uni.edu.vn
2019100216,Đặng Văn Chi,sv000216@uni.edu.vn
2020100217,Bùi Văn Chi,sv000217@uni.edu.vn
2021100218,Đỗ Văn Chi,sv000218@uni.edu.vn
2022100219,Hồ Văn Chi,sv000219@uni.edu.vn
2023100220,Nguyễn Minh Chi,sv000220@uni.edu.vn
2024100221,Trần Minh Chi,sv000221@uni.edu.vn
2019100222,Lê Minh Chi,sv000222@uni.edu.vn
2020100223,Phạm Minh Chi,sv000223@uni.edu.vn
2021100224,Hoàng Minh Chi,sv000224@uni.edu.vn
2022100225,Vũ Minh Chi,sv000225@uni.edu.vn
2023100226,Đặng Minh Chi,sv000226@uni.edu.vn
2024100227,Bùi Minh Chi,sv000227@uni.edu.vn
2019100228,Đỗ Minh Chi,sv000228@uni.edu.vn
2020100229,Hồ Minh Chi,sv000229@uni.edu.vn
2021100230,Nguyễn Quốc Chi,sv000230@uni.edu.vn
2022100231,Trần Quốc Chi,sv000231@uni.edu.vn
2023100232,Lê Quốc Chi,sv000232@uni.edu.vn
2024100233,Phạm Quốc Chi,sv000233@uni.edu.vn
2019100234,Hoàng Quốc Chi,sv000234@uni.edu.vn
2020100235,Vũ Quốc Chi,sv000235@uni.edu.vn
2021100236,Đặng Quốc Chi,sv000236@uni.edu.vn
2022100237,Bùi Quốc Chi,sv000237@uni.edu.vn
2023100238,Đỗ Quốc Chi,sv000238@uni.edu.vn
2024100239,Hồ Quốc Chi,sv000239@uni.edu.vn
2019100240,Nguyễn Anh Chi,sv000240@uni.edu.vn
2020100241,Trần Anh Chi,sv000241@uni.edu.vn
2021100242,Lê Anh Chi,sv000242@uni.edu.vn
2022100243,Phạm Anh Chi,sv000243@uni.edu.vn
2023100244,Hoàng Anh Chi,sv000244@uni.edu.vn
2024100245,Vũ Anh Chi,sv000245@uni.edu.vn
2019100246,Đặng Anh Chi,sv000246@uni.edu.vn
2020100247,Bùi Anh Chi,sv000247@uni.edu.vn
2021100248,Đỗ Anh Chi,sv000248@uni.edu.vn
2022100249,Hồ Anh Chi,sv000249@uni.edu.vn
2023100250,Nguyễn Tuấn Chi,sv000250@uni.edu.vn
2024100251,Trần Tuấn Chi,sv000251@uni.edu.vn
2019100252,Lê Tuấn Chi,sv000252@uni.edu.vn
2020100253,Phạm Tuấn Chi,sv000253@uni.edu.vn
2021100254,Hoàng Tuấn Chi,sv000254@uni.edu.vn
2022100255,Vũ Tuấn Chi,sv000255@uni.edu.vn
2023100256,Đặng Tuấn Chi,sv000256@uni.edu.vn
2024100257,Bùi Tuấn Chi,sv000257@uni.edu.vn
2019100258,Đỗ Tuấn Chi,sv000258@uni.edu.vn
2020100259,Hồ Tuấn Chi,sv000259@uni.edu.vn
2021100260,Nguyễn Hữu Chi,sv000260@uni.edu.vn
2022100261,Trần Hữu Chi,sv000261@uni.edu.vn
2023100262,Lê Hữu Chi,sv000262@uni.edu.vn
2024100263,Phạm Hữu Chi,sv000263@uni.edu.vn
2019100264,Hoàng Hữu Chi,sv000264@uni.edu.vn
2020100265,Vũ Hữu Chi,sv000265@uni.edu.vn
2021100266,Đặng Hữu Chi,sv000266@uni.edu.vn
2022100267,Bùi Hữu Chi,sv000267@uni.edu.vn
2023100268,Đỗ Hữu Chi,sv000268@uni.edu.vn
2024100269,Hồ Hữu Chi,sv000269@uni.edu.vn
2019100270,Nguyễn Thành Chi,sv000270@uni.edu.vn
2020100271,Trần Thành Chi,sv000271@uni.edu.vn
2021100272,Lê Thành Chi,sv000272@uni.edu.vn
2022100273,Phạm Thành Chi,sv000273@uni.edu.vn
2023100274,Hoàng Thành Chi,sv000274@uni.edu.vn
2024100275,Vũ Thành Chi,sv000275@uni.edu.vn
2019100276,Đặng Thành Chi,sv000276@uni.edu.vn
2020100277,Bùi Thành Chi,sv000277@uni.edu.vn
2021100278,Đỗ Thành Chi,sv000278@uni.edu.vn
2022100279,Hồ Thành Chi,sv000279@uni.edu.vn
2023100280,Nguyễn Ngọc Chi,sv000280@uni.edu.vn
2024100281,Trần Ngọc Chi,sv000281@uni.edu.vn
2019100282,Lê Ngọc Chi,sv000282@uni.edu.vn
2020100283,Phạm Ngọc Chi,sv000283@uni.edu.vn
2021100284,Hoàng Ngọc Chi,sv000284@uni.edu.vn
2022100285,Vũ Ngọc Chi,sv000285@uni.edu.vn
2023100286,Đặng Ngọc Chi,sv000286@uni.edu.vn
2024100287,Bùi Ngọc Chi,sv000287@uni.edu.vn
2019100288,Đỗ Ngọc Chi,sv000288@uni.edu.vn
2020100289,Hồ Ngọc Chi,sv000289@uni.edu.vn
2021100290,Nguyễn Chi,sv000290@uni.edu.vn
2022100291,Trần Chi,sv000291@uni.edu.vn
2023100292,Lê Chi,sv000292@uni.edu.vn
2024100293,Phạm Chi,sv000293@uni.edu.vn
2019100294,Hoàng Chi,sv000294@uni.edu.vn
2020100295,Vũ Chi,sv000295@uni.edu.vn
2021100296,Đặng Chi,sv000296@uni.edu.vn
2022100297,Bùi Chi,sv000297@uni.edu.vn
2023100298,Đỗ Chi,sv000298@uni.edu.vn
2024100299,Hồ Chi,sv000299@uni.edu.vn
2019100300,Nguyễn Thị Dũng,sv000300@uni.edu.vn
2020100301,Trần Thị Dũng,sv000301@uni.edu.vn
2021100302,Lê Thị Dũng,sv000302@uni.edu.vn
2022100303,Phạm Thị Dũng,sv000303@uni.edu.vn
2023100304,Hoàng Thị Dũng,sv000304@uni.edu.vn
2024100305,Vũ Thị Dũng,sv000305@uni.edu.vn
2019100306,Đặng Thị Dũng,sv000306@uni.edu.vn
2020100307,Bùi Thị Dũng,sv000307@uni.edu.vn
2021100308,Đỗ Thị Dũng,sv000308@uni.edu.vn
2022100309,Hồ Thị Dũng,sv000309@uni.edu.vn
2023100310,Nguyễn Văn Dũng,sv000310@uni.edu.vn
2024100311,Trần Văn Dũng,sv000311@uni.edu.vn
2019100312,Lê Văn Dũng,sv000312@uni.edu.vn
2020100313,Phạm Văn Dũng,sv000313@uni.edu.vn
2021100314,Hoàng Văn Dũng,sv000314@uni.edu.vn
2022100315,Vũ Văn Dũng,sv000315@uni.edu.vn
2023100316,Đặng Văn Dũng,sv000316@uni.edu.vn
2024100317,Bùi Văn Dũng,sv000317@uni.edu.vn
2019100318,Đỗ Văn Dũng,sv000318@uni.edu.vn
2020100319,Hồ Văn Dũng,sv000319@uni.edu.vn
2021100320,Nguyễn Minh Dũng,sv000320@uni.edu.vn
2022100321,Trần Minh Dũng,sv000321@uni.edu.vn
2023100322,Lê Minh Dũng,sv000322@uni.edu.vn
2024100323,Phạm Minh Dũng,sv000323@uni.edu.vn
2019100324,Hoàng Minh Dũng,sv000324@uni.edu.vn
2020100325,Vũ Minh Dũng,sv000325@uni.edu.vn
2021100326,Đặng Minh Dũng,sv000326@uni.edu.vn
2022100327,Bùi Minh Dũng,sv000327@uni.edu.vn
2023100328,Đỗ Minh Dũng,sv000328@uni.edu.vn
2024100329,Hồ Minh Dũng,sv000329@uni.edu.vn
2019100330,Nguyễn Quốc Dũng,sv000330@uni.edu.vn
2020100331,Trần Quốc Dũng,sv000331@uni.edu.vn
2021100332,Lê Quốc Dũng,sv000332@uni.edu.vn
2022100333,Phạm Quốc Dũng,sv000333@uni.edu.vn
2023100334,Hoàng Quốc Dũng,sv000334@uni.edu.vn
2024100335,Vũ Quốc Dũng,sv000335@uni.edu.vn
2019100336,Đặng Quốc Dũng,sv000336@uni.edu.vn
2020100337,Bùi Quốc Dũng,sv000337@uni.edu.vn
2021100338,Đỗ Quốc Dũng,sv000338@uni.edu.vn
2022100339,Hồ Quốc Dũng,sv000339@uni.edu.vn
2023100340,Nguyễn Anh Dũng,sv000340@uni.edu.vn
2024100341,Trần Anh Dũng,sv000341@uni.edu.vn
2019100342,Lê Anh Dũng,sv000342@uni.edu.vn
2020100343,Phạm Anh Dũng,sv000343@uni.edu.vn
2021100344,Hoàng Anh Dũng,sv000344@uni.edu.vn
2022100345,Vũ Anh Dũng,sv000345@uni.edu.vn
2023100346,Đặng Anh Dũng,sv000346@uni.edu.vn
2024100347,Bùi Anh Dũng,sv000347@uni.edu.vn
2019100348,Đỗ Anh Dũng,sv000348@uni.edu.vn
2020100349,Hồ Anh Dũng,sv000349@uni.edu.vn
2021100350,Nguyễn Tuấn Dũng,sv000350@uni.edu.vn
2022100351,Trần Tuấn Dũng,sv000351@uni.edu.vn
2023100352,Lê Tuấn Dũng,sv000352@uni.edu.vn
2024100353,Phạm Tuấn Dũng,sv000353@uni.edu.vn
2019100354,Hoàng Tuấn Dũng,sv000354@uni.edu.vn
2020100355,Vũ Tuấn Dũng,sv000355@uni.edu.vn
2021100356,Đặng Tuấn Dũng,sv000356@uni.edu.vn
2022100357,Bùi Tuấn Dũng,sv000357@uni.edu.vn
2023100358,Đỗ Tuấn Dũng,sv000358@uni.edu.vn
2024100359,Hồ Tuấn Dũng,sv000359@uni.edu.vn
2019100360,Nguyễn Hữu Dũng,sv000360@uni.edu.vn
2020100361,Trần Hữu Dũng,sv000361@uni.edu.vn
2021100362,Lê Hữu Dũng,sv000362@uni.edu.vn
2022100363,Phạm Hữu Dũng,sv000363@uni.edu.vn
2023100364,Hoàng Hữu Dũng,sv000364@uni.edu.vn
2024100365,Vũ Hữu Dũng,sv000365@uni.edu.vn
2019100366,Đặng Hữu Dũng,sv000366@uni.edu.vn
2020100367,Bùi Hữu Dũng,sv000367@uni.edu.vn
2021100368,Đỗ Hữu Dũng,sv000368@uni.edu.vn
2022100369,Hồ Hữu Dũng,sv000369@uni.edu.vn
2023100370,Nguyễn Thành Dũng,sv000370@uni.edu.vn
2024100371,Trần Thành Dũng,sv000371@uni.edu.vn
2019100372,Lê Thành Dũng,sv000372@uni.edu.vn
2020100373,Phạm Thành Dũng,sv000373@uni.edu.vn
2021100374,Hoàng Thành Dũng,sv000374@uni.edu.vn
2022100375,Vũ Thành Dũng,sv000375@uni.edu.vn
2023100376,Đặng Thành Dũng,sv000376@uni.edu.vn
2024100377,Bùi Thành Dũng,sv000377@uni.edu.vn
2019100378,Đỗ Thành Dũng,sv000378@uni.edu.vn
2020100379,Hồ Thành Dũng,sv000379@uni.edu.vn
2021100380,Nguyễn Ngọc Dũng,sv000380@uni.edu.vn
2022100381,Trần Ngọc Dũng,sv000381@uni.edu.vn
2023100382,Lê Ngọc Dũng,sv000382@uni.edu.vn
2024100383,Phạm Ngọc Dũng,sv000383@uni.edu.vn
2019100384,Hoàng Ngọc Dũng,sv000384@uni.edu.vn
2020100385,Vũ Ngọc Dũng,sv000385@uni.edu.vn
2021100386,Đặng Ngọc Dũng,sv000386@uni.edu.vn
2022100387,Bùi Ngọc Dũng,sv000387@uni.edu.vn
2023100388,Đỗ Ngọc Dũng,sv000388@uni.edu.vn
2024100389,Hồ Ngọc Dũng,sv000389@uni.edu.vn
2019100390,Nguyễn Dũng,sv000390@uni.edu.vn
2020100391,Trần Dũng,sv000391@uni.edu.vn
2021100392,Lê Dũng,sv000392@uni.edu.vn
2022100393,Phạm Dũng,sv000393@uni.edu.vn
2023100394,Hoàng Dũng,sv000394@uni.edu.vn
2024100395,Vũ Dũng,sv000395@uni.edu.vn
2019100396,Đặng Dũng,sv000396@uni.edu.vn
2020100397,Bùi Dũng,sv000397@uni.edu.vn
2021100398,Đỗ Dũng,sv000398@uni.edu.vn
2022100399,Hồ Dũng,sv000399@uni.edu.vn
2023100400,Nguyễn Thị Giang,sv000400@uni.edu.vn
2024100401,Trần Thị Giang,sv000401@uni.edu.vn
2019100402,Lê Thị Giang,sv000402@uni.edu.vn
2020100403,Phạm Thị Giang,sv000403@uni.edu.vn
2021100404,Hoàng Thị Giang,sv000404@uni.edu.vn
2022100405,Vũ Thị Giang,sv000405@uni.edu.vn
2023100406,Đặng Thị Giang,sv000406@uni.edu.vn
2024100407,Bùi Thị Giang,sv000407@uni.edu.vn
2019100408,Đỗ Thị Giang,sv000408@uni.edu.vn
2020100409,Hồ Thị Giang,sv000409@uni.edu.vn
2021100410,Nguyễn Văn Giang,sv000410@uni.edu.vn
2022100411,Trần Văn Giang,sv000411@uni.edu.vn
2023100412,Lê Văn Giang,sv000412@uni.edu.vn
2024100413,Phạm Văn Giang,sv000413@uni.edu.vn
2019100414,Hoàng Văn Giang,sv000414@uni.edu.vn
2020100415,Vũ Văn Giang,sv000415@uni.edu.vn
2021100416,Đặng Văn Giang,sv000416@uni.edu.vn
2022100417,Bùi Văn Giang,sv000417@uni.edu.vn
2023100418,Đỗ Văn Giang,sv000418@uni.edu.vn
2024100419,Hồ Văn Giang,sv000419@uni.edu.vn
2019100420,Nguyễn Minh Giang,sv000420@uni.edu.vn
2020100421,Trần Minh Giang,sv000421@uni.edu.vn
2021100422,Lê Minh Giang,sv000422@uni.edu.vn
2022100423,Phạm Minh Giang,sv000423@uni.edu.vn
2023100424,Hoàng Minh Giang,sv000424@uni.edu.vn
2024100425,Vũ Minh Giang,sv000425@uni.edu.vn
2019100426,Đặng Minh Giang,sv000426@uni.edu.vn
2020100427,Bùi Minh Giang,sv000427@uni.edu.vn
2021100428,Đỗ Minh Giang,sv000428@uni.edu.vn
2022100429,Hồ Minh Giang,sv000429@uni.edu.vn
2023100430,Nguyễn Quốc Giang,sv000430@uni.edu.vn
2024100431,Trần Quốc Giang,sv000431@uni.edu.vn
2019100432,Lê Quốc Giang,sv000432@uni.edu.vn
2020100433,Phạm Quốc Giang,sv000433@uni.edu.vn
2021100434,Hoàng Quốc Giang,sv000434@uni.edu.vn
2022100435,Vũ Quốc Giang,sv000435@uni.edu.vn
2023100436,Đặng Quốc Giang,sv000436@uni.edu.vn
2024100437,Bùi Quốc Giang,sv000437@uni.edu.vn
2019100438,Đỗ Quốc Giang,sv000438@uni.edu.vn
2020100439,Hồ Quốc Giang,sv000439@uni.edu.vn
2021100440,Nguyễn Anh Giang,sv000440@uni.edu.vn
2022100441,Trần Anh Giang,sv000441@uni.edu.vn
2023100442,Lê Anh Giang,sv000442@uni.edu.vn
2024100443,Phạm Anh Giang,sv000443@uni.edu.vn
2019100444,Hoàng Anh Giang,sv000444@uni.edu.vn
2020100445,Vũ Anh Giang,sv000445@uni.edu.vn
2021100446,Đặng Anh Giang,sv000446@uni.edu.vn
2022100447,Bùi Anh Giang,sv000447@uni.edu.vn
2023100448,Đỗ Anh Giang,sv000448@uni.edu.vn
2024100449,Hồ Anh Giang,sv000449@uni.edu.vn
2019100450,Nguyễn Tuấn Giang,sv000450@uni.edu.vn
2020100451,Trần Tuấn Giang,sv000451@uni.edu.vn
2021100452,Lê Tuấn Giang,sv000452@uni.edu.vn
2022100453,Phạm Tuấn Giang,sv000453@uni.edu.vn
2023100454,Hoàng Tuấn Giang,sv000454@uni.edu.vn
2024100455,Vũ Tuấn Giang,sv000455@uni.edu.vn
2019100456,Đặng Tuấn Giang,sv000456@uni.edu.vn
2020100457,Bùi Tuấn Giang,sv000457@uni.edu.vn
2021100458,Đỗ Tuấn Giang,sv000458@uni.edu.vn
2022100459,Hồ Tuấn Giang,sv000459@uni.edu.vn
2023100460,Nguyễn Hữu Giang,sv000460@uni.edu.vn
2024100461,Trần Hữu Giang,sv000461@uni.edu.vn
2019100462,Lê Hữu Giang,sv000462@uni.edu.vn
2020100463,Phạm Hữu Giang,sv000463@uni.edu.vn
2021100464,Hoàng Hữu Giang,sv000464@uni.edu.vn
2022100465,Vũ Hữu Giang,sv000465@uni.edu.vn
2023100466,Đặng Hữu Giang,sv000466@uni.edu.vn
2024100467,Bùi Hữu Giang,sv000467@uni.edu.vn
2019100468,Đỗ Hữu Giang,sv000468@uni.edu.vn
2020100469,Hồ Hữu Giang,sv000469@uni.edu.vn
2021100470,Nguyễn Thành Giang,sv000470@uni.edu.vn
2022100471,Trần Thành Giang,sv000471@uni.edu.vn
2023100472,Lê Thành Giang,sv000472@uni.edu.vn
2024100473,Phạm Thành Giang,sv000473@uni.edu.vn
2019100474,Hoàng Thành Giang,sv000474@uni.edu.vn
2020100475,Vũ Thành Giang,sv000475@uni.edu.vn
2021100476,Đặng Thành Giang,sv000476@uni.edu.vn
2022100477,Bùi Thành Giang,sv000477@uni.edu.vn
2023100478,Đỗ Thành Giang,sv000478@uni.edu.vn
2024100479,Hồ Thành Giang,sv000479@uni.edu.vn
2019100480,Nguyễn Ngọc Giang,sv000480@uni.edu.vn
2020100481,Trần Ngọc Giang,sv000481@uni.edu.vn
2021100482,Lê Ngọc Giang,sv000482@uni.edu.vn
2022100483,Phạm Ngọc Giang,sv000483@uni.edu.vn
2023100484,Hoàng Ngọc Giang,sv000484@uni.edu.vn
2024100485,Vũ Ngọc Giang,sv000485@uni.edu.vn
2019100486,Đặng Ngọc Giang,sv000486@uni.edu.vn
2020100487,Bùi Ngọc Giang,sv000487@uni.edu.vn
2021100488,Đỗ Ngọc Giang,sv000488@uni.edu.vn
2022100489,Hồ Ngọc Giang,sv000489@uni.edu.vn
2023100490,Nguyễn Giang,sv000490@uni.edu.vn
2024100491,Trần Giang,sv000491@uni.edu.vn
2019100492,Lê Giang,sv000492@uni.edu.vn
2020100493,Phạm Giang,sv000493@uni.edu.vn
2021100494,Hoàng Giang,sv000494@uni.edu.vn
2022100495,Vũ Giang,sv000495@uni.edu.vn
2023100496,Đặng Giang,sv000496@uni.edu.vn
2024100497,Bùi Giang,sv000497@uni.edu.vn
2019100498,Đỗ Giang,sv000498@uni.edu.vn
2020100499,Hồ Giang,sv000499@uni.edu.vn
2021100500,Nguyễn Thị Hà,sv000500@uni.edu.vn
2022100501,Trần Thị Hà,sv000501@uni.edu.vn
2023100502,Lê Thị Hà,sv000502@uni.edu.vn
2024100503,Phạm Thị Hà,sv000503@uni.edu.vn
2019100504,Hoàng Thị Hà,sv000504@uni.edu.vn
2020100505,Vũ Thị Hà,sv000505@uni.edu.vn
2021100506,Đặng Thị Hà,sv000506@uni.edu.vn
2022100507,Bùi Thị Hà,sv000507@uni.edu.vn
2023100508,Đỗ Thị Hà,sv000508@uni.edu.vn
2024100509,Hồ Thị Hà,sv000509@uni.edu.vn
2019100510,Nguyễn Văn Hà,sv000510@uni.edu.vn
2020100511,Trần Văn Hà,sv000511@uni.edu.vn
2021100512,Lê Văn Hà,sv000512@uni.edu.vn
2022100513,Phạm Văn Hà,sv000513@uni.edu.vn
2023100514,Hoàng Văn Hà,sv000514@uni.edu.vn
2024100515,Vũ Văn Hà,sv000515@uni.edu.vn
2019100516,Đặng Văn Hà,sv000516@uni.edu.vn
2020100517,Bùi Văn Hà,sv000517@uni.edu.vn
2021100518,Đỗ Văn Hà,sv000518@uni.edu.vn
2022100519,Hồ Văn Hà,sv000519@uni.edu.vn
2023100520,Nguyễn Minh Hà,sv000520@uni.edu.vn
2024100521,Trần Minh Hà,sv000521@uni.edu.vn
2019100522,Lê Minh Hà,sv000522@uni.edu.vn
2020100523,Phạm Minh Hà,sv000523@uni.edu.vn
2021100524,Hoàng Minh Hà,sv000524@uni.edu.vn
2022100525,Vũ Minh Hà,sv000525@uni.edu.vn
2023100526,Đặng Minh Hà,sv000526@uni.edu.vn
2024100527,Bùi Minh Hà,sv000527@uni.edu.vn
2019100528,Đỗ Minh Hà,sv000528@uni.edu.vn
2020100529,Hồ Minh Hà,sv000529@uni.edu.vn
2021100530,Nguyễn Quốc Hà,sv000530@uni.edu.vn
2022100531,Trần Quốc Hà,sv000531@uni.edu.vn
2023100532,Lê Quốc Hà,sv000532@uni.edu.vn
2024100533,Phạm Quốc Hà,sv000533@uni.edu.vn
2019100534,Hoàng Quốc Hà,sv000534@uni.edu.vn
2020100535,Vũ Quốc Hà,sv000535@uni.edu.vn
2021100536,Đặng Quốc Hà,sv000536@uni.edu.vn
2022100537,Bùi Quốc Hà,sv000537@uni.edu.vn
2023100538,Đỗ Quốc Hà,sv000538@uni.edu.vn
2024100539,Hồ Quốc Hà,sv000539@uni.edu.vn
2019100540,Nguyễn Anh Hà,sv000540@uni.edu.vn
2020100541,Trần Anh Hà,sv000541@uni.edu.vn
2021100542,Lê Anh Hà,sv000542@uni.edu.vn
2022100543,Phạm Anh Hà,sv000543@uni.edu.vn
2023100544,Hoàng Anh Hà,sv000544@uni.edu.vn
2024100545,Vũ Anh Hà,sv000545@uni.edu.vn
2019100546,Đặng Anh Hà,sv000546@uni.edu.vn
2020100547,Bùi Anh Hà,sv000547@uni.edu.vn
2021100548,Đỗ Anh Hà,sv000548@uni.edu.vn
2022100549,Hồ Anh Hà,sv000549@uni.edu.vn
2023100550,Nguyễn Tuấn Hà,sv000550@uni.edu.vn
2024100551,Trần Tuấn Hà,sv000551@uni.edu.vn
2019100552,Lê Tuấn Hà,sv000552@uni.edu.vn
2020100553,Phạm Tuấn Hà,sv000553@uni.edu.vn
2021100554,Hoàng Tuấn Hà,sv000554@uni.edu.vn
2022100555,Vũ Tuấn Hà,sv000555@uni.edu.vn
2023100556,Đặng Tuấn Hà,sv000556@uni.edu.vn
2024100557,Bùi Tuấn Hà,sv000557@uni.edu.vn
2019100558,Đỗ Tuấn Hà,sv000558@uni.edu.vn
2020100559,Hồ Tuấn Hà,sv000559@uni.edu.vn
2021100560,Nguyễn Hữu Hà,sv000560@uni.edu.vn
2022100561,Trần Hữu Hà,sv000561@uni.edu.vn
2023100562,Lê Hữu Hà,sv000562@uni.edu.vn
2024100563,Phạm Hữu Hà,sv000563@uni.edu.vn
2019100564,Hoàng Hữu Hà,sv000564@uni.edu.vn
2020100565,Vũ Hữu Hà,sv000565@uni.edu.vn
2021100566,Đặng Hữu Hà,sv000566@uni.edu.vn
2022100567,Bùi Hữu Hà,sv000567@uni.edu.vn
2023100568,Đỗ Hữu Hà,sv000568@uni.edu.vn
2024100569,Hồ Hữu Hà,sv000569@uni.edu.vn
2019100570,Nguyễn Thành Hà,sv000570@uni.edu.vn
2020100571,Trần Thành Hà,sv000571@uni.edu.vn
2021100572,Lê Thành Hà,sv000572@uni.edu.vn
2022100573,Phạm Thành Hà,sv000573@uni.edu.vn
2023100574,Hoàng Thành Hà,sv000574@uni.edu.vn
2024100575,Vũ Thành Hà,sv000575@uni.edu.vn
2019100576,Đặng Thành Hà,sv000576@uni.edu.vn
2020100577,Bùi Thành Hà,sv000577@uni.edu.vn
2021100578,Đỗ Thành Hà,sv000578@uni.edu.vn
2022100579,Hồ Thành Hà,sv000579@uni.edu.vn
2023100580,Nguyễn Ngọc Hà,sv000580@uni.edu.vn
2024100581,Trần Ngọc Hà,sv000581@uni.edu.vn
2019100582,Lê Ngọc Hà,sv000582@uni.edu.vn
2020100583,Phạm Ngọc Hà,sv000583@uni.edu.vn
2021100584,Hoàng Ngọc Hà,sv000584@uni.edu.vn
2022100585,Vũ Ngọc Hà,sv000585@uni.edu.vn
2023100586,Đặng Ngọc Hà,sv000586@uni.edu.vn
2024100587,Bùi Ngọc Hà,sv000587@uni.edu.vn
2019100588,Đỗ Ngọc Hà,sv000588@uni.edu.vn
2020100589,Hồ Ngọc Hà,sv000589@uni.edu.vn
2021100590,Nguyễn Hà,sv000590@uni.edu.vn
2022100591,Trần Hà,sv000591@uni.edu.vn
2023100592,Lê Hà,sv000592@uni.edu.vn
2024100593,Phạm Hà,sv000593@uni.edu.vn
2019100594,Hoàng Hà,sv000594@uni.edu.vn
2020100595,Vũ Hà,sv000595@uni.edu.vn
2021100596,Đặng Hà,sv000596@uni.edu.vn
2022100597,Bùi Hà,sv000597@uni.edu.vn
2023100598,Đỗ Hà,sv000598@uni.edu.vn
2024100599,Hồ Hà,sv000599@uni.edu.vn
2019100600,Nguyễn Thị Hùng,sv000600@uni.edu.vn
2020100601,Trần Thị Hùng,sv000601@uni.edu.vn
2021100602,Lê Thị Hùng,sv000602@uni.edu.vn
2022100603,Phạm Thị Hùng,sv000603@uni.edu.vn
2023100604,Hoàng Thị Hùng,sv000604@uni.edu.vn
2024100605,Vũ Thị Hùng,sv000605@uni.edu.vn
2019100606,Đặng Thị Hùng,sv000606@uni.edu.vn
2020100607,Bùi Thị Hùng,sv000607@uni.edu.vn
2021100608,Đỗ Thị Hùng,sv000608@uni.edu.vn
2022100609,Hồ Thị Hùng,sv000609@uni.edu.vn
2023100610,Nguyễn Văn Hùng,sv000610@uni.edu.vn
2024100611,Trần Văn Hùng,sv000611@uni.edu.vn
2019100612,Lê Văn Hùng,sv000612@uni.edu.vn
2020100613,Phạm Văn Hùng,sv000613@uni.edu.vn
2021100614,Hoàng Văn Hùng,sv000614@uni.edu.vn
2022100615,Vũ Văn Hùng,sv000615@uni.edu.vn
2023100616,Đặng Văn Hùng,sv000616@uni.edu.vn
2024100617,Bùi Văn Hùng,sv000617@uni.edu.vn
2019100618,Đỗ Văn Hùng,sv000618@uni.edu.vn
2020100619,Hồ Văn Hùng,sv000619@uni.edu.vn
2021100620,Nguyễn Minh Hùng,sv000620@uni.edu.vn
2022100621,Trần Minh Hùng,sv000621@uni.edu.vn
2023100622,Lê Minh Hùng,sv000622@uni.edu.vn
2024100623,Phạm Minh Hùng,sv000623@uni.edu.vn
2019100624,Hoàng Minh Hùng,sv000624@uni.edu.vn
2020100625,Vũ Minh Hùng,sv000625@uni.edu.vn
2021100626,Đặng Minh Hùng,sv000626@uni.edu.vn
2022100627,Bùi Minh Hùng,sv000627@uni.edu.vn
2023100628,Đỗ Minh Hùng,sv000628@uni.edu.vn
2024100629,Hồ Minh Hùng,sv000629@uni.edu.vn
2019100630,Nguyễn Quốc Hùng,sv000630@uni.edu.vn
2020100631,Trần Quốc Hùng,sv000631@uni.edu.vn
2021100632,Lê Quốc Hùng,sv000632@uni.edu.vn
2022100633,Phạm Quốc Hùng,sv000633@uni.edu.vn
2023100634,Hoàng Quốc Hùng,sv000634@uni.edu.vn
2024100635,Vũ Quốc Hùng,sv000635@uni.edu.vn
2019100636,Đặng Quốc Hùng,sv000636@uni.edu.vn
2020100637,Bùi Quốc Hùng,sv000637@uni.edu.vn
2021100638,Đỗ Quốc Hùng,sv000638@uni.edu.vn
2022100639,Hồ Quốc Hùng,sv000639@uni.edu.vn
2023100640,Nguyễn Anh Hùng,sv000640@uni.edu.vn
2024100641,Trần Anh Hùng,sv000641@uni.edu.vn
2019100642,Lê Anh Hùng,sv000642@uni.edu.vn
2020100643,Phạm Anh Hùng,sv000643@uni.edu.vn
2021100644,Hoàng Anh Hùng,sv000644@uni.edu.vn
2022100645,Vũ Anh Hùng,sv000645@uni.edu.vn
2023100646,Đặng Anh Hùng,sv000646@uni.edu.vn
2024100647,Bùi Anh Hùng,sv000647@uni.edu.vn
2019100648,Đỗ Anh Hùng,sv000648@uni.edu.vn
2020100649,Hồ Anh Hùng,sv000649@uni.edu.vn
2021100650,Nguyễn Tuấn Hùng,sv000650@uni.edu.vn
2022100651,Trần Tuấn Hùng,sv000651@uni.edu.vn
2023100652,Lê Tuấn Hùng,sv000652@uni.edu.vn
2024100653,Phạm Tuấn Hùng,sv000653@uni.edu.vn
2019100654,Hoàng Tuấn Hùng,sv000654@uni.edu.vn
2020100655,Vũ Tuấn Hùng,sv000655@uni.edu.vn
2021100656,Đặng Tuấn Hùng,sv000656@uni.edu.vn
2022100657,Bùi Tuấn Hùng,sv000657@uni.edu.vn
2023100658,Đỗ Tuấn Hùng,sv000658@uni.edu.vn
2024100659,Hồ Tuấn Hùng,sv000659@uni.edu.vn
2019100660,Nguyễn Hữu Hùng,sv000660@uni.edu.vn
2020100661,Trần Hữu Hùng,sv000661@uni.edu.vn
2021100662,Lê Hữu Hùng,sv000662@uni.edu.vn
2022100663,Phạm Hữu Hùng,sv000663@uni.edu.vn
2023100664,Hoàng Hữu Hùng,sv000664@uni.edu.vn
2024100665,Vũ Hữu Hùng,sv000665@uni.edu.vn
2019100666,Đặng Hữu Hùng,sv000666@uni.edu.vn
2020100667,Bùi Hữu Hùng,sv000667@uni.edu.vn
2021100668,Đỗ Hữu Hùng,sv000668@uni.edu.vn
2022100669,Hồ Hữu Hùng,sv000669@uni.edu.vn
2023100670,Nguyễn Thành Hùng,sv000670@uni.edu.vn
2024100671,Trần Thành Hùng,sv000671@uni.edu.vn
2019100672,Lê Thành Hùng,sv000672@uni.edu.vn
2020100673,Phạm Thành Hùng,sv000673@uni.edu.vn
2021100674,Hoàng Thành Hùng,sv000674@uni.edu.vn
2022100675,Vũ Thành Hùng,sv000675@uni.edu.vn
2023100676,Đặng Thành Hùng,sv000676@uni.edu.vn
2024100677,Bùi Thành Hùng,sv000677@uni.edu.vn
2019100678,Đỗ Thành Hùng,sv000678@uni.edu.vn
2020100679,Hồ Thành Hùng,sv000679@uni.edu.vn
2021100680,Nguyễn Ngọc Hùng,sv000680@uni.edu.vn
2022100681,Trần Ngọc Hùng,sv000681@uni.edu.vn
2023100682,Lê Ngọc Hùng,sv000682@uni.edu.vn
2024100683,Phạm Ngọc Hùng,sv000683@uni.edu.vn
2019100684,Hoàng Ngọc Hùng,sv000684@uni.edu.vn
2020100685,Vũ Ngọc Hùng,sv000685@uni.edu.vn
2021100686,Đặng Ngọc Hùng,sv000686@uni.edu.vn
2022100687,Bùi Ngọc Hùng,sv000687@uni.edu.vn
2023100688,Đỗ Ngọc Hùng,sv000688@uni.edu.vn
2024100689,Hồ Ngọc Hùng,sv000689@uni.edu.vn
2019100690,Nguyễn Hùng,sv000690@uni.edu.vn
2020100691,Trần Hùng,sv000691@uni.edu.vn
2021100692,Lê Hùng,sv000692@uni.edu.vn
2022100693,Phạm Hùng,sv000693@uni.edu.vn
2023100694,Hoàng Hùng,sv000694@uni.edu.vn
2024100695,Vũ Hùng,sv000695@uni.edu.vn
2019100696,Đặng Hùng,sv000696@uni.edu.vn
2020100697,Bùi Hùng,sv000697@uni.edu.vn
2021100698,Đỗ Hùng,sv000698@uni.edu.vn
2022100699,Hồ Hùng,sv000699@uni.edu.vn
2023100700,Nguyễn Thị Khoa,sv000700@uni.edu.vn
2024100701,Trần Thị Khoa,sv000701@uni.edu.vn
2019100702,Lê Thị Khoa,sv000702@uni.edu.vn
2020100703,Phạm Thị Khoa,sv000703@uni.edu.vn
2021100704,Hoàng Thị Khoa,sv000704@uni.edu.vn
2022100705,Vũ Thị Khoa,sv000705@uni.edu.vn
2023100706,Đặng Thị Khoa,sv000706@uni.edu.vn
2024100707,Bùi Thị Khoa,sv000707@uni.edu.vn
2019100708,Đỗ Thị Khoa,sv000708@uni.edu.vn
2020100709,Hồ Thị Khoa,sv000709@uni.edu.vn
2021100710,Nguyễn Văn Khoa,sv000710@uni.edu.vn
2022100711,Trần Văn Khoa,sv000711@uni.edu.vn
2023100712,Lê Văn Khoa,sv000712@uni.edu.vn
2024100713,Phạm Văn Khoa,sv000713@uni.edu.vn
2019100714,Hoàng Văn Khoa,sv000714@uni.edu.vn
2020100715,Vũ Văn Khoa,sv000715@uni.edu.vn
2021100716,Đặng Văn Khoa,sv000716@uni.edu.vn
2022100717,Bùi Văn Khoa,sv000717@uni.edu.vn
2023100718,Đỗ Văn Khoa,sv000718@uni.edu.vn
2024100719,Hồ Văn Khoa,sv000719@uni.edu.vn
2019100720,Nguyễn Minh Khoa,sv000720@uni.edu.vn
2020100721,Trần Minh Khoa,sv000721@uni.edu.vn
2021100722,Lê Minh Khoa,sv000722@uni.edu.vn
2022100723,Phạm Minh Khoa,sv000723@uni.edu.vn
2023100724,Hoàng Minh Khoa,sv000724@uni.edu.vn
2024100725,Vũ Minh Khoa,sv000725@uni.edu.vn
2019100726,Đặng Minh Khoa,sv000726@uni.edu.vn
2020100727,Bùi Minh Khoa,sv000727@uni.edu.vn
2021100728,Đỗ Minh Khoa,sv000728@uni.edu.vn
2022100729,Hồ Minh Khoa,sv000729@uni.edu.vn
2023100730,Nguyễn Quốc Khoa,sv000730@uni.edu.vn
2024100731,Trần Quốc Khoa,sv000731@uni.edu.vn
2019100732,Lê Quốc Khoa,sv000732@uni.edu.vn
2020100733,Phạm Quốc Khoa,sv000733@uni.edu.vn
2021100734,Hoàng Quốc Khoa,sv000734@uni.edu.vn
2022100735,Vũ Quốc Khoa,sv000735@uni.edu.vn
2023100736,Đặng Quốc Khoa,sv000736@uni.edu.vn
2024100737,Bùi Quốc Khoa,sv000737@uni.edu.vn
2019100738,Đỗ Quốc Khoa,sv000738@uni.edu.vn
2020100739,Hồ Quốc Khoa,sv000739@uni.edu.vn
2021100740,Nguyễn Anh Khoa,sv000740@uni.edu.vn
2022100741,Trần Anh Khoa,sv000741@uni.edu.vn
2023100742,Lê Anh Khoa,sv000742@uni.edu.vn
2024100743,Phạm Anh Khoa,sv000743@uni.edu.vn
2019100744,Hoàng Anh Khoa,sv000744@uni.edu.vn
2020100745,Vũ Anh Khoa,sv000745@uni.edu.vn
2021100746,Đặng Anh Khoa,sv000746@uni.edu.vn
2022100747,Bùi Anh Khoa,sv000747@uni.edu.vn
2023100748,Đỗ Anh Khoa,sv000748@uni.edu.vn
2024100749,Hồ Anh Khoa,sv000749@uni.edu.vn
2019100750,Nguyễn Tuấn Khoa,sv000750@uni.edu.vn
2020100751,Trần Tuấn Khoa,sv000751@uni.edu.vn
2021100752,Lê Tuấn Khoa,sv000752@uni.edu.vn
2022100753,Phạm Tuấn Khoa,sv000753@uni.edu.vn
2023100754,Hoàng Tuấn Khoa,sv000754@uni.edu.vn
2024100755,Vũ Tuấn Khoa,sv000755@uni.edu.vn
2019100756,Đặng Tuấn Khoa,sv000756@uni.edu.vn
2020100757,Bùi Tuấn Khoa,sv000757@uni.edu.vn
2021100758,Đỗ Tuấn Khoa,sv000758@uni.edu.vn
2022100759,Hồ Tuấn Khoa,sv000759@uni.edu.vn
2023100760,Nguyễn Hữu Khoa,sv000760@uni.edu.vn
2024100761,Trần Hữu Khoa,sv000761@uni.edu.vn
2019100762,Lê Hữu Khoa,sv000762@uni.edu.vn
2020100763,Phạm Hữu Khoa,sv000763@uni.edu.vn
2021100764,Hoàng Hữu Khoa,sv000764@uni.edu.vn
2022100765,Vũ Hữu Khoa,sv000765@uni.edu.vn
2023100766,Đặng Hữu Khoa,sv000766@uni.edu.vn
2024100767,Bùi Hữu Khoa,sv000767@uni.edu.vn
2019100768,Đỗ Hữu Khoa,sv000768@uni.edu.vn
2020100769,Hồ Hữu Khoa,sv000769@uni.edu.vn
2021100770,Nguyễn Thành Khoa,sv000770@uni.edu.vn
2022100771,Trần Thành Khoa,sv000771@uni.edu.vn
2023100772,Lê Thành Khoa,sv000772@uni.edu.vn
2024100773,Phạm Thành Khoa,sv000773@uni.edu.vn
2019100774,Hoàng Thành Khoa,sv000774@uni.edu.vn
2020100775,Vũ Thành Khoa,sv000775@uni.edu.vn
2021100776,Đặng Thành Khoa,sv000776@uni.edu.vn
2022100777,Bùi Thành Khoa,sv000777@uni.edu.vn
2023100778,Đỗ Thành Khoa,sv000778@uni.edu.vn
2024100779,Hồ Thành Khoa,sv000779@uni.edu.vn
2019100780,Nguyễn Ngọc Khoa,sv000780@uni.edu.vn
2020100781,Trần Ngọc Khoa,sv000781@uni.edu.vn
2021100782,Lê Ngọc Khoa,sv000782@uni.edu.vn
2022100783,Phạm Ngọc Khoa,sv000783@uni.edu.vn
2023100784,Hoàng Ngọc Khoa,sv000784@uni.edu.vn
2024100785,Vũ Ngọc Khoa,sv000785@uni.edu.vn
2019100786,Đặng Ngọc Khoa,sv000786@uni.edu.vn
2020100787,Bùi Ngọc Khoa,sv000787@uni.edu.vn
2021100788,Đỗ Ngọc Khoa,sv000788@uni.edu.vn
2022100789,Hồ Ngọc Khoa,sv000789@uni.edu.vn
2023100790,Nguyễn Khoa,sv000790@uni.edu.vn
2024100791,Trần Khoa,sv000791@uni.edu.vn
2019100792,Lê Khoa,sv000792@uni.edu.vn
2020100793,Phạm Khoa,sv000793@uni.edu.vn
2021100794,Hoàng Khoa,sv000794@uni.edu.vn
2022100795,Vũ Khoa,sv000795@uni.edu.vn
2023100796,Đặng Khoa,sv000796@uni.edu.vn
2024100797,Bùi Khoa,sv000797@uni.edu.vn
2019100798,Đỗ Khoa,sv000798@uni.edu.vn
2020100799,Hồ Khoa,sv000799@uni.edu.vn
2021100800,Nguyễn Thị Lan,sv000800@uni.edu.vn
2022100801,Trần Thị Lan,sv000801@uni.edu.vn
2023100802,Lê Thị Lan,sv000802@uni.edu.vn
2024100803,Phạm Thị Lan,sv000803@uni.edu.vn
2019100804,Hoàng Thị Lan,sv000804@uni.edu.vn
2020100805,Vũ Thị Lan,sv000805@uni.edu.vn
2021100806,Đặng Thị Lan,sv000806@uni.edu.vn
2022100807,Bùi Thị Lan,sv000807@uni.edu.vn
2023100808,Đỗ Thị Lan,sv000808@uni.edu.vn
2024100809,Hồ Thị Lan,sv000809@uni.edu.vn
2019100810,Nguyễn Văn Lan,sv000810@uni.edu.vn
2020100811,Trần Văn Lan,sv000811@uni.edu.vn
2021100812,Lê Văn Lan,sv000812@uni.edu.vn
2022100813,Phạm Văn Lan,sv000813@uni.edu.vn
2023100814,Hoàng Văn Lan,sv000814@uni.edu.vn
2024100815,Vũ Văn Lan,sv000815@uni.edu.vn
2019100816,Đặng Văn Lan,sv000816@uni.edu.vn
2020100817,Bùi Văn Lan,sv000817@uni.edu.vn
2021100818,Đỗ Văn Lan,sv000818@uni.edu.vn
2022100819,Hồ Văn Lan,sv000819@uni.edu.vn
2023100820,Nguyễn Minh Lan,sv000820@uni.edu.vn
2024100821,Trần Minh Lan,sv000821@uni.edu.vn
2019100822,Lê Minh Lan,sv000822@uni.edu.vn
2020100823,Phạm Minh Lan,sv000823@uni.edu.vn
2021100824,Hoàng Minh Lan,sv000824@uni.edu.vn
2022100825,Vũ Minh Lan,sv000825@uni.edu.vn
2023100826,Đặng Minh Lan,sv000826@uni.edu.vn
2024100827,Bùi Minh Lan,sv000827@uni.edu.vn
2019100828,Đỗ Minh Lan,sv000828@uni.edu.vn
2020100829,Hồ Minh Lan,sv000829@uni.edu.vn
2021100830,Nguyễn Quốc Lan,sv000830@uni.edu.vn
2022100831,Trần Quốc Lan,sv000831@uni.edu.vn
2023100832,Lê Quốc Lan,sv000832@uni.edu.vn
2024100833,Phạm Quốc Lan,sv000833@uni.edu.vn
2019100834,Hoàng Quốc Lan,sv000834@uni.edu.vn
2020100835,Vũ Quốc Lan,sv000835@uni.edu.vn
2021100836,Đặng Quốc Lan,sv000836@uni.edu.vn
2022100837,Bùi Quốc Lan,sv000837@uni.edu.vn
2023100838,Đỗ Quốc Lan,sv000838@uni.edu.vn
2024100839,Hồ Quốc Lan,sv000839@uni.edu.vn
2019100840,Nguyễn Anh Lan,sv000840@uni.edu.vn
2020100841,Trần Anh Lan,sv000841@uni.edu.vn
2021100842,Lê Anh Lan,sv000842@uni.edu.vn
2022100843,Phạm Anh Lan,sv000843@uni.edu.vn
2023100844,Hoàng Anh Lan,sv000844@uni.edu.vn
2024100845,Vũ Anh Lan,sv000845@uni.edu.vn
2019100846,Đặng Anh Lan,sv000846@uni.edu.vn
2020100847,Bùi Anh Lan,sv000847@uni.edu.vn
2021100848,Đỗ Anh Lan,sv000848@uni.edu.vn
2022100849,Hồ Anh Lan,sv000849@uni.edu.vn
2023100850,Nguyễn Tuấn Lan,sv000850@uni.edu.vn
2024100851,Trần Tuấn Lan,sv000851@uni.edu.vn
2019100852,Lê Tuấn Lan,sv000852@uni.edu.vn
2020100853,Phạm Tuấn Lan,sv000853@uni.edu.vn
2021100854,Hoàng Tuấn Lan,sv000854@uni.edu.vn
2022100855,Vũ Tuấn Lan,sv000855@uni.edu.vn
2023100856,Đặng Tuấn Lan,sv000856@uni.edu.vn
2024100857,Bùi Tuấn Lan,sv000857@uni.edu.vn
2019100858,Đỗ Tuấn Lan,sv000858@uni.edu.vn
2020100859,Hồ Tuấn Lan,sv000859@uni.edu.vn
2021100860,Nguyễn Hữu Lan,sv000860@uni.edu.vn
2022100861,Trần Hữu Lan,sv000861@uni.edu.vn
2023100862,Lê Hữu Lan,sv000862@uni.edu.vn
2024100863,Phạm Hữu Lan,sv000863@uni.edu.vn
2019100864,Hoàng Hữu Lan,sv000864@uni.edu.vn
2020100865,Vũ Hữu Lan,sv000865@uni.edu.vn
2021100866,Đặng Hữu Lan,sv000866@uni.edu.vn
2022100867,Bùi Hữu Lan,sv000867@uni.edu.vn
2023100868,Đỗ Hữu Lan,sv000868@uni.edu.vn
2024100869,Hồ Hữu Lan,sv000869@uni.edu.vn
2019100870,Nguyễn Thành Lan,sv000870@uni.edu.vn
2020100871,Trần Thành Lan,sv000871@uni.edu.vn
2021100872,Lê Thành Lan,sv000872@uni.edu.vn
2022100873,Phạm Thành Lan,sv000873@uni.edu.vn
2023100874,Hoàng Thành Lan,sv000874@uni.edu.vn
2024100875,Vũ Thành Lan,sv000875@uni.edu.vn
2019100876,Đặng Thành Lan,sv000876@uni.edu.vn
2020100877,Bùi Thành Lan,sv000877@uni.edu.vn
2021100878,Đỗ Thành Lan,sv000878@uni.edu.vn
2022100879,Hồ Thành Lan,sv000879@uni.edu.vn
2023100880,Nguyễn Ngọc Lan,sv000880@uni.edu.vn
2024100881,Trần Ngọc Lan,sv000881@uni.edu.vn
2019100882,Lê Ngọc Lan,sv000882@uni.edu.vn
2020100883,Phạm Ngọc Lan,sv000883@uni.edu.vn
2021100884,Hoàng Ngọc Lan,sv000884@uni.edu.vn
2022100885,Vũ Ngọc Lan,sv000885@uni.edu.vn
2023100886,Đặng Ngọc Lan,sv000886@uni.edu.vn
2024100887,Bùi Ngọc Lan,sv000887@uni.edu.vn
2019100888,Đỗ Ngọc Lan,sv000888@uni.edu.vn
2020100889,Hồ Ngọc Lan,sv000889@uni.edu.vn
2021100890,Nguyễn Lan,sv000890@uni.edu.vn
2022100891,Trần Lan,sv000891@uni.edu.vn
2023100892,Lê Lan,sv000892@uni.edu.vn
2024100893,Phạm Lan,sv000893@uni.edu.vn
2019100894,Hoàng Lan,sv000894@uni.edu.vn
2020100895,Vũ Lan,sv000895@uni.edu.vn
2021100896,Đặng Lan,sv000896@uni.edu.vn
2022100897,Bùi Lan,sv000897@uni.edu.vn
2023100898,Đỗ Lan,sv000898@uni.edu.vn
2024100899,Hồ Lan,sv000899@uni.edu.vn
2019100900,Nguyễn Thị Linh,sv000900@uni.edu.vn
2020100901,Trần Thị Linh,sv000901@uni.edu.vn
2021100902,Lê Thị Linh,sv000902@uni.edu.vn
2022100903,Phạm Thị Linh,sv000903@uni.edu.vn
2023100904,Hoàng Thị Linh,sv000904@uni.edu.vn
2024100905,Vũ Thị Linh,sv000905@uni.edu.vn
2019100906,Đặng Thị Linh,sv000906@uni.edu.vn
2020100907,Bùi Thị Linh,sv000907@uni.edu.vn
2021100908,Đỗ Thị Linh,sv000908@uni.edu.vn
2022100909,Hồ Thị Linh,sv000909@uni.edu.vn
2023100910,Nguyễn Văn Linh,sv000910@uni.edu.vn
2024100911,Trần Văn Linh,sv000911@uni.edu.vn
2019100912,Lê Văn Linh,sv000912@uni.edu.vn
2020100913,Phạm Văn Linh,sv000913@uni.edu.vn
2021100914,Hoàng Văn Linh,sv000914@uni.edu.vn
2022100915,Vũ Văn Linh,sv000915@uni.edu.vn
2023100916,Đặng Văn Linh,sv000916@uni.edu.vn
2024100917,Bùi Văn Linh,sv000917@uni.edu.vn
2019100918,Đỗ Văn Linh,sv000918@uni.edu.vn
2020100919,Hồ Văn Linh,sv000919@uni.edu.vn
2021100920,Nguyễn Minh Linh,sv000920@uni.edu.vn
2022100921,Trần Minh Linh,sv000921@uni.edu.vn
2023100922,Lê Minh Linh,sv000922@uni.edu.vn
2024100923,Phạm Minh Linh,sv000923@uni.edu.vn
2019100924,Hoàng Minh Linh,sv000924@uni.edu.vn
2020100925,Vũ Minh Linh,sv000925@uni.edu.vn
2021100926,Đặng Minh Linh,sv000926@uni.edu.vn
2022100927,Bùi Minh Linh,sv000927@uni.edu.vn
2023100928,Đỗ Minh Linh,sv000928@uni.edu.vn
2024100929,Hồ Minh Linh,sv000929@uni.edu.vn
2019100930,Nguyễn Quốc Linh,sv000930@uni.edu.vn
2020100931,Trần Quốc Linh,sv000931@uni.edu.vn
2021100932,Lê Quốc Linh,sv000932@uni.edu.vn
2022100933,Phạm Quốc Linh,sv000933@uni.edu.vn
2023100934,Hoàng Quốc Linh,sv000934@uni.edu.vn
2024100935,Vũ Quốc Linh,sv000935@uni.edu.vn
2019100936,Đặng Quốc Linh,sv000936@uni.edu.vn
2020100937,Bùi Quốc Linh,sv000937@uni.edu.vn
2021100938,Đỗ Quốc Linh,sv000938@uni.edu.vn
2022100939,Hồ Quốc Linh,sv000939@uni.edu.vn
2023100940,Nguyễn Anh Linh,sv000940@uni.edu.vn
2024100941,Trần Anh Linh,sv000941@uni.edu.vn
2019100942,Lê Anh Linh,sv000942@uni.edu.vn
2020100943,Phạm Anh Linh,sv000943@uni.edu.vn
2021100944,Hoàng Anh Linh,sv000944@uni.edu.vn
2022100945,Vũ Anh Linh,sv000945@uni.edu.vn
2023100946,Đặng Anh Linh,sv000946@uni.edu.vn
2024100947,Bùi Anh Linh,sv000947@uni.edu.vn
2019100948,Đỗ Anh Linh,sv000948@uni.edu.vn
2020100949,Hồ Anh Linh,sv000949@uni.edu.vn
2021100950,Nguyễn Tuấn Linh,sv000950@uni.edu.vn
2022100951,Trần Tuấn Linh,sv000951@uni.edu.vn
2023100952,Lê Tuấn Linh,sv000952@uni.edu.vn
2024100953,Phạm Tuấn Linh,sv000953@uni.edu.vn
2019100954,Hoàng Tuấn Linh,sv000954@uni.edu.vn
2020100955,Vũ Tuấn Linh,sv000955@uni.edu.vn
2021100956,Đặng Tuấn Linh,sv000956@uni.edu.vn
2022100957,Bùi Tuấn Linh,sv000957@uni.edu.vn
2023100958,Đỗ Tuấn Linh,sv000958@uni.edu.vn
2024100959,Hồ Tuấn Linh,sv000959@uni.edu.vn
2019100960,Nguyễn Hữu Linh,sv000960@uni.edu.vn
2020100961,Trần Hữu Linh,sv000961@uni.edu.vn
2021100962,Lê Hữu Linh,sv000962@uni.edu.vn
2022100963,Phạm Hữu Linh,sv000963@uni.edu.vn
2023100964,Hoàng Hữu Linh,sv000964@uni.edu.vn
2024100965,Vũ Hữu Linh,sv000965@uni.edu.vn
2019100966,Đặng Hữu Linh,sv000966@uni.edu.vn
2020100967,Bùi Hữu Linh,sv000967@uni.edu.vn
2021100968,Đỗ Hữu Linh,sv000968@uni.edu.vn
2022100969,Hồ Hữu Linh,sv000969@uni.edu.vn
2023100970,Nguyễn Thành Linh,sv000970@uni.edu.vn
2024100971,Trần Thành Linh,sv000971@uni.edu.vn
2019100972,Lê Thành Linh,sv000972@uni.edu.vn
2020100973,Phạm Thành Linh,sv000973@uni.edu.vn
2021100974,Hoàng Thành Linh,sv000974@uni.edu.vn
2022100975,Vũ Thành Linh,sv000975@uni.edu.vn
2023100976,Đặng Thành Linh,sv000976@uni.edu.vn
2024100977,Bùi Thành Linh,sv000977@uni.edu.vn
2019100978,Đỗ Thành Linh,sv000978@uni.edu.vn
2020100979,Hồ Thành Linh,sv000979@uni.edu.vn
2021100980,Nguyễn Ngọc Linh,sv000980@uni.edu.vn
2022100981,Trần Ngọc Linh,sv000981@uni.edu.vn
2023100982,Lê Ngọc Linh,sv000982@uni.edu.vn
2024100983,Phạm Ngọc Linh,sv000983@uni.edu.vn
2019100984,Hoàng Ngọc Linh,sv000984@uni.edu.vn
2020100985,Vũ Ngọc Linh,sv000985@uni.edu.vn
2021100986,Đặng Ngọc Linh,sv000986@uni.edu.vn
2022100987,Bùi Ngọc Linh,sv000987@uni.edu.vn
2023100988,Đỗ Ngọc Linh,sv000988@uni.edu.vn
2024100989,Hồ Ngọc Linh,sv000989@uni.edu.vn
2019100990,Nguyễn Linh,sv000990@uni.edu.vn
2020100991,Trần Linh,sv000991@uni.edu.vn
2021100992,Lê Linh,sv000992@uni.edu.vn
2022100993,Phạm Linh,sv000993@uni.edu.vn
2023100994,Hoàng Linh,sv000994@uni.edu.vn
2024100995,Vũ Linh,sv000995@uni.edu.vn
2019100996,Đặng Linh,sv000996@uni.edu.vn
2020100997,Bùi Linh,sv000997@uni.edu.vn
2021100998,Đỗ Linh,sv000998@uni.edu.vn
2022100999,Hồ Linh,sv000999@uni.edu.vn
2023101000,Nguyễn Thị Mai,INVALID_EMAIL_FORMAT
2024101001,Trần Thị Mai,sv001001@uni.edu.vn
2019101002,Lê Thị Mai,sv001002@uni.edu.vn
2020101003,Phạm Thị Mai,sv001003@uni.edu.vn
2021101004,Hoàng Thị Mai,sv001004@uni.edu.vn
2022101005,Vũ Thị Mai,sv001005@uni.edu.vn
2023101006,Đặng Thị Mai,sv001006@uni.edu.vn
2024101007,Bùi Thị Mai,sv001007@uni.edu.vn
2019101008,Đỗ Thị Mai,sv001008@uni.edu.vn
2020101009,Hồ Thị Mai,sv001009@uni.edu.vn
2021101010,Nguyễn Văn Mai,sv001010@uni.edu.vn
2022101011,Trần Văn Mai,sv001011@uni.edu.vn
2023101012,Lê Văn Mai,sv001012@uni.edu.vn
2024101013,Phạm Văn Mai,sv001013@uni.edu.vn
2019101014,Hoàng Văn Mai,sv001014@uni.edu.vn
2020101015,Vũ Văn Mai,sv001015@uni.edu.vn
2021101016,Đặng Văn Mai,sv001016@uni.edu.vn
2022101017,Bùi Văn Mai,sv001017@uni.edu.vn
2023101018,Đỗ Văn Mai,sv001018@uni.edu.vn
2024101019,Hồ Văn Mai,sv001019@uni.edu.vn
2019101020,Nguyễn Minh Mai,sv001020@uni.edu.vn
2020101021,Trần Minh Mai,sv001021@uni.edu.vn
2021101022,Lê Minh Mai,sv001022@uni.edu.vn
2022101023,Phạm Minh Mai,sv001023@uni.edu.vn
2023101024,Hoàng Minh Mai,sv001024@uni.edu.vn
2024101025,Vũ Minh Mai,sv001025@uni.edu.vn
2019101026,Đặng Minh Mai,sv001026@uni.edu.vn
2020101027,Bùi Minh Mai,sv001027@uni.edu.vn
2021101028,Đỗ Minh Mai,sv001028@uni.edu.vn
2022101029,Hồ Minh Mai,sv001029@uni.edu.vn
2023101030,Nguyễn Quốc Mai,sv001030@uni.edu.vn
2024101031,Trần Quốc Mai,sv001031@uni.edu.vn
2019101032,Lê Quốc Mai,sv001032@uni.edu.vn
2020101033,Phạm Quốc Mai,sv001033@uni.edu.vn
2021101034,Hoàng Quốc Mai,sv001034@uni.edu.vn
2022101035,Vũ Quốc Mai,sv001035@uni.edu.vn
2023101036,Đặng Quốc Mai,sv001036@uni.edu.vn
2024101037,Bùi Quốc Mai,sv001037@uni.edu.vn
2019101038,Đỗ Quốc Mai,sv001038@uni.edu.vn
2020101039,Hồ Quốc Mai,sv001039@uni.edu.vn
2021101040,Nguyễn Anh Mai,sv001040@uni.edu.vn
2022101041,Trần Anh Mai,sv001041@uni.edu.vn
2023101042,Lê Anh Mai,sv001042@uni.edu.vn
2024101043,Phạm Anh Mai,sv001043@uni.edu.vn
2019101044,Hoàng Anh Mai,sv001044@uni.edu.vn
2020101045,Vũ Anh Mai,sv001045@uni.edu.vn
2021101046,Đặng Anh Mai,sv001046@uni.edu.vn
2022101047,Bùi Anh Mai,sv001047@uni.edu.vn
2023101048,Đỗ Anh Mai,sv001048@uni.edu.vn
2024101049,Hồ Anh Mai,sv001049@uni.edu.vn
2019101050,Nguyễn Tuấn Mai,sv001050@uni.edu.vn
2020101051,Trần Tuấn Mai,sv001051@uni.edu.vn
2021101052,Lê Tuấn Mai,sv001052@uni.edu.vn
2022101053,Phạm Tuấn Mai,sv001053@uni.edu.vn
2023101054,Hoàng Tuấn Mai,sv001054@uni.edu.vn
2024101055,Vũ Tuấn Mai,sv001055@uni.edu.vn
2019101056,Đặng Tuấn Mai,sv001056@uni.edu.vn
2020101057,Bùi Tuấn Mai,sv001057@uni.edu.vn
2021101058,Đỗ Tuấn Mai,sv001058@uni.edu.vn
2022101059,Hồ Tuấn Mai,sv001059@uni.edu.vn
2023101060,Nguyễn Hữu Mai,sv001060@uni.edu.vn
2024101061,Trần Hữu Mai,sv001061@uni.edu.vn
2019101062,Lê Hữu Mai,sv001062@uni.edu.vn
2020101063,Phạm Hữu Mai,sv001063@uni.edu.vn
2021101064,Hoàng Hữu Mai,sv001064@uni.edu.vn
2022101065,Vũ Hữu Mai,sv001065@uni.edu.vn
2023101066,Đặng Hữu Mai,sv001066@uni.edu.vn
2024101067,Bùi Hữu Mai,sv001067@uni.edu.vn
2019101068,Đỗ Hữu Mai,sv001068@uni.edu.vn
2020101069,Hồ Hữu Mai,sv001069@uni.edu.vn
2021101070,Nguyễn Thành Mai,sv001070@uni.edu.vn
2022101071,Trần Thành Mai,sv001071@uni.edu.vn
2023101072,Lê Thành Mai,sv001072@uni.edu.vn
2024101073,Phạm Thành Mai,sv001073@uni.edu.vn
2019101074,Hoàng Thành Mai,sv001074@uni.edu.vn
2020101075,Vũ Thành Mai,sv001075@uni.edu.vn
2021101076,Đặng Thành Mai,sv001076@uni.edu.vn
2022101077,Bùi Thành Mai,sv001077@uni.edu.vn
2023101078,Đỗ Thành Mai,sv001078@uni.edu.vn
2024101079,Hồ Thành Mai,sv001079@uni.edu.vn
2019101080,Nguyễn Ngọc Mai,sv001080@uni.edu.vn
2020101081,Trần Ngọc Mai,sv001081@uni.edu.vn
2021101082,Lê Ngọc Mai,sv001082@uni.edu.vn
2022101083,Phạm Ngọc Mai,sv001083@uni.edu.vn
2023101084,Hoàng Ngọc Mai,sv001084@uni.edu.vn
2024101085,Vũ Ngọc Mai,sv001085@uni.edu.vn
2019101086,Đặng Ngọc Mai,sv001086@uni.edu.vn
2020101087,Bùi Ngọc Mai,sv001087@uni.edu.vn
2021101088,Đỗ Ngọc Mai,sv001088@uni.edu.vn
2022101089,Hồ Ngọc Mai,sv001089@uni.edu.vn
2023101090,Nguyễn Mai,sv001090@uni.edu.vn
2024101091,Trần Mai,sv001091@uni.edu.vn
2019101092,Lê Mai,sv001092@uni.edu.vn
2020101093,Phạm Mai,sv001093@uni.edu.vn
2021101094,Hoàng Mai,sv001094@uni.edu.vn
2022101095,Vũ Mai,sv001095@uni.edu.vn
2023101096,Đặng Mai,sv001096@uni.edu.vn
2024101097,Bùi Mai,sv001097@uni.edu.vn
2019101098,Đỗ Mai,sv001098@uni.edu.vn
2020101099,Hồ Mai,sv001099@uni.edu.vn
2021101100,Nguyễn Thị Nam,sv001100@uni.edu.vn
2022101101,Trần Thị Nam,sv001101@uni.edu.vn
2023101102,Lê Thị Nam,sv001102@uni.edu.vn
2024101103,Phạm Thị Nam,sv001103@uni.edu.vn
2019101104,Hoàng Thị Nam,sv001104@uni.edu.vn
2020101105,Vũ Thị Nam,sv001105@uni.edu.vn
2021101106,Đặng Thị Nam,sv001106@uni.edu.vn
2022101107,Bùi Thị Nam,sv001107@uni.edu.vn
2023101108,Đỗ Thị Nam,sv001108@uni.edu.vn
2024101109,Hồ Thị Nam,sv001109@uni.edu.vn
2019101110,Nguyễn Văn Nam,sv001110@uni.edu.vn
2020101111,Trần Văn Nam,sv001111@uni.edu.vn
2021101112,Lê Văn Nam,sv001112@uni.edu.vn
2022101113,Phạm Văn Nam,sv001113@uni.edu.vn
2023101114,Hoàng Văn Nam,sv001114@uni.edu.vn
2024101115,Vũ Văn Nam,sv001115@uni.edu.vn
2019101116,Đặng Văn Nam,sv001116@uni.edu.vn
2020101117,Bùi Văn Nam,sv001117@uni.edu.vn
2021101118,Đỗ Văn Nam,sv001118@uni.edu.vn
2022101119,Hồ Văn Nam,sv001119@uni.edu.vn
2023101120,Nguyễn Minh Nam,sv001120@uni.edu.vn
2024101121,Trần Minh Nam,sv001121@uni.edu.vn
2019101122,Lê Minh Nam,sv001122@uni.edu.vn
2020101123,Phạm Minh Nam,sv001123@uni.edu.vn
2021101124,Hoàng Minh Nam,sv001124@uni.edu.vn
2022101125,Vũ Minh Nam,sv001125@uni.edu.vn
2023101126,Đặng Minh Nam,sv001126@uni.edu.vn
2024101127,Bùi Minh Nam,sv001127@uni.edu.vn
2019101128,Đỗ Minh Nam,sv001128@uni.edu.vn
2020101129,Hồ Minh Nam,sv001129@uni.edu.vn
2021101130,Nguyễn Quốc Nam,sv001130@uni.edu.vn
2022101131,Trần Quốc Nam,sv001131@uni.edu.vn
2023101132,Lê Quốc Nam,sv001132@uni.edu.vn
2024101133,Phạm Quốc Nam,sv001133@uni.edu.vn
2019101134,Hoàng Quốc Nam,sv001134@uni.edu.vn
2020101135,Vũ Quốc Nam,sv001135@uni.edu.vn
2021101136,Đặng Quốc Nam,sv001136@uni.edu.vn
2022101137,Bùi Quốc Nam,sv001137@uni.edu.vn
2023101138,Đỗ Quốc Nam,sv001138@uni.edu.vn
2024101139,Hồ Quốc Nam,sv001139@uni.edu.vn
2019101140,Nguyễn Anh Nam,sv001140@uni.edu.vn
2020101141,Trần Anh Nam,sv001141@uni.edu.vn
2021101142,Lê Anh Nam,sv001142@uni.edu.vn
2022101143,Phạm Anh Nam,sv001143@uni.edu.vn
2023101144,Hoàng Anh Nam,sv001144@uni.edu.vn
2024101145,Vũ Anh Nam,sv001145@uni.edu.vn
2019101146,Đặng Anh Nam,sv001146@uni.edu.vn
2020101147,Bùi Anh Nam,sv001147@uni.edu.vn
2021101148,Đỗ Anh Nam,sv001148@uni.edu.vn
2022101149,Hồ Anh Nam,sv001149@uni.edu.vn
2023101150,Nguyễn Tuấn Nam,sv001150@uni.edu.vn
2024101151,Trần Tuấn Nam,sv001151@uni.edu.vn
2019101152,Lê Tuấn Nam,sv001152@uni.edu.vn
2020101153,Phạm Tuấn Nam,sv001153@uni.edu.vn
2021101154,Hoàng Tuấn Nam,sv001154@uni.edu.vn
2022101155,Vũ Tuấn Nam,sv001155@uni.edu.vn
2023101156,Đặng Tuấn Nam,sv001156@uni.edu.vn
2024101157,Bùi Tuấn Nam,sv001157@uni.edu.vn
2019101158,Đỗ Tuấn Nam,sv001158@uni.edu.vn
2020101159,Hồ Tuấn Nam,sv001159@uni.edu.vn
2021101160,Nguyễn Hữu Nam,sv001160@uni.edu.vn
2022101161,Trần Hữu Nam,sv001161@uni.edu.vn
2023101162,Lê Hữu Nam,sv001162@uni.edu.vn
2024101163,Phạm Hữu Nam,sv001163@uni.edu.vn
2019101164,Hoàng Hữu Nam,sv001164@uni.edu.vn
2020101165,Vũ Hữu Nam,sv001165@uni.edu.vn
2021101166,Đặng Hữu Nam,sv001166@uni.edu.vn
2022101167,Bùi Hữu Nam,sv001167@uni.edu.vn
2023101168,Đỗ Hữu Nam,sv001168@uni.edu.vn
2024101169,Hồ Hữu Nam,sv001169@uni.edu.vn
2019101170,Nguyễn Thành Nam,sv001170@uni.edu.vn
2020101171,Trần Thành Nam,sv001171@uni.edu.vn
2021101172,Lê Thành Nam,sv001172@uni.edu.vn
2022101173,Phạm Thành Nam,sv001173@uni.edu.vn
2023101174,Hoàng Thành Nam,sv001174@uni.edu.vn
2024101175,Vũ Thành Nam,sv001175@uni.edu.vn
2019101176,Đặng Thành Nam,sv001176@uni.edu.vn
2020101177,Bùi Thành Nam,sv001177@uni.edu.vn
2021101178,Đỗ Thành Nam,sv001178@uni.edu.vn
2022101179,Hồ Thành Nam,sv001179@uni.edu.vn
2023101180,Nguyễn Ngọc Nam,sv001180@uni.edu.vn
2024101181,Trần Ngọc Nam,sv001181@uni.edu.vn
2019101182,Lê Ngọc Nam,sv001182@uni.edu.vn
2020101183,Phạm Ngọc Nam,sv001183@uni.edu.vn
2021101184,Hoàng Ngọc Nam,sv001184@uni.edu.vn
2022101185,Vũ Ngọc Nam,sv001185@uni.edu.vn
2023101186,Đặng Ngọc Nam,sv001186@uni.edu.vn
2024101187,Bùi Ngọc Nam,sv001187@uni.edu.vn
2019101188,Đỗ Ngọc Nam,sv001188@uni.edu.vn
2020101189,Hồ Ngọc Nam,sv001189@uni.edu.vn
2021101190,Nguyễn Nam,sv001190@uni.edu.vn
2022101191,Trần Nam,sv001191@uni.edu.vn
2023101192,Lê Nam,sv001192@uni.edu.vn
2024101193,Phạm Nam,sv001193@uni.edu.vn
2019101194,Hoàng Nam,sv001194@uni.edu.vn
2020101195,Vũ Nam,sv001195@uni.edu.vn
2021101196,Đặng Nam,sv001196@uni.edu.vn
2022101197,Bùi Nam,sv001197@uni.edu.vn
2023101198,Đỗ Nam,sv001198@uni.edu.vn
2024101199,Hồ Nam,sv001199@uni.edu.vn
2019101200,Nguyễn Thị Phong,sv001200@uni.edu.vn
2020101201,Trần Thị Phong,sv001201@uni.edu.vn
2021101202,Lê Thị Phong,sv001202@uni.edu.vn
2022101203,Phạm Thị Phong,sv001203@uni.edu.vn
2023101204,Hoàng Thị Phong,sv001204@uni.edu.vn
2024101205,Vũ Thị Phong,sv001205@uni.edu.vn
2019101206,Đặng Thị Phong,sv001206@uni.edu.vn
2020101207,Bùi Thị Phong,sv001207@uni.edu.vn
2021101208,Đỗ Thị Phong,sv001208@uni.edu.vn
2022101209,Hồ Thị Phong,sv001209@uni.edu.vn
2023101210,Nguyễn Văn Phong,sv001210@uni.edu.vn
2024101211,Trần Văn Phong,sv001211@uni.edu.vn
2019101212,Lê Văn Phong,sv001212@uni.edu.vn
2020101213,Phạm Văn Phong,sv001213@uni.edu.vn
2021101214,Hoàng Văn Phong,sv001214@uni.edu.vn
2022101215,Vũ Văn Phong,sv001215@uni.edu.vn
2023101216,Đặng Văn Phong,sv001216@uni.edu.vn
2024101217,Bùi Văn Phong,sv001217@uni.edu.vn
2019101218,Đỗ Văn Phong,sv001218@uni.edu.vn
2020101219,Hồ Văn Phong,sv001219@uni.edu.vn
2021101220,Nguyễn Minh Phong,sv001220@uni.edu.vn
2022101221,Trần Minh Phong,sv001221@uni.edu.vn
2023101222,Lê Minh Phong,sv001222@uni.edu.vn
2024101223,Phạm Minh Phong,sv001223@uni.edu.vn
2019101224,Hoàng Minh Phong,sv001224@uni.edu.vn
2020101225,Vũ Minh Phong,sv001225@uni.edu.vn
2021101226,Đặng Minh Phong,sv001226@uni.edu.vn
2022101227,Bùi Minh Phong,sv001227@uni.edu.vn
2023101228,Đỗ Minh Phong,sv001228@uni.edu.vn
2024101229,Hồ Minh Phong,sv001229@uni.edu.vn
2019101230,Nguyễn Quốc Phong,sv001230@uni.edu.vn
2020101231,Trần Quốc Phong,sv001231@uni.edu.vn
2021101232,Lê Quốc Phong,sv001232@uni.edu.vn
2022101233,Phạm Quốc Phong,sv001233@uni.edu.vn
2023101234,Hoàng Quốc Phong,sv001234@uni.edu.vn
2024101235,Vũ Quốc Phong,sv001235@uni.edu.vn
2019101236,Đặng Quốc Phong,sv001236@uni.edu.vn
2020101237,Bùi Quốc Phong,sv001237@uni.edu.vn
2021101238,Đỗ Quốc Phong,sv001238@uni.edu.vn
2022101239,Hồ Quốc Phong,sv001239@uni.edu.vn
2023101240,Nguyễn Anh Phong,sv001240@uni.edu.vn
2024101241,Trần Anh Phong,sv001241@uni.edu.vn
2019101242,Lê Anh Phong,sv001242@uni.edu.vn
2020101243,Phạm Anh Phong,sv001243@uni.edu.vn
2021101244,Hoàng Anh Phong,sv001244@uni.edu.vn
2022101245,Vũ Anh Phong,sv001245@uni.edu.vn
2023101246,Đặng Anh Phong,sv001246@uni.edu.vn
2024101247,Bùi Anh Phong,sv001247@uni.edu.vn
2019101248,Đỗ Anh Phong,sv001248@uni.edu.vn
2020101249,Hồ Anh Phong,sv001249@uni.edu.vn
2021101250,Nguyễn Tuấn Phong,sv001250@uni.edu.vn
2022101251,Trần Tuấn Phong,sv001251@uni.edu.vn
2023101252,Lê Tuấn Phong,sv001252@uni.edu.vn
2024101253,Phạm Tuấn Phong,sv001253@uni.edu.vn
2019101254,Hoàng Tuấn Phong,sv001254@uni.edu.vn
2020101255,Vũ Tuấn Phong,sv001255@uni.edu.vn
2021101256,Đặng Tuấn Phong,sv001256@uni.edu.vn
2022101257,Bùi Tuấn Phong,sv001257@uni.edu.vn
2023101258,Đỗ Tuấn Phong,sv001258@uni.edu.vn
2024101259,Hồ Tuấn Phong,sv001259@uni.edu.vn
2019101260,Nguyễn Hữu Phong,sv001260@uni.edu.vn
2020101261,Trần Hữu Phong,sv001261@uni.edu.vn
2021101262,Lê Hữu Phong,sv001262@uni.edu.vn
2022101263,Phạm Hữu Phong,sv001263@uni.edu.vn
2023101264,Hoàng Hữu Phong,sv001264@uni.edu.vn
2024101265,Vũ Hữu Phong,sv001265@uni.edu.vn
2019101266,Đặng Hữu Phong,sv001266@uni.edu.vn
2020101267,Bùi Hữu Phong,sv001267@uni.edu.vn
2021101268,Đỗ Hữu Phong,sv001268@uni.edu.vn
2022101269,Hồ Hữu Phong,sv001269@uni.edu.vn
2023101270,Nguyễn Thành Phong,sv001270@uni.edu.vn
2024101271,Trần Thành Phong,sv001271@uni.edu.vn
2019101272,Lê Thành Phong,sv001272@uni.edu.vn
2020101273,Phạm Thành Phong,sv001273@uni.edu.vn
2021101274,Hoàng Thành Phong,sv001274@uni.edu.vn
2022101275,Vũ Thành Phong,sv001275@uni.edu.vn
2023101276,Đặng Thành Phong,sv001276@uni.edu.vn
2024101277,Bùi Thành Phong,sv001277@uni.edu.vn
2019101278,Đỗ Thành Phong,sv001278@uni.edu.vn
2020101279,Hồ Thành Phong,sv001279@uni.edu.vn
2021101280,Nguyễn Ngọc Phong,sv001280@uni.edu.vn
2022101281,Trần Ngọc Phong,sv001281@uni.edu.vn
2023101282,Lê Ngọc Phong,sv001282@uni.edu.vn
2024101283,Phạm Ngọc Phong,sv001283@uni.edu.vn
2019101284,Hoàng Ngọc Phong,sv001284@uni.edu.vn
2020101285,Vũ Ngọc Phong,sv001285@uni.edu.vn
2021101286,Đặng Ngọc Phong,sv001286@uni.edu.vn
2022101287,Bùi Ngọc Phong,sv001287@uni.edu.vn
2023101288,Đỗ Ngọc Phong,sv001288@uni.edu.vn
2024101289,Hồ Ngọc Phong,sv001289@uni.edu.vn
2019101290,Nguyễn Phong,sv001290@uni.edu.vn
2020101291,Trần Phong,sv001291@uni.edu.vn
2021101292,Lê Phong,sv001292@uni.edu.vn
2022101293,Phạm Phong,sv001293@uni.edu.vn
2023101294,Hoàng Phong,sv001294@uni.edu.vn
2024101295,Vũ Phong,sv001295@uni.edu.vn
2019101296,Đặng Phong,sv001296@uni.edu.vn
2020101297,Bùi Phong,sv001297@uni.edu.vn
2021101298,Đỗ Phong,sv001298@uni.edu.vn
2022101299,Hồ Phong,sv001299@uni.edu.vn
2023101300,Nguyễn Thị Quân,sv001300@uni.edu.vn
2024101301,Trần Thị Quân,sv001301@uni.edu.vn
2019101302,Lê Thị Quân,sv001302@uni.edu.vn
2020101303,Phạm Thị Quân,sv001303@uni.edu.vn
2021101304,Hoàng Thị Quân,sv001304@uni.edu.vn
2022101305,Vũ Thị Quân,sv001305@uni.edu.vn
2023101306,Đặng Thị Quân,sv001306@uni.edu.vn
2024101307,Bùi Thị Quân,sv001307@uni.edu.vn
2019101308,Đỗ Thị Quân,sv001308@uni.edu.vn
2020101309,Hồ Thị Quân,sv001309@uni.edu.vn
2021101310,Nguyễn Văn Quân,sv001310@uni.edu.vn
2022101311,Trần Văn Quân,sv001311@uni.edu.vn
2023101312,Lê Văn Quân,sv001312@uni.edu.vn
2024101313,Phạm Văn Quân,sv001313@uni.edu.vn
2019101314,Hoàng Văn Quân,sv001314@uni.edu.vn
2020101315,Vũ Văn Quân,sv001315@uni.edu.vn
2021101316,Đặng Văn Quân,sv001316@uni.edu.vn
2022101317,Bùi Văn Quân,sv001317@uni.edu.vn
2023101318,Đỗ Văn Quân,sv001318@uni.edu.vn
2024101319,Hồ Văn Quân,sv001319@uni.edu.vn
2019101320,Nguyễn Minh Quân,sv001320@uni.edu.vn
2020101321,Trần Minh Quân,sv001321@uni.edu.vn
2021101322,Lê Minh Quân,sv001322@uni.edu.vn
2022101323,Phạm Minh Quân,sv001323@uni.edu.vn
2023101324,Hoàng Minh Quân,sv001324@uni.edu.vn
2024101325,Vũ Minh Quân,sv001325@uni.edu.vn
2019101326,Đặng Minh Quân,sv001326@uni.edu.vn
2020101327,Bùi Minh Quân,sv001327@uni.edu.vn
2021101328,Đỗ Minh Quân,sv001328@uni.edu.vn
2022101329,Hồ Minh Quân,sv001329@uni.edu.vn
2023101330,Nguyễn Quốc Quân,sv001330@uni.edu.vn
2024101331,Trần Quốc Quân,sv001331@uni.edu.vn
2019101332,Lê Quốc Quân,sv001332@uni.edu.vn
2020101333,Phạm Quốc Quân,sv001333@uni.edu.vn
2021101334,Hoàng Quốc Quân,sv001334@uni.edu.vn
2022101335,Vũ Quốc Quân,sv001335@uni.edu.vn
2023101336,Đặng Quốc Quân,sv001336@uni.edu.vn
2024101337,Bùi Quốc Quân,sv001337@uni.edu.vn
2019101338,Đỗ Quốc Quân,sv001338@uni.edu.vn
2020101339,Hồ Quốc Quân,sv001339@uni.edu.vn
2021101340,Nguyễn Anh Quân,sv001340@uni.edu.vn
2022101341,Trần Anh Quân,sv001341@uni.edu.vn
2023101342,Lê Anh Quân,sv001342@uni.edu.vn
2024101343,Phạm Anh Quân,sv001343@uni.edu.vn
2019101344,Hoàng Anh Quân,sv001344@uni.edu.vn
2020101345,Vũ Anh Quân,sv001345@uni.edu.vn
2021101346,Đặng Anh Quân,sv001346@uni.edu.vn
2022101347,Bùi Anh Quân,sv001347@uni.edu.vn
2023101348,Đỗ Anh Quân,sv001348@uni.edu.vn
2024101349,Hồ Anh Quân,sv001349@uni.edu.vn
2019101350,Nguyễn Tuấn Quân,sv001350@uni.edu.vn
2020101351,Trần Tuấn Quân,sv001351@uni.edu.vn
2021101352,Lê Tuấn Quân,sv001352@uni.edu.vn
2022101353,Phạm Tuấn Quân,sv001353@uni.edu.vn
2023101354,Hoàng Tuấn Quân,sv001354@uni.edu.vn
2024101355,Vũ Tuấn Quân,sv001355@uni.edu.vn
2019101356,Đặng Tuấn Quân,sv001356@uni.edu.vn
2020101357,Bùi Tuấn Quân,sv001357@uni.edu.vn
2021101358,Đỗ Tuấn Quân,sv001358@uni.edu.vn
2022101359,Hồ Tuấn Quân,sv001359@uni.edu.vn
2023101360,Nguyễn Hữu Quân,sv001360@uni.edu.vn
2024101361,Trần Hữu Quân,sv001361@uni.edu.vn
2019101362,Lê Hữu Quân,sv001362@uni.edu.vn
2020101363,Phạm Hữu Quân,sv001363@uni.edu.vn
2021101364,Hoàng Hữu Quân,sv001364@uni.edu.vn
2022101365,Vũ Hữu Quân,sv001365@uni.edu.vn
2023101366,Đặng Hữu Quân,sv001366@uni.edu.vn
2024101367,Bùi Hữu Quân,sv001367@uni.edu.vn
2019101368,Đỗ Hữu Quân,sv001368@uni.edu.vn
2020101369,Hồ Hữu Quân,sv001369@uni.edu.vn
2021101370,Nguyễn Thành Quân,sv001370@uni.edu.vn
2022101371,Trần Thành Quân,sv001371@uni.edu.vn
2023101372,Lê Thành Quân,sv001372@uni.edu.vn
2024101373,Phạm Thành Quân,sv001373@uni.edu.vn
2019101374,Hoàng Thành Quân,sv001374@uni.edu.vn
2020101375,Vũ Thành Quân,sv001375@uni.edu.vn
2021101376,Đặng Thành Quân,sv001376@uni.edu.vn
2022101377,Bùi Thành Quân,sv001377@uni.edu.vn
2023101378,Đỗ Thành Quân,sv001378@uni.edu.vn
2024101379,Hồ Thành Quân,sv001379@uni.edu.vn
2019101380,Nguyễn Ngọc Quân,sv001380@uni.edu.vn
2020101381,Trần Ngọc Quân,sv001381@uni.edu.vn
2021101382,Lê Ngọc Quân,sv001382@uni.edu.vn
2022101383,Phạm Ngọc Quân,sv001383@uni.edu.vn
2023101384,Hoàng Ngọc Quân,sv001384@uni.edu.vn
2024101385,Vũ Ngọc Quân,sv001385@uni.edu.vn
2019101386,Đặng Ngọc Quân,sv001386@uni.edu.vn
2020101387,Bùi Ngọc Quân,sv001387@uni.edu.vn
2021101388,Đỗ Ngọc Quân,sv001388@uni.edu.vn
2022101389,Hồ Ngọc Quân,sv001389@uni.edu.vn
2023101390,Nguyễn Quân,sv001390@uni.edu.vn
2024101391,Trần Quân,sv001391@uni.edu.vn
2019101392,Lê Quân,sv001392@uni.edu.vn
2020101393,Phạm Quân,sv001393@uni.edu.vn
2021101394,Hoàng Quân,sv001394@uni.edu.vn
2022101395,Vũ Quân,sv001395@uni.edu.vn
2023101396,Đặng Quân,sv001396@uni.edu.vn
2024101397,Bùi Quân,sv001397@uni.edu.vn
2019101398,Đỗ Quân,sv001398@uni.edu.vn
2020101399,Hồ Quân,sv001399@uni.edu.vn
2021101400,Nguyễn Thị Sơn,sv001400@uni.edu.vn
2022101401,Trần Thị Sơn,sv001401@uni.edu.vn
2023101402,Lê Thị Sơn,sv001402@uni.edu.vn
2024101403,Phạm Thị Sơn,sv001403@uni.edu.vn
2019101404,Hoàng Thị Sơn,sv001404@uni.edu.vn
2020101405,Vũ Thị Sơn,sv001405@uni.edu.vn
2021101406,Đặng Thị Sơn,sv001406@uni.edu.vn
2022101407,Bùi Thị Sơn,sv001407@uni.edu.vn
2023101408,Đỗ Thị Sơn,sv001408@uni.edu.vn
2024101409,Hồ Thị Sơn,sv001409@uni.edu.vn
2019101410,Nguyễn Văn Sơn,sv001410@uni.edu.vn
2020101411,Trần Văn Sơn,sv001411@uni.edu.vn
2021101412,Lê Văn Sơn,sv001412@uni.edu.vn
2022101413,Phạm Văn Sơn,sv001413@uni.edu.vn
2023101414,Hoàng Văn Sơn,sv001414@uni.edu.vn
2024101415,Vũ Văn Sơn,sv001415@uni.edu.vn
2019101416,Đặng Văn Sơn,sv001416@uni.edu.vn
2020101417,Bùi Văn Sơn,sv001417@uni.edu.vn
2021101418,Đỗ Văn Sơn,sv001418@uni.edu.vn
2022101419,Hồ Văn Sơn,sv001419@uni.edu.vn
2023101420,Nguyễn Minh Sơn,sv001420@uni.edu.vn
2024101421,Trần Minh Sơn,sv001421@uni.edu.vn
2019101422,Lê Minh Sơn,sv001422@uni.edu.vn
2020101423,Phạm Minh Sơn,sv001423@uni.edu.vn
2021101424,Hoàng Minh Sơn,sv001424@uni.edu.vn
2022101425,Vũ Minh Sơn,sv001425@uni.edu.vn
2023101426,Đặng Minh Sơn,sv001426@uni.edu.vn
2024101427,Bùi Minh Sơn,sv001427@uni.edu.vn
2019101428,Đỗ Minh Sơn,sv001428@uni.edu.vn
2020101429,Hồ Minh Sơn,sv001429@uni.edu.vn
2021101430,Nguyễn Quốc Sơn,sv001430@uni.edu.vn
2022101431,Trần Quốc Sơn,sv001431@uni.edu.vn
2023101432,Lê Quốc Sơn,sv001432@uni.edu.vn
2024101433,Phạm Quốc Sơn,sv001433@uni.edu.vn
2019101434,Hoàng Quốc Sơn,sv001434@uni.edu.vn
2020101435,Vũ Quốc Sơn,sv001435@uni.edu.vn
2021101436,Đặng Quốc Sơn,sv001436@uni.edu.vn
2022101437,Bùi Quốc Sơn,sv001437@uni.edu.vn
2023101438,Đỗ Quốc Sơn,sv001438@uni.edu.vn
2024101439,Hồ Quốc Sơn,sv001439@uni.edu.vn
2019101440,Nguyễn Anh Sơn,sv001440@uni.edu.vn
2020101441,Trần Anh Sơn,sv001441@uni.edu.vn
2021101442,Lê Anh Sơn,sv001442@uni.edu.vn
2022101443,Phạm Anh Sơn,sv001443@uni.edu.vn
2023101444,Hoàng Anh Sơn,sv001444@uni.edu.vn
2024101445,Vũ Anh Sơn,sv001445@uni.edu.vn
2019101446,Đặng Anh Sơn,sv001446@uni.edu.vn
2020101447,Bùi Anh Sơn,sv001447@uni.edu.vn
2021101448,Đỗ Anh Sơn,sv001448@uni.edu.vn
2022101449,Hồ Anh Sơn,sv001449@uni.edu.vn
2023101450,Nguyễn Tuấn Sơn,sv001450@uni.edu.vn
2024101451,Trần Tuấn Sơn,sv001451@uni.edu.vn
2019101452,Lê Tuấn Sơn,sv001452@uni.edu.vn
2020101453,Phạm Tuấn Sơn,sv001453@uni.edu.vn
2021101454,Hoàng Tuấn Sơn,sv001454@uni.edu.vn
2022101455,Vũ Tuấn Sơn,sv001455@uni.edu.vn
2023101456,Đặng Tuấn Sơn,sv001456@uni.edu.vn
2024101457,Bùi Tuấn Sơn,sv001457@uni.edu.vn
2019101458,Đỗ Tuấn Sơn,sv001458@uni.edu.vn
2020101459,Hồ Tuấn Sơn,sv001459@uni.edu.vn
2021101460,Nguyễn Hữu Sơn,sv001460@uni.edu.vn
2022101461,Trần Hữu Sơn,sv001461@uni.edu.vn
2023101462,Lê Hữu Sơn,sv001462@uni.edu.vn
2024101463,Phạm Hữu Sơn,sv001463@uni.edu.vn
2019101464,Hoàng Hữu Sơn,sv001464@uni.edu.vn
2020101465,Vũ Hữu Sơn,sv001465@uni.edu.vn
2021101466,Đặng Hữu Sơn,sv001466@uni.edu.vn
2022101467,Bùi Hữu Sơn,sv001467@uni.edu.vn
2023101468,Đỗ Hữu Sơn,sv001468@uni.edu.vn
2024101469,Hồ Hữu Sơn,sv001469@uni.edu.vn
2019101470,Nguyễn Thành Sơn,sv001470@uni.edu.vn
2020101471,Trần Thành Sơn,sv001471@uni.edu.vn
2021101472,Lê Thành Sơn,sv001472@uni.edu.vn
2022101473,Phạm Thành Sơn,sv001473@uni.edu.vn
2023101474,Hoàng Thành Sơn,sv001474@uni.edu.vn
2024101475,Vũ Thành Sơn,sv001475@uni.edu.vn
2019101476,Đặng Thành Sơn,sv001476@uni.edu.vn
2020101477,Bùi Thành Sơn,sv001477@uni.edu.vn
2021101478,Đỗ Thành Sơn,sv001478@uni.edu.vn
2022101479,Hồ Thành Sơn,sv001479@uni.edu.vn
2023101480,Nguyễn Ngọc Sơn,sv001480@uni.edu.vn
2024101481,Trần Ngọc Sơn,sv001481@uni.edu.vn
2019101482,Lê Ngọc Sơn,sv001482@uni.edu.vn
2020101483,Phạm Ngọc Sơn,sv001483@uni.edu.vn
2021101484,Hoàng Ngọc Sơn,sv001484@uni.edu.vn
2022101485,Vũ Ngọc Sơn,sv001485@uni.edu.vn
2023101486,Đặng Ngọc Sơn,sv001486@uni.edu.vn
2024101487,Bùi Ngọc Sơn,sv001487@uni.edu.vn
2019101488,Đỗ Ngọc Sơn,sv001488@uni.edu.vn
2020101489,Hồ Ngọc Sơn,sv001489@uni.edu.vn
2021101490,Nguyễn Sơn,sv001490@uni.edu.vn
2022101491,Trần Sơn,sv001491@uni.edu.vn
2023101492,Lê Sơn,sv001492@uni.edu.vn
2024101493,Phạm Sơn,sv001493@uni.edu.vn
2019101494,Hoàng Sơn,sv001494@uni.edu.vn
2020101495,Vũ Sơn,sv001495@uni.edu.vn
2021101496,Đặng Sơn,sv001496@uni.edu.vn
2022101497,Bùi Sơn,sv001497@uni.edu.vn
2023101498,Đỗ Sơn,sv001498@uni.edu.vn
2024101499,Hồ Sơn,sv001499@uni.edu.vn
2019101500,Nguyễn Thị Tâm,sv001500@uni.edu.vn
2020101501,Trần Thị Tâm,sv001501@uni.edu.vn
2021101502,Lê Thị Tâm,sv001502@uni.edu.vn
2022101503,Phạm Thị Tâm,sv001503@uni.edu.vn
2023101504,Hoàng Thị Tâm,sv001504@uni.edu.vn
2024101505,Vũ Thị Tâm,sv001505@uni.edu.vn
2019101506,Đặng Thị Tâm,sv001506@uni.edu.vn
2020101507,Bùi Thị Tâm,sv001507@uni.edu.vn
2021101508,Đỗ Thị Tâm,sv001508@uni.edu.vn
2022101509,Hồ Thị Tâm,sv001509@uni.edu.vn
2023101510,Nguyễn Văn Tâm,sv001510@uni.edu.vn
2024101511,Trần Văn Tâm,sv001511@uni.edu.vn
2019101512,Lê Văn Tâm,sv001512@uni.edu.vn
2020101513,Phạm Văn Tâm,sv001513@uni.edu.vn
2021101514,Hoàng Văn Tâm,sv001514@uni.edu.vn
2022101515,Vũ Văn Tâm,sv001515@uni.edu.vn
2023101516,Đặng Văn Tâm,sv001516@uni.edu.vn
2024101517,Bùi Văn Tâm,sv001517@uni.edu.vn
2019101518,Đỗ Văn Tâm,sv001518@uni.edu.vn
2020101519,Hồ Văn Tâm,sv001519@uni.edu.vn
2021101520,Nguyễn Minh Tâm,sv001520@uni.edu.vn
2022101521,Trần Minh Tâm,sv001521@uni.edu.vn
2023101522,Lê Minh Tâm,sv001522@uni.edu.vn
2024101523,Phạm Minh Tâm,sv001523@uni.edu.vn
2019101524,Hoàng Minh Tâm,sv001524@uni.edu.vn
2020101525,Vũ Minh Tâm,sv001525@uni.edu.vn
2021101526,Đặng Minh Tâm,sv001526@uni.edu.vn
2022101527,Bùi Minh Tâm,sv001527@uni.edu.vn
2023101528,Đỗ Minh Tâm,sv001528@uni.edu.vn
2024101529,Hồ Minh Tâm,sv001529@uni.edu.vn
2019101530,Nguyễn Quốc Tâm,sv001530@uni.edu.vn
2020101531,Trần Quốc Tâm,sv001531@uni.edu.vn
2021101532,Lê Quốc Tâm,sv001532@uni.edu.vn
2022101533,Phạm Quốc Tâm,sv001533@uni.edu.vn
2023101534,Hoàng Quốc Tâm,sv001534@uni.edu.vn
2024101535,Vũ Quốc Tâm,sv001535@uni.edu.vn
2019101536,Đặng Quốc Tâm,sv001536@uni.edu.vn
2020101537,Bùi Quốc Tâm,sv001537@uni.edu.vn
2021101538,Đỗ Quốc Tâm,sv001538@uni.edu.vn
2022101539,Hồ Quốc Tâm,sv001539@uni.edu.vn
2023101540,Nguyễn Anh Tâm,sv001540@uni.edu.vn
2024101541,Trần Anh Tâm,sv001541@uni.edu.vn
2019101542,Lê Anh Tâm,sv001542@uni.edu.vn
2020101543,Phạm Anh Tâm,sv001543@uni.edu.vn
2021101544,Hoàng Anh Tâm,sv001544@uni.edu.vn
2022101545,Vũ Anh Tâm,sv001545@uni.edu.vn
2023101546,Đặng Anh Tâm,sv001546@uni.edu.vn
2024101547,Bùi Anh Tâm,sv001547@uni.edu.vn
2019101548,Đỗ Anh Tâm,sv001548@uni.edu.vn
2020101549,Hồ Anh Tâm,sv001549@uni.edu.vn
2021101550,Nguyễn Tuấn Tâm,sv001550@uni.edu.vn
2022101551,Trần Tuấn Tâm,sv001551@uni.edu.vn
2023101552,Lê Tuấn Tâm,sv001552@uni.edu.vn
2024101553,Phạm Tuấn Tâm,sv001553@uni.edu.vn
2019101554,Hoàng Tuấn Tâm,sv001554@uni.edu.vn
2020101555,Vũ Tuấn Tâm,sv001555@uni.edu.vn
2021101556,Đặng Tuấn Tâm,sv001556@uni.edu.vn
2022101557,Bùi Tuấn Tâm,sv001557@uni.edu.vn
2023101558,Đỗ Tuấn Tâm,sv001558@uni.edu.vn
2024101559,Hồ Tuấn Tâm,sv001559@uni.edu.vn
2019101560,Nguyễn Hữu Tâm,sv001560@uni.edu.vn
2020101561,Trần Hữu Tâm,sv001561@uni.edu.vn
2021101562,Lê Hữu Tâm,sv001562@uni.edu.vn
2022101563,Phạm Hữu Tâm,sv001563@uni.edu.vn
2023101564,Hoàng Hữu Tâm,sv001564@uni.edu.vn
2024101565,Vũ Hữu Tâm,sv001565@uni.edu.vn
2019101566,Đặng Hữu Tâm,sv001566@uni.edu.vn
2020101567,Bùi Hữu Tâm,sv001567@uni.edu.vn
2021101568,Đỗ Hữu Tâm,sv001568@uni.edu.vn
2022101569,Hồ Hữu Tâm,sv001569@uni.edu.vn
2023101570,Nguyễn Thành Tâm,sv001570@uni.edu.vn
2024101571,Trần Thành Tâm,sv001571@uni.edu.vn
2019101572,Lê Thành Tâm,sv001572@uni.edu.vn
2020101573,Phạm Thành Tâm,sv001573@uni.edu.vn
2021101574,Hoàng Thành Tâm,sv001574@uni.edu.vn
2022101575,Vũ Thành Tâm,sv001575@uni.edu.vn
2023101576,Đặng Thành Tâm,sv001576@uni.edu.vn
2024101577,Bùi Thành Tâm,sv001577@uni.edu.vn
2019101578,Đỗ Thành Tâm,sv001578@uni.edu.vn
2020101579,Hồ Thành Tâm,sv001579@uni.edu.vn
2021101580,Nguyễn Ngọc Tâm,sv001580@uni.edu.vn
2022101581,Trần Ngọc Tâm,sv001581@uni.edu.vn
2023101582,Lê Ngọc Tâm,sv001582@uni.edu.vn
2024101583,Phạm Ngọc Tâm,sv001583@uni.edu.vn
2019101584,Hoàng Ngọc Tâm,sv001584@uni.edu.vn
2020101585,Vũ Ngọc Tâm,sv001585@uni.edu.vn
2021101586,Đặng Ngọc Tâm,sv001586@uni.edu.vn
2022101587,Bùi Ngọc Tâm,sv001587@uni.edu.vn
2023101588,Đỗ Ngọc Tâm,sv001588@uni.edu.vn
2024101589,Hồ Ngọc Tâm,sv001589@uni.edu.vn
2019101590,Nguyễn Tâm,sv001590@uni.edu.vn
2020101591,Trần Tâm,sv001591@uni.edu.vn
2021101592,Lê Tâm,sv001592@uni.edu.vn
2022101593,Phạm Tâm,sv001593@uni.edu.vn
2023101594,Hoàng Tâm,sv001594@uni.edu.vn
2024101595,Vũ Tâm,sv001595@uni.edu.vn
2019101596,Đặng Tâm,sv001596@uni.edu.vn
2020101597,Bùi Tâm,sv001597@uni.edu.vn
2021101598,Đỗ Tâm,sv001598@uni.edu.vn
2022101599,Hồ Tâm,sv001599@uni.edu.vn
2023101600,Nguyễn Thị Thảo,sv001600@uni.edu.vn
2024101601,Trần Thị Thảo,sv001601@uni.edu.vn
2019101602,Lê Thị Thảo,sv001602@uni.edu.vn
2020101603,Phạm Thị Thảo,sv001603@uni.edu.vn
2021101604,Hoàng Thị Thảo,sv001604@uni.edu.vn
2022101605,Vũ Thị Thảo,sv001605@uni.edu.vn
2023101606,Đặng Thị Thảo,sv001606@uni.edu.vn
2024101607,Bùi Thị Thảo,sv001607@uni.edu.vn
2019101608,Đỗ Thị Thảo,sv001608@uni.edu.vn
2020101609,Hồ Thị Thảo,sv001609@uni.edu.vn
2021101610,Nguyễn Văn Thảo,sv001610@uni.edu.vn
2022101611,Trần Văn Thảo,sv001611@uni.edu.vn
2023101612,Lê Văn Thảo,sv001612@uni.edu.vn
2024101613,Phạm Văn Thảo,sv001613@uni.edu.vn
2019101614,Hoàng Văn Thảo,sv001614@uni.edu.vn
2020101615,Vũ Văn Thảo,sv001615@uni.edu.vn
2021101616,Đặng Văn Thảo,sv001616@uni.edu.vn
2022101617,Bùi Văn Thảo,sv001617@uni.edu.vn
2023101618,Đỗ Văn Thảo,sv001618@uni.edu.vn
2024101619,Hồ Văn Thảo,sv001619@uni.edu.vn
2019101620,Nguyễn Minh Thảo,sv001620@uni.edu.vn
2020101621,Trần Minh Thảo,sv001621@uni.edu.vn
2021101622,Lê Minh Thảo,sv001622@uni.edu.vn
2022101623,Phạm Minh Thảo,sv001623@uni.edu.vn
2023101624,Hoàng Minh Thảo,sv001624@uni.edu.vn
2024101625,Vũ Minh Thảo,sv001625@uni.edu.vn
2019101626,Đặng Minh Thảo,sv001626@uni.edu.vn
2020101627,Bùi Minh Thảo,sv001627@uni.edu.vn
2021101628,Đỗ Minh Thảo,sv001628@uni.edu.vn
2022101629,Hồ Minh Thảo,sv001629@uni.edu.vn
2023101630,Nguyễn Quốc Thảo,sv001630@uni.edu.vn
2024101631,Trần Quốc Thảo,sv001631@uni.edu.vn
2019101632,Lê Quốc Thảo,sv001632@uni.edu.vn
2020101633,Phạm Quốc Thảo,sv001633@uni.edu.vn
2021101634,Hoàng Quốc Thảo,sv001634@uni.edu.vn
2022101635,Vũ Quốc Thảo,sv001635@uni.edu.vn
2023101636,Đặng Quốc Thảo,sv001636@uni.edu.vn
2024101637,Bùi Quốc Thảo,sv001637@uni.edu.vn
2019101638,Đỗ Quốc Thảo,sv001638@uni.edu.vn
2020101639,Hồ Quốc Thảo,sv001639@uni.edu.vn
2021101640,Nguyễn Anh Thảo,sv001640@uni.edu.vn
2022101641,Trần Anh Thảo,sv001641@uni.edu.vn
2023101642,Lê Anh Thảo,sv001642@uni.edu.vn
2024101643,Phạm Anh Thảo,sv001643@uni.edu.vn
2019101644,Hoàng Anh Thảo,sv001644@uni.edu.vn
2020101645,Vũ Anh Thảo,sv001645@uni.edu.vn
2021101646,Đặng Anh Thảo,sv001646@uni.edu.vn
2022101647,Bùi Anh Thảo,sv001647@uni.edu.vn
2023101648,Đỗ Anh Thảo,sv001648@uni.edu.vn
2024101649,Hồ Anh Thảo,sv001649@uni.edu.vn
2019101650,Nguyễn Tuấn Thảo,sv001650@uni.edu.vn
2020101651,Trần Tuấn Thảo,sv001651@uni.edu.vn
2021101652,Lê Tuấn Thảo,sv001652@uni.edu.vn
2022101653,Phạm Tuấn Thảo,sv001653@uni.edu.vn
2023101654,Hoàng Tuấn Thảo,sv001654@uni.edu.vn
2024101655,Vũ Tuấn Thảo,sv001655@uni.edu.vn
2019101656,Đặng Tuấn Thảo,sv001656@uni.edu.vn
2020101657,Bùi Tuấn Thảo,sv001657@uni.edu.vn
2021101658,Đỗ Tuấn Thảo,sv001658@uni.edu.vn
2022101659,Hồ Tuấn Thảo,sv001659@uni.edu.vn
2023101660,Nguyễn Hữu Thảo,sv001660@uni.edu.vn
2024101661,Trần Hữu Thảo,sv001661@uni.edu.vn
2019101662,Lê Hữu Thảo,sv001662@uni.edu.vn
2020101663,Phạm Hữu Thảo,sv001663@uni.edu.vn
2021101664,Hoàng Hữu Thảo,sv001664@uni.edu.vn
2022101665,Vũ Hữu Thảo,sv001665@uni.edu.vn
2023101666,Đặng Hữu Thảo,sv001666@uni.edu.vn
2024101667,Bùi Hữu Thảo,sv001667@uni.edu.vn
2019101668,Đỗ Hữu Thảo,sv001668@uni.edu.vn
2020101669,Hồ Hữu Thảo,sv001669@uni.edu.vn
2021101670,Nguyễn Thành Thảo,sv001670@uni.edu.vn
2022101671,Trần Thành Thảo,sv001671@uni.edu.vn
2023101672,Lê Thành Thảo,sv001672@uni.edu.vn
2024101673,Phạm Thành Thảo,sv001673@uni.edu.vn
2019101674,Hoàng Thành Thảo,sv001674@uni.edu.vn
2020101675,Vũ Thành Thảo,sv001675@uni.edu.vn
2021101676,Đặng Thành Thảo,sv001676@uni.edu.vn
2022101677,Bùi Thành Thảo,sv001677@uni.edu.vn
2023101678,Đỗ Thành Thảo,sv001678@uni.edu.vn
2024101679,Hồ Thành Thảo,sv001679@uni.edu.vn
2019101680,Nguyễn Ngọc Thảo,sv001680@uni.edu.vn
2020101681,Trần Ngọc Thảo,sv001681@uni.edu.vn
2021101682,Lê Ngọc Thảo,sv001682@uni.edu.vn
2022101683,Phạm Ngọc Thảo,sv001683@uni.edu.vn
2023101684,Hoàng Ngọc Thảo,sv001684@uni.edu.vn
2024101685,Vũ Ngọc Thảo,sv001685@uni.edu.vn
2019101686,Đặng Ngọc Thảo,sv001686@uni.edu.vn
2020101687,Bùi Ngọc Thảo,sv001687@uni.edu.vn
2021101688,Đỗ Ngọc Thảo,sv001688@uni.edu.vn
2022101689,Hồ Ngọc Thảo,sv001689@uni.edu.vn
2023101690,Nguyễn Thảo,sv001690@uni.edu.vn
2024101691,Trần Thảo,sv001691@uni.edu.vn
2019101692,Lê Thảo,sv001692@uni.edu.vn
2020101693,Phạm Thảo,sv001693@uni.edu.vn
2021101694,Hoàng Thảo,sv001694@uni.edu.vn
2022101695,Vũ Thảo,sv001695@uni.edu.vn
2023101696,Đặng Thảo,sv001696@uni.edu.vn
2024101697,Bùi Thảo,sv001697@uni.edu.vn
2019101698,Đỗ Thảo,sv001698@uni.edu.vn
2020101699,Hồ Thảo,sv001699@uni.edu.vn
2021101700,Nguyễn Thị Uyên,sv001700@uni.edu.vn
2022101701,Trần Thị Uyên,sv001701@uni.edu.vn
2023101702,Lê Thị Uyên,sv001702@uni.edu.vn
2024101703,Phạm Thị Uyên,sv001703@uni.edu.vn
2019101704,Hoàng Thị Uyên,sv001704@uni.edu.vn
2020101705,Vũ Thị Uyên,sv001705@uni.edu.vn
2021101706,Đặng Thị Uyên,sv001706@uni.edu.vn
2022101707,Bùi Thị Uyên,sv001707@uni.edu.vn
2023101708,Đỗ Thị Uyên,sv001708@uni.edu.vn
2024101709,Hồ Thị Uyên,sv001709@uni.edu.vn
2019101710,Nguyễn Văn Uyên,sv001710@uni.edu.vn
2020101711,Trần Văn Uyên,sv001711@uni.edu.vn
2021101712,Lê Văn Uyên,sv001712@uni.edu.vn
2022101713,Phạm Văn Uyên,sv001713@uni.edu.vn
2023101714,Hoàng Văn Uyên,sv001714@uni.edu.vn
2024101715,Vũ Văn Uyên,sv001715@uni.edu.vn
2019101716,Đặng Văn Uyên,sv001716@uni.edu.vn
2020101717,Bùi Văn Uyên,sv001717@uni.edu.vn
2021101718,Đỗ Văn Uyên,sv001718@uni.edu.vn
2022101719,Hồ Văn Uyên,sv001719@uni.edu.vn
2023101720,Nguyễn Minh Uyên,sv001720@uni.edu.vn
2024101721,Trần Minh Uyên,sv001721@uni.edu.vn
2019101722,Lê Minh Uyên,sv001722@uni.edu.vn
2020101723,Phạm Minh Uyên,sv001723@uni.edu.vn
2021101724,Hoàng Minh Uyên,sv001724@uni.edu.vn
2022101725,Vũ Minh Uyên,sv001725@uni.edu.vn
2023101726,Đặng Minh Uyên,sv001726@uni.edu.vn
2024101727,Bùi Minh Uyên,sv001727@uni.edu.vn
2019101728,Đỗ Minh Uyên,sv001728@uni.edu.vn
2020101729,Hồ Minh Uyên,sv001729@uni.edu.vn
2021101730,Nguyễn Quốc Uyên,sv001730@uni.edu.vn
2022101731,Trần Quốc Uyên,sv001731@uni.edu.vn
2023101732,Lê Quốc Uyên,sv001732@uni.edu.vn
2024101733,Phạm Quốc Uyên,sv001733@uni.edu.vn
2019101734,Hoàng Quốc Uyên,sv001734@uni.edu.vn
2020101735,Vũ Quốc Uyên,sv001735@uni.edu.vn
2021101736,Đặng Quốc Uyên,sv001736@uni.edu.vn
2022101737,Bùi Quốc Uyên,sv001737@uni.edu.vn
2023101738,Đỗ Quốc Uyên,sv001738@uni.edu.vn
2024101739,Hồ Quốc Uyên,sv001739@uni.edu.vn
2019101740,Nguyễn Anh Uyên,sv001740@uni.edu.vn
2020101741,Trần Anh Uyên,sv001741@uni.edu.vn
2021101742,Lê Anh Uyên,sv001742@uni.edu.vn
2022101743,Phạm Anh Uyên,sv001743@uni.edu.vn
2023101744,Hoàng Anh Uyên,sv001744@uni.edu.vn
2024101745,Vũ Anh Uyên,sv001745@uni.edu.vn
2019101746,Đặng Anh Uyên,sv001746@uni.edu.vn
2020101747,Bùi Anh Uyên,sv001747@uni.edu.vn
2021101748,Đỗ Anh Uyên,sv001748@uni.edu.vn
2022101749,Hồ Anh Uyên,sv001749@uni.edu.vn
2023101750,Nguyễn Tuấn Uyên,sv001750@uni.edu.vn
2024101751,Trần Tuấn Uyên,sv001751@uni.edu.vn
2019101752,Lê Tuấn Uyên,sv001752@uni.edu.vn
2020101753,Phạm Tuấn Uyên,sv001753@uni.edu.vn
2021101754,Hoàng Tuấn Uyên,sv001754@uni.edu.vn
2022101755,Vũ Tuấn Uyên,sv001755@uni.edu.vn
2023101756,Đặng Tuấn Uyên,sv001756@uni.edu.vn
2024101757,Bùi Tuấn Uyên,sv001757@uni.edu.vn
2019101758,Đỗ Tuấn Uyên,sv001758@uni.edu.vn
2020101759,Hồ Tuấn Uyên,sv001759@uni.edu.vn
2021101760,Nguyễn Hữu Uyên,sv001760@uni.edu.vn
2022101761,Trần Hữu Uyên,sv001761@uni.edu.vn
2023101762,Lê Hữu Uyên,sv001762@uni.edu.vn
2024101763,Phạm Hữu Uyên,sv001763@uni.edu.vn
2019101764,Hoàng Hữu Uyên,sv001764@uni.edu.vn
2020101765,Vũ Hữu Uyên,sv001765@uni.edu.vn
2021101766,Đặng Hữu Uyên,sv001766@uni.edu.vn
2022101767,Bùi Hữu Uyên,sv001767@uni.edu.vn
2023101768,Đỗ Hữu Uyên,sv001768@uni.edu.vn
2024101769,Hồ Hữu Uyên,sv001769@uni.edu.vn
2019101770,Nguyễn Thành Uyên,sv001770@uni.edu.vn
2020101771,Trần Thành Uyên,sv001771@uni.edu.vn
2021101772,Lê Thành Uyên,sv001772@uni.edu.vn
2022101773,Phạm Thành Uyên,sv001773@uni.edu.vn
2023101774,Hoàng Thành Uyên,sv001774@uni.edu.vn
2024101775,Vũ Thành Uyên,sv001775@uni.edu.vn
2019101776,Đặng Thành Uyên,sv001776@uni.edu.vn
2020101777,Bùi Thành Uyên,sv001777@uni.edu.vn
2021101778,Đỗ Thành Uyên,sv001778@uni.edu.vn
2022101779,Hồ Thành Uyên,sv001779@uni.edu.vn
2023101780,Nguyễn Ngọc Uyên,sv001780@uni.edu.vn
2024101781,Trần Ngọc Uyên,sv001781@uni.edu.vn
2019101782,Lê Ngọc Uyên,sv001782@uni.edu.vn
2020101783,Phạm Ngọc Uyên,sv001783@uni.edu.vn
2021101784,Hoàng Ngọc Uyên,sv001784@uni.edu.vn
2022101785,Vũ Ngọc Uyên,sv001785@uni.edu.vn
2023101786,Đặng Ngọc Uyên,sv001786@uni.edu.vn
2024101787,Bùi Ngọc Uyên,sv001787@uni.edu.vn
2019101788,Đỗ Ngọc Uyên,sv001788@uni.edu.vn
2020101789,Hồ Ngọc Uyên,sv001789@uni.edu.vn
2021101790,Nguyễn Uyên,sv001790@uni.edu.vn
2022101791,Trần Uyên,sv001791@uni.edu.vn
2023101792,Lê Uyên,sv001792@uni.edu.vn
2024101793,Phạm Uyên,sv001793@uni.edu.vn
2019101794,Hoàng Uyên,sv001794@uni.edu.vn
2020101795,Vũ Uyên,sv001795@uni.edu.vn
2021101796,Đặng Uyên,sv001796@uni.edu.vn
2022101797,Bùi Uyên,sv001797@uni.edu.vn
2023101798,Đỗ Uyên,sv001798@uni.edu.vn
2024101799,Hồ Uyên,sv001799@uni.edu.vn
2019101800,Nguyễn Thị Việt,sv001800@uni.edu.vn
2020101801,Trần Thị Việt,sv001801@uni.edu.vn
2021101802,Lê Thị Việt,sv001802@uni.edu.vn
2022101803,Phạm Thị Việt,sv001803@uni.edu.vn
2023101804,Hoàng Thị Việt,sv001804@uni.edu.vn
2024101805,Vũ Thị Việt,sv001805@uni.edu.vn
2019101806,Đặng Thị Việt,sv001806@uni.edu.vn
2020101807,Bùi Thị Việt,sv001807@uni.edu.vn
2021101808,Đỗ Thị Việt,sv001808@uni.edu.vn
2022101809,Hồ Thị Việt,sv001809@uni.edu.vn
2023101810,Nguyễn Văn Việt,sv001810@uni.edu.vn
2024101811,Trần Văn Việt,sv001811@uni.edu.vn
2019101812,Lê Văn Việt,sv001812@uni.edu.vn
2020101813,Phạm Văn Việt,sv001813@uni.edu.vn
2021101814,Hoàng Văn Việt,sv001814@uni.edu.vn
2022101815,Vũ Văn Việt,sv001815@uni.edu.vn
2023101816,Đặng Văn Việt,sv001816@uni.edu.vn
2024101817,Bùi Văn Việt,sv001817@uni.edu.vn
2019101818,Đỗ Văn Việt,sv001818@uni.edu.vn
2020101819,Hồ Văn Việt,sv001819@uni.edu.vn
2021101820,Nguyễn Minh Việt,sv001820@uni.edu.vn
2022101821,Trần Minh Việt,sv001821@uni.edu.vn
2023101822,Lê Minh Việt,sv001822@uni.edu.vn
2024101823,Phạm Minh Việt,sv001823@uni.edu.vn
2019101824,Hoàng Minh Việt,sv001824@uni.edu.vn
2020101825,Vũ Minh Việt,sv001825@uni.edu.vn
2021101826,Đặng Minh Việt,sv001826@uni.edu.vn
2022101827,Bùi Minh Việt,sv001827@uni.edu.vn
2023101828,Đỗ Minh Việt,sv001828@uni.edu.vn
2024101829,Hồ Minh Việt,sv001829@uni.edu.vn
2019101830,Nguyễn Quốc Việt,sv001830@uni.edu.vn
2020101831,Trần Quốc Việt,sv001831@uni.edu.vn
2021101832,Lê Quốc Việt,sv001832@uni.edu.vn
2022101833,Phạm Quốc Việt,sv001833@uni.edu.vn
2023101834,Hoàng Quốc Việt,sv001834@uni.edu.vn
2024101835,Vũ Quốc Việt,sv001835@uni.edu.vn
2019101836,Đặng Quốc Việt,sv001836@uni.edu.vn
2020101837,Bùi Quốc Việt,sv001837@uni.edu.vn
2021101838,Đỗ Quốc Việt,sv001838@uni.edu.vn
2022101839,Hồ Quốc Việt,sv001839@uni.edu.vn
2023101840,Nguyễn Anh Việt,sv001840@uni.edu.vn
2024101841,Trần Anh Việt,sv001841@uni.edu.vn
2019101842,Lê Anh Việt,sv001842@uni.edu.vn
2020101843,Phạm Anh Việt,sv001843@uni.edu.vn
2021101844,Hoàng Anh Việt,sv001844@uni.edu.vn
2022101845,Vũ Anh Việt,sv001845@uni.edu.vn
2023101846,Đặng Anh Việt,sv001846@uni.edu.vn
2024101847,Bùi Anh Việt,sv001847@uni.edu.vn
2019101848,Đỗ Anh Việt,sv001848@uni.edu.vn
2020101849,Hồ Anh Việt,sv001849@uni.edu.vn
2021101850,Nguyễn Tuấn Việt,sv001850@uni.edu.vn
2022101851,Trần Tuấn Việt,sv001851@uni.edu.vn
2023101852,Lê Tuấn Việt,sv001852@uni.edu.vn
2024101853,Phạm Tuấn Việt,sv001853@uni.edu.vn
2019101854,Hoàng Tuấn Việt,sv001854@uni.edu.vn
2020101855,Vũ Tuấn Việt,sv001855@uni.edu.vn
2021101856,Đặng Tuấn Việt,sv001856@uni.edu.vn
2022101857,Bùi Tuấn Việt,sv001857@uni.edu.vn
2023101858,Đỗ Tuấn Việt,sv001858@uni.edu.vn
2024101859,Hồ Tuấn Việt,sv001859@uni.edu.vn
2019101860,Nguyễn Hữu Việt,sv001860@uni.edu.vn
2020101861,Trần Hữu Việt,sv001861@uni.edu.vn
2021101862,Lê Hữu Việt,sv001862@uni.edu.vn
2022101863,Phạm Hữu Việt,sv001863@uni.edu.vn
2023101864,Hoàng Hữu Việt,sv001864@uni.edu.vn
2024101865,Vũ Hữu Việt,sv001865@uni.edu.vn
2019101866,Đặng Hữu Việt,sv001866@uni.edu.vn
2020101867,Bùi Hữu Việt,sv001867@uni.edu.vn
2021101868,Đỗ Hữu Việt,sv001868@uni.edu.vn
2022101869,Hồ Hữu Việt,sv001869@uni.edu.vn
2023101870,Nguyễn Thành Việt,sv001870@uni.edu.vn
2024101871,Trần Thành Việt,sv001871@uni.edu.vn
2019101872,Lê Thành Việt,sv001872@uni.edu.vn
2020101873,Phạm Thành Việt,sv001873@uni.edu.vn
2021101874,Hoàng Thành Việt,sv001874@uni.edu.vn
2022101875,Vũ Thành Việt,sv001875@uni.edu.vn
2023101876,Đặng Thành Việt,sv001876@uni.edu.vn
2024101877,Bùi Thành Việt,sv001877@uni.edu.vn
2019101878,Đỗ Thành Việt,sv001878@uni.edu.vn
2020101879,Hồ Thành Việt,sv001879@uni.edu.vn
2021101880,Nguyễn Ngọc Việt,sv001880@uni.edu.vn
2022101881,Trần Ngọc Việt,sv001881@uni.edu.vn
2023101882,Lê Ngọc Việt,sv001882@uni.edu.vn
2024101883,Phạm Ngọc Việt,sv001883@uni.edu.vn
2019101884,Hoàng Ngọc Việt,sv001884@uni.edu.vn
2020101885,Vũ Ngọc Việt,sv001885@uni.edu.vn
2021101886,Đặng Ngọc Việt,sv001886@uni.edu.vn
2022101887,Bùi Ngọc Việt,sv001887@uni.edu.vn
2023101888,Đỗ Ngọc Việt,sv001888@uni.edu.vn
2024101889,Hồ Ngọc Việt,sv001889@uni.edu.vn
2019101890,Nguyễn Việt,sv001890@uni.edu.vn
2020101891,Trần Việt,sv001891@uni.edu.vn
2021101892,Lê Việt,sv001892@uni.edu.vn
2022101893,Phạm Việt,sv001893@uni.edu.vn
2023101894,Hoàng Việt,sv001894@uni.edu.vn
2024101895,Vũ Việt,sv001895@uni.edu.vn
2019101896,Đặng Việt,sv001896@uni.edu.vn
2020101897,Bùi Việt,sv001897@uni.edu.vn
2021101898,Đỗ Việt,sv001898@uni.edu.vn
2022101899,Hồ Việt,sv001899@uni.edu.vn
2023101900,Nguyễn Thị Yến,sv001900@uni.edu.vn
2024101901,Trần Thị Yến,sv001901@uni.edu.vn
2019101902,Lê Thị Yến,sv001902@uni.edu.vn
2020101903,Phạm Thị Yến,sv001903@uni.edu.vn
2021101904,Hoàng Thị Yến,sv001904@uni.edu.vn
2022101905,Vũ Thị Yến,sv001905@uni.edu.vn
2023101906,Đặng Thị Yến,sv001906@uni.edu.vn
2024101907,Bùi Thị Yến,sv001907@uni.edu.vn
2019101908,Đỗ Thị Yến,sv001908@uni.edu.vn
2020101909,Hồ Thị Yến,sv001909@uni.edu.vn
2021101910,Nguyễn Văn Yến,sv001910@uni.edu.vn
2022101911,Trần Văn Yến,sv001911@uni.edu.vn
2023101912,Lê Văn Yến,sv001912@uni.edu.vn
2024101913,Phạm Văn Yến,sv001913@uni.edu.vn
2019101914,Hoàng Văn Yến,sv001914@uni.edu.vn
2020101915,Vũ Văn Yến,sv001915@uni.edu.vn
2021101916,Đặng Văn Yến,sv001916@uni.edu.vn
2022101917,Bùi Văn Yến,sv001917@uni.edu.vn
2023101918,Đỗ Văn Yến,sv001918@uni.edu.vn
2024101919,Hồ Văn Yến,sv001919@uni.edu.vn
2019101920,Nguyễn Minh Yến,sv001920@uni.edu.vn
2020101921,Trần Minh Yến,sv001921@uni.edu.vn
2021101922,Lê Minh Yến,sv001922@uni.edu.vn
2022101923,Phạm Minh Yến,sv001923@uni.edu.vn
2023101924,Hoàng Minh Yến,sv001924@uni.edu.vn
2024101925,Vũ Minh Yến,sv001925@uni.edu.vn
2019101926,Đặng Minh Yến,sv001926@uni.edu.vn
2020101927,Bùi Minh Yến,sv001927@uni.edu.vn
2021101928,Đỗ Minh Yến,sv001928@uni.edu.vn
2022101929,Hồ Minh Yến,sv001929@uni.edu.vn
2023101930,Nguyễn Quốc Yến,sv001930@uni.edu.vn
2024101931,Trần Quốc Yến,sv001931@uni.edu.vn
2019101932,Lê Quốc Yến,sv001932@uni.edu.vn
2020101933,Phạm Quốc Yến,sv001933@uni.edu.vn
2021101934,Hoàng Quốc Yến,sv001934@uni.edu.vn
2022101935,Vũ Quốc Yến,sv001935@uni.edu.vn
2023101936,Đặng Quốc Yến,sv001936@uni.edu.vn
2024101937,Bùi Quốc Yến,sv001937@uni.edu.vn
2019101938,Đỗ Quốc Yến,sv001938@uni.edu.vn
2020101939,Hồ Quốc Yến,sv001939@uni.edu.vn
2021101940,Nguyễn Anh Yến,sv001940@uni.edu.vn
2022101941,Trần Anh Yến,sv001941@uni.edu.vn
2023101942,Lê Anh Yến,sv001942@uni.edu.vn
2024101943,Phạm Anh Yến,sv001943@uni.edu.vn
2019101944,Hoàng Anh Yến,sv001944@uni.edu.vn
2020101945,Vũ Anh Yến,sv001945@uni.edu.vn
2021101946,Đặng Anh Yến,sv001946@uni.edu.vn
2022101947,Bùi Anh Yến,sv001947@uni.edu.vn
2023101948,Đỗ Anh Yến,sv001948@uni.edu.vn
2024101949,Hồ Anh Yến,sv001949@uni.edu.vn
2019101950,Nguyễn Tuấn Yến,sv001950@uni.edu.vn
2020101951,Trần Tuấn Yến,sv001951@uni.edu.vn
2021101952,Lê Tuấn Yến,sv001952@uni.edu.vn
2022101953,Phạm Tuấn Yến,sv001953@uni.edu.vn
2023101954,Hoàng Tuấn Yến,sv001954@uni.edu.vn
2024101955,Vũ Tuấn Yến,sv001955@uni.edu.vn
2019101956,Đặng Tuấn Yến,sv001956@uni.edu.vn
2020101957,Bùi Tuấn Yến,sv001957@uni.edu.vn
2021101958,Đỗ Tuấn Yến,sv001958@uni.edu.vn
2022101959,Hồ Tuấn Yến,sv001959@uni.edu.vn
2023101960,Nguyễn Hữu Yến,sv001960@uni.edu.vn
2024101961,Trần Hữu Yến,sv001961@uni.edu.vn
2019101962,Lê Hữu Yến,sv001962@uni.edu.vn
2020101963,Phạm Hữu Yến,sv001963@uni.edu.vn
2021101964,Hoàng Hữu Yến,sv001964@uni.edu.vn
2022101965,Vũ Hữu Yến,sv001965@uni.edu.vn
2023101966,Đặng Hữu Yến,sv001966@uni.edu.vn
2024101967,Bùi Hữu Yến,sv001967@uni.edu.vn
2019101968,Đỗ Hữu Yến,sv001968@uni.edu.vn
2020101969,Hồ Hữu Yến,sv001969@uni.edu.vn
2021101970,Nguyễn Thành Yến,sv001970@uni.edu.vn
2022101971,Trần Thành Yến,sv001971@uni.edu.vn
2023101972,Lê Thành Yến,sv001972@uni.edu.vn
2024101973,Phạm Thành Yến,sv001973@uni.edu.vn
2019101974,Hoàng Thành Yến,sv001974@uni.edu.vn
2020101975,Vũ Thành Yến,sv001975@uni.edu.vn
2021101976,Đặng Thành Yến,sv001976@uni.edu.vn
2022101977,Bùi Thành Yến,sv001977@uni.edu.vn
2023101978,Đỗ Thành Yến,sv001978@uni.edu.vn
2024101979,Hồ Thành Yến,sv001979@uni.edu.vn
2019101980,Nguyễn Ngọc Yến,sv001980@uni.edu.vn
2020101981,Trần Ngọc Yến,sv001981@uni.edu.vn
2021101982,Lê Ngọc Yến,sv001982@uni.edu.vn
2022101983,Phạm Ngọc Yến,sv001983@uni.edu.vn
2023101984,Hoàng Ngọc Yến,sv001984@uni.edu.vn
2024101985,Vũ Ngọc Yến,sv001985@uni.edu.vn
2019101986,Đặng Ngọc Yến,sv001986@uni.edu.vn
2020101987,Bùi Ngọc Yến,sv001987@uni.edu.vn
2021101988,Đỗ Ngọc Yến,sv001988@uni.edu.vn
2022101989,Hồ Ngọc Yến,sv001989@uni.edu.vn
2023101990,Nguyễn Yến,sv001990@uni.edu.vn
2024101991,Trần Yến,sv001991@uni.edu.vn
2019101992,Lê Yến,sv001992@uni.edu.vn
2020101993,Phạm Yến,sv001993@uni.edu.vn
2021101994,Hoàng Yến,sv001994@uni.edu.vn
2022101995,Vũ Yến,sv001995@uni.edu.vn
2023101996,Đặng Yến,sv001996@uni.edu.vn
2024101997,Bùi Yến,sv001997@uni.edu.vn
2019101998,Đỗ Yến,sv001998@uni.edu.vn
2020101999,Hồ Yến,sv001999@uni.edu.vn
2021102000,Nguyễn Thị An,sv002000@uni.edu.vn
2022102001,Trần Thị An,sv002001@uni.edu.vn
2023102002,Lê Thị An,sv002002@uni.edu.vn
2024102003,Phạm Thị An,sv002003@uni.edu.vn
2019102004,Hoàng Thị An,sv002004@uni.edu.vn
2020102005,Vũ Thị An,sv002005@uni.edu.vn
2021102006,Đặng Thị An,sv002006@uni.edu.vn
2022102007,Bùi Thị An,sv002007@uni.edu.vn
2023102008,Đỗ Thị An,sv002008@uni.edu.vn
2024102009,Hồ Thị An,sv002009@uni.edu.vn
2019102010,Nguyễn Văn An,sv002010@uni.edu.vn
2020102011,Trần Văn An,sv002011@uni.edu.vn
2021102012,Lê Văn An,sv002012@uni.edu.vn
2022102013,Phạm Văn An,sv002013@uni.edu.vn
2023102014,Hoàng Văn An,sv002014@uni.edu.vn
2024102015,Vũ Văn An,sv002015@uni.edu.vn
2019102016,Đặng Văn An,sv002016@uni.edu.vn
2020102017,Bùi Văn An,sv002017@uni.edu.vn
2021102018,Đỗ Văn An,sv002018@uni.edu.vn
2022102019,Hồ Văn An,sv002019@uni.edu.vn
2023102020,Nguyễn Minh An,sv002020@uni.edu.vn
2024102021,Trần Minh An,sv002021@uni.edu.vn
2019102022,Lê Minh An,sv002022@uni.edu.vn
2020102023,Phạm Minh An,sv002023@uni.edu.vn
2021102024,Hoàng Minh An,sv002024@uni.edu.vn
2022102025,Vũ Minh An,sv002025@uni.edu.vn
2023102026,Đặng Minh An,sv002026@uni.edu.vn
2024102027,Bùi Minh An,sv002027@uni.edu.vn
2019102028,Đỗ Minh An,sv002028@uni.edu.vn
2020102029,Hồ Minh An,sv002029@uni.edu.vn
2021102030,Nguyễn Quốc An,sv002030@uni.edu.vn
2022102031,Trần Quốc An,sv002031@uni.edu.vn
2023102032,Lê Quốc An,sv002032@uni.edu.vn
2024102033,Phạm Quốc An,sv002033@uni.edu.vn
2019102034,Hoàng Quốc An,sv002034@uni.edu.vn
2020102035,Vũ Quốc An,sv002035@uni.edu.vn
2021102036,Đặng Quốc An,sv002036@uni.edu.vn
2022102037,Bùi Quốc An,sv002037@uni.edu.vn
2023102038,Đỗ Quốc An,sv002038@uni.edu.vn
2024102039,Hồ Quốc An,sv002039@uni.edu.vn
2019102040,Nguyễn Anh An,sv002040@uni.edu.vn
2020102041,Trần Anh An,sv002041@uni.edu.vn
2021102042,Lê Anh An,sv002042@uni.edu.vn
2022102043,Phạm Anh An,sv002043@uni.edu.vn
2023102044,Hoàng Anh An,sv002044@uni.edu.vn
2024102045,Vũ Anh An,sv002045@uni.edu.vn
2019102046,Đặng Anh An,sv002046@uni.edu.vn
2020102047,Bùi Anh An,sv002047@uni.edu.vn
2021102048,Đỗ Anh An,sv002048@uni.edu.vn
2022102049,Hồ Anh An,sv002049@uni.edu.vn
2023102050,Nguyễn Tuấn An,sv002050@uni.edu.vn
2024102051,Trần Tuấn An,sv002051@uni.edu.vn
2019102052,Lê Tuấn An,sv002052@uni.edu.vn
2020102053,Phạm Tuấn An,sv002053@uni.edu.vn
2021102054,Hoàng Tuấn An,sv002054@uni.edu.vn
2022102055,Vũ Tuấn An,sv002055@uni.edu.vn
2023102056,Đặng Tuấn An,sv002056@uni.edu.vn
2024102057,Bùi Tuấn An,sv002057@uni.edu.vn
2019102058,Đỗ Tuấn An,sv002058@uni.edu.vn
2020102059,Hồ Tuấn An,sv002059@uni.edu.vn
2021102060,Nguyễn Hữu An,sv002060@uni.edu.vn
2022102061,Trần Hữu An,sv002061@uni.edu.vn
2023102062,Lê Hữu An,sv002062@uni.edu.vn
2024102063,Phạm Hữu An,sv002063@uni.edu.vn
2019102064,Hoàng Hữu An,sv002064@uni.edu.vn
2020102065,Vũ Hữu An,sv002065@uni.edu.vn
2021102066,Đặng Hữu An,sv002066@uni.edu.vn
2022102067,Bùi Hữu An,sv002067@uni.edu.vn
2023102068,Đỗ Hữu An,sv002068@uni.edu.vn
2024102069,Hồ Hữu An,sv002069@uni.edu.vn
2019102070,Nguyễn Thành An,sv002070@uni.edu.vn
2020102071,Trần Thành An,sv002071@uni.edu.vn
2021102072,Lê Thành An,sv002072@uni.edu.vn
2022102073,Phạm Thành An,sv002073@uni.edu.vn
2023102074,Hoàng Thành An,sv002074@uni.edu.vn
2024102075,Vũ Thành An,sv002075@uni.edu.vn
2019102076,Đặng Thành An,sv002076@uni.edu.vn
2020102077,Bùi Thành An,sv002077@uni.edu.vn
2021102078,Đỗ Thành An,sv002078@uni.edu.vn
2022102079,Hồ Thành An,sv002079@uni.edu.vn
2023102080,Nguyễn Ngọc An,sv002080@uni.edu.vn
2024102081,Trần Ngọc An,sv002081@uni.edu.vn
2019102082,Lê Ngọc An,sv002082@uni.edu.vn
2020102083,Phạm Ngọc An,sv002083@uni.edu.vn
2021102084,Hoàng Ngọc An,sv002084@uni.edu.vn
2022102085,Vũ Ngọc An,sv002085@uni.edu.vn
2023102086,Đặng Ngọc An,sv002086@uni.edu.vn
2024102087,Bùi Ngọc An,sv002087@uni.edu.vn
2019102088,Đỗ Ngọc An,sv002088@uni.edu.vn
2020102089,Hồ Ngọc An,sv002089@uni.edu.vn
2021102090,Nguyễn An,sv002090@uni.edu.vn
2022102091,Trần An,sv002091@uni.edu.vn
2023102092,Lê An,sv002092@uni.edu.vn
2024102093,Phạm An,sv002093@uni.edu.vn
2019102094,Hoàng An,sv002094@uni.edu.vn
2020102095,Vũ An,sv002095@uni.edu.vn
2021102096,Đặng An,sv002096@uni.edu.vn
2022102097,Bùi An,sv002097@uni.edu.vn
2023102098,Đỗ An,sv002098@uni.edu.vn
2024102099,Hồ An,sv002099@uni.edu.vn
2019102100,Nguyễn Thị Bình,sv002100@uni.edu.vn
2020102101,Trần Thị Bình,sv002101@uni.edu.vn
2021102102,Lê Thị Bình,sv002102@uni.edu.vn
2022102103,Phạm Thị Bình,sv002103@uni.edu.vn
2023102104,Hoàng Thị Bình,sv002104@uni.edu.vn
2024102105,Vũ Thị Bình,sv002105@uni.edu.vn
2019102106,Đặng Thị Bình,sv002106@uni.edu.vn
2020102107,Bùi Thị Bình,sv002107@uni.edu.vn
2021102108,Đỗ Thị Bình,sv002108@uni.edu.vn
2022102109,Hồ Thị Bình,sv002109@uni.edu.vn
2023102110,Nguyễn Văn Bình,sv002110@uni.edu.vn
2024102111,Trần Văn Bình,sv002111@uni.edu.vn
2019102112,Lê Văn Bình,sv002112@uni.edu.vn
2020102113,Phạm Văn Bình,sv002113@uni.edu.vn
2021102114,Hoàng Văn Bình,sv002114@uni.edu.vn
2022102115,Vũ Văn Bình,sv002115@uni.edu.vn
2023102116,Đặng Văn Bình,sv002116@uni.edu.vn
2024102117,Bùi Văn Bình,sv002117@uni.edu.vn
2019102118,Đỗ Văn Bình,sv002118@uni.edu.vn
2020102119,Hồ Văn Bình,sv002119@uni.edu.vn
2021102120,Nguyễn Minh Bình,sv002120@uni.edu.vn
2022102121,Trần Minh Bình,sv002121@uni.edu.vn
2023102122,Lê Minh Bình,sv002122@uni.edu.vn
2024102123,Phạm Minh Bình,sv002123@uni.edu.vn
2019102124,Hoàng Minh Bình,sv002124@uni.edu.vn
2020102125,Vũ Minh Bình,sv002125@uni.edu.vn
2021102126,Đặng Minh Bình,sv002126@uni.edu.vn
2022102127,Bùi Minh Bình,sv002127@uni.edu.vn
2023102128,Đỗ Minh Bình,sv002128@uni.edu.vn
2024102129,Hồ Minh Bình,sv002129@uni.edu.vn
2019102130,Nguyễn Quốc Bình,sv002130@uni.edu.vn
2020102131,Trần Quốc Bình,sv002131@uni.edu.vn
2021102132,Lê Quốc Bình,sv002132@uni.edu.vn
2022102133,Phạm Quốc Bình,sv002133@uni.edu.vn
2023102134,Hoàng Quốc Bình,sv002134@uni.edu.vn
2024102135,Vũ Quốc Bình,sv002135@uni.edu.vn
2019102136,Đặng Quốc Bình,sv002136@uni.edu.vn
2020102137,Bùi Quốc Bình,sv002137@uni.edu.vn
2021102138,Đỗ Quốc Bình,sv002138@uni.edu.vn
2022102139,Hồ Quốc Bình,sv002139@uni.edu.vn
2023102140,Nguyễn Anh Bình,sv002140@uni.edu.vn
2024102141,Trần Anh Bình,sv002141@uni.edu.vn
2019102142,Lê Anh Bình,sv002142@uni.edu.vn
2020102143,Phạm Anh Bình,sv002143@uni.edu.vn
2021102144,Hoàng Anh Bình,sv002144@uni.edu.vn
2022102145,Vũ Anh Bình,sv002145@uni.edu.vn
2023102146,Đặng Anh Bình,sv002146@uni.edu.vn
2024102147,Bùi Anh Bình,sv002147@uni.edu.vn
2019102148,Đỗ Anh Bình,sv002148@uni.edu.vn
2020102149,Hồ Anh Bình,sv002149@uni.edu.vn
2021102150,Nguyễn Tuấn Bình,sv002150@uni.edu.vn
2022102151,Trần Tuấn Bình,sv002151@uni.edu.vn
2023102152,Lê Tuấn Bình,sv002152@uni.edu.vn
2024102153,Phạm Tuấn Bình,sv002153@uni.edu.vn
2019102154,Hoàng Tuấn Bình,sv002154@uni.edu.vn
2020102155,Vũ Tuấn Bình,sv002155@uni.edu.vn
2021102156,Đặng Tuấn Bình,sv002156@uni.edu.vn
2022102157,Bùi Tuấn Bình,sv002157@uni.edu.vn
2023102158,Đỗ Tuấn Bình,sv002158@uni.edu.vn
2024102159,Hồ Tuấn Bình,sv002159@uni.edu.vn
2019102160,Nguyễn Hữu Bình,sv002160@uni.edu.vn
2020102161,Trần Hữu Bình,sv002161@uni.edu.vn
2021102162,Lê Hữu Bình,sv002162@uni.edu.vn
2022102163,Phạm Hữu Bình,sv002163@uni.edu.vn
2023102164,Hoàng Hữu Bình,sv002164@uni.edu.vn
2024102165,Vũ Hữu Bình,sv002165@uni.edu.vn
2019102166,Đặng Hữu Bình,sv002166@uni.edu.vn
2020102167,Bùi Hữu Bình,sv002167@uni.edu.vn
2021102168,Đỗ Hữu Bình,sv002168@uni.edu.vn
2022102169,Hồ Hữu Bình,sv002169@uni.edu.vn
2023102170,Nguyễn Thành Bình,sv002170@uni.edu.vn
2024102171,Trần Thành Bình,sv002171@uni.edu.vn
2019102172,Lê Thành Bình,sv002172@uni.edu.vn
2020102173,Phạm Thành Bình,sv002173@uni.edu.vn
2021102174,Hoàng Thành Bình,sv002174@uni.edu.vn
2022102175,Vũ Thành Bình,sv002175@uni.edu.vn
2023102176,Đặng Thành Bình,sv002176@uni.edu.vn
2024102177,Bùi Thành Bình,sv002177@uni.edu.vn
2019102178,Đỗ Thành Bình,sv002178@uni.edu.vn
2020102179,Hồ Thành Bình,sv002179@uni.edu.vn
2021102180,Nguyễn Ngọc Bình,sv002180@uni.edu.vn
2022102181,Trần Ngọc Bình,sv002181@uni.edu.vn
2023102182,Lê Ngọc Bình,sv002182@uni.edu.vn
2024102183,Phạm Ngọc Bình,sv002183@uni.edu.vn
2019102184,Hoàng Ngọc Bình,sv002184@uni.edu.vn
2020102185,Vũ Ngọc Bình,sv002185@uni.edu.vn
2021102186,Đặng Ngọc Bình,sv002186@uni.edu.vn
2022102187,Bùi Ngọc Bình,sv002187@uni.edu.vn
2023102188,Đỗ Ngọc Bình,sv002188@uni.edu.vn
2024102189,Hồ Ngọc Bình,sv002189@uni.edu.vn
2019102190,Nguyễn Bình,sv002190@uni.edu.vn
2020102191,Trần Bình,sv002191@uni.edu.vn
2021102192,Lê Bình,sv002192@uni.edu.vn
2022102193,Phạm Bình,sv002193@uni.edu.vn
2023102194,Hoàng Bình,sv002194@uni.edu.vn
2024102195,Vũ Bình,sv002195@uni.edu.vn
2019102196,Đặng Bình,sv002196@uni.edu.vn
2020102197,Bùi Bình,sv002197@uni.edu.vn
2021102198,Đỗ Bình,sv002198@uni.edu.vn
2022102199,Hồ Bình,sv002199@uni.edu.vn
2023102200,Nguyễn Thị Chi,sv002200@uni.edu.vn
2024102201,Trần Thị Chi,sv002201@uni.edu.vn
2019102202,Lê Thị Chi,sv002202@uni.edu.vn
2020102203,Phạm Thị Chi,sv002203@uni.edu.vn
2021102204,Hoàng Thị Chi,sv002204@uni.edu.vn
2022102205,Vũ Thị Chi,sv002205@uni.edu.vn
2023102206,Đặng Thị Chi,sv002206@uni.edu.vn
2024102207,Bùi Thị Chi,sv002207@uni.edu.vn
2019102208,Đỗ Thị Chi,sv002208@uni.edu.vn
2020102209,Hồ Thị Chi,sv002209@uni.edu.vn
2021102210,Nguyễn Văn Chi,sv002210@uni.edu.vn
2022102211,Trần Văn Chi,sv002211@uni.edu.vn
2023102212,Lê Văn Chi,sv002212@uni.edu.vn
2024102213,Phạm Văn Chi,sv002213@uni.edu.vn
2019102214,Hoàng Văn Chi,sv002214@uni.edu.vn
2020102215,Vũ Văn Chi,sv002215@uni.edu.vn
2021102216,Đặng Văn Chi,sv002216@uni.edu.vn
2022102217,Bùi Văn Chi,sv002217@uni.edu.vn
2023102218,Đỗ Văn Chi,sv002218@uni.edu.vn
2024102219,Hồ Văn Chi,sv002219@uni.edu.vn
2019102220,Nguyễn Minh Chi,sv002220@uni.edu.vn
2020102221,Trần Minh Chi,sv002221@uni.edu.vn
2021102222,Lê Minh Chi,sv002222@uni.edu.vn
2022102223,Phạm Minh Chi,sv002223@uni.edu.vn
2023102224,Hoàng Minh Chi,sv002224@uni.edu.vn
2024102225,Vũ Minh Chi,sv002225@uni.edu.vn
2019102226,Đặng Minh Chi,sv002226@uni.edu.vn
2020102227,Bùi Minh Chi,sv002227@uni.edu.vn
2021102228,Đỗ Minh Chi,sv002228@uni.edu.vn
2022102229,Hồ Minh Chi,sv002229@uni.edu.vn
2023102230,Nguyễn Quốc Chi,sv002230@uni.edu.vn
2024102231,Trần Quốc Chi,sv002231@uni.edu.vn
2019102232,Lê Quốc Chi,sv002232@uni.edu.vn
2020102233,Phạm Quốc Chi,sv002233@uni.edu.vn
2021102234,Hoàng Quốc Chi,sv002234@uni.edu.vn
2022102235,Vũ Quốc Chi,sv002235@uni.edu.vn
2023102236,Đặng Quốc Chi,sv002236@uni.edu.vn
2024102237,Bùi Quốc Chi,sv002237@uni.edu.vn
2019102238,Đỗ Quốc Chi,sv002238@uni.edu.vn
2020102239,Hồ Quốc Chi,sv002239@uni.edu.vn
2021102240,Nguyễn Anh Chi,sv002240@uni.edu.vn
2022102241,Trần Anh Chi,sv002241@uni.edu.vn
2023102242,Lê Anh Chi,sv002242@uni.edu.vn
2024102243,Phạm Anh Chi,sv002243@uni.edu.vn
2019102244,Hoàng Anh Chi,sv002244@uni.edu.vn
2020102245,Vũ Anh Chi,sv002245@uni.edu.vn
2021102246,Đặng Anh Chi,sv002246@uni.edu.vn
2022102247,Bùi Anh Chi,sv002247@uni.edu.vn
2023102248,Đỗ Anh Chi,sv002248@uni.edu.vn
2024102249,Hồ Anh Chi,sv002249@uni.edu.vn
2019102250,Nguyễn Tuấn Chi,sv002250@uni.edu.vn
2020102251,Trần Tuấn Chi,sv002251@uni.edu.vn
2021102252,Lê Tuấn Chi,sv002252@uni.edu.vn
2022102253,Phạm Tuấn Chi,sv002253@uni.edu.vn
2023102254,Hoàng Tuấn Chi,sv002254@uni.edu.vn
2024102255,Vũ Tuấn Chi,sv002255@uni.edu.vn
2019102256,Đặng Tuấn Chi,sv002256@uni.edu.vn
2020102257,Bùi Tuấn Chi,sv002257@uni.edu.vn
2021102258,Đỗ Tuấn Chi,sv002258@uni.edu.vn
2022102259,Hồ Tuấn Chi,sv002259@uni.edu.vn
2023102260,Nguyễn Hữu Chi,sv002260@uni.edu.vn
2024102261,Trần Hữu Chi,sv002261@uni.edu.vn
2019102262,Lê Hữu Chi,sv002262@uni.edu.vn
2020102263,Phạm Hữu Chi,sv002263@uni.edu.vn
2021102264,Hoàng Hữu Chi,sv002264@uni.edu.vn
2022102265,Vũ Hữu Chi,sv002265@uni.edu.vn
2023102266,Đặng Hữu Chi,sv002266@uni.edu.vn
2024102267,Bùi Hữu Chi,sv002267@uni.edu.vn
2019102268,Đỗ Hữu Chi,sv002268@uni.edu.vn
2020102269,Hồ Hữu Chi,sv002269@uni.edu.vn
2021102270,Nguyễn Thành Chi,sv002270@uni.edu.vn
2022102271,Trần Thành Chi,sv002271@uni.edu.vn
2023102272,Lê Thành Chi,sv002272@uni.edu.vn
2024102273,Phạm Thành Chi,sv002273@uni.edu.vn
2019102274,Hoàng Thành Chi,sv002274@uni.edu.vn
2020102275,Vũ Thành Chi,sv002275@uni.edu.vn
2021102276,Đặng Thành Chi,sv002276@uni.edu.vn
2022102277,Bùi Thành Chi,sv002277@uni.edu.vn
2023102278,Đỗ Thành Chi,sv002278@uni.edu.vn
2024102279,Hồ Thành Chi,sv002279@uni.edu.vn
2019102280,Nguyễn Ngọc Chi,sv002280@uni.edu.vn
2020102281,Trần Ngọc Chi,sv002281@uni.edu.vn
2021102282,Lê Ngọc Chi,sv002282@uni.edu.vn
2022102283,Phạm Ngọc Chi,sv002283@uni.edu.vn
2023102284,Hoàng Ngọc Chi,sv002284@uni.edu.vn
2024102285,Vũ Ngọc Chi,sv002285@uni.edu.vn
2019102286,Đặng Ngọc Chi,sv002286@uni.edu.vn
2020102287,Bùi Ngọc Chi,sv002287@uni.edu.vn
2021102288,Đỗ Ngọc Chi,sv002288@uni.edu.vn
2022102289,Hồ Ngọc Chi,sv002289@uni.edu.vn
2023102290,Nguyễn Chi,sv002290@uni.edu.vn
2024102291,Trần Chi,sv002291@uni.edu.vn
2019102292,Lê Chi,sv002292@uni.edu.vn
2020102293,Phạm Chi,sv002293@uni.edu.vn
2021102294,Hoàng Chi,sv002294@uni.edu.vn
2022102295,Vũ Chi,sv002295@uni.edu.vn
2023102296,Đặng Chi,sv002296@uni.edu.vn
2024102297,Bùi Chi,sv002297@uni.edu.vn
2019102298,Đỗ Chi,sv002298@uni.edu.vn
2020102299,Hồ Chi,sv002299@uni.edu.vn
2021102300,Nguyễn Thị Dũng,sv002300@uni.edu.vn
2022102301,Trần Thị Dũng,sv002301@uni.edu.vn
2023102302,Lê Thị Dũng,sv002302@uni.edu.vn
2024102303,Phạm Thị Dũng,sv002303@uni.edu.vn
2019102304,Hoàng Thị Dũng,sv002304@uni.edu.vn
2020102305,Vũ Thị Dũng,sv002305@uni.edu.vn
2021102306,Đặng Thị Dũng,sv002306@uni.edu.vn
2022102307,Bùi Thị Dũng,sv002307@uni.edu.vn
2023102308,Đỗ Thị Dũng,sv002308@uni.edu.vn
2024102309,Hồ Thị Dũng,sv002309@uni.edu.vn
2019102310,Nguyễn Văn Dũng,sv002310@uni.edu.vn
2020102311,Trần Văn Dũng,sv002311@uni.edu.vn
2021102312,Lê Văn Dũng,sv002312@uni.edu.vn
2022102313,Phạm Văn Dũng,sv002313@uni.edu.vn
2023102314,Hoàng Văn Dũng,sv002314@uni.edu.vn
2024102315,Vũ Văn Dũng,sv002315@uni.edu.vn
2019102316,Đặng Văn Dũng,sv002316@uni.edu.vn
2020102317,Bùi Văn Dũng,sv002317@uni.edu.vn
2021102318,Đỗ Văn Dũng,sv002318@uni.edu.vn
2022102319,Hồ Văn Dũng,sv002319@uni.edu.vn
2023102320,Nguyễn Minh Dũng,sv002320@uni.edu.vn
2024102321,Trần Minh Dũng,sv002321@uni.edu.vn
2019102322,Lê Minh Dũng,sv002322@uni.edu.vn
2020102323,Phạm Minh Dũng,sv002323@uni.edu.vn
2021102324,Hoàng Minh Dũng,sv002324@uni.edu.vn
2022102325,Vũ Minh Dũng,sv002325@uni.edu.vn
2023102326,Đặng Minh Dũng,sv002326@uni.edu.vn
2024102327,Bùi Minh Dũng,sv002327@uni.edu.vn
2019102328,Đỗ Minh Dũng,sv002328@uni.edu.vn
2020102329,Hồ Minh Dũng,sv002329@uni.edu.vn
2021102330,Nguyễn Quốc Dũng,sv002330@uni.edu.vn
2022102331,Trần Quốc Dũng,sv002331@uni.edu.vn
2023102332,Lê Quốc Dũng,sv002332@uni.edu.vn
2024102333,Phạm Quốc Dũng,sv002333@uni.edu.vn
2019102334,Hoàng Quốc Dũng,sv002334@uni.edu.vn
2020102335,Vũ Quốc Dũng,sv002335@uni.edu.vn
2021102336,Đặng Quốc Dũng,sv002336@uni.edu.vn
2022102337,Bùi Quốc Dũng,sv002337@uni.edu.vn
2023102338,Đỗ Quốc Dũng,sv002338@uni.edu.vn
2024102339,Hồ Quốc Dũng,sv002339@uni.edu.vn
2019102340,Nguyễn Anh Dũng,sv002340@uni.edu.vn
2020102341,Trần Anh Dũng,sv002341@uni.edu.vn
2021102342,Lê Anh Dũng,sv002342@uni.edu.vn
2022102343,Phạm Anh Dũng,sv002343@uni.edu.vn
2023102344,Hoàng Anh Dũng,sv002344@uni.edu.vn
2024102345,Vũ Anh Dũng,sv002345@uni.edu.vn
2019102346,Đặng Anh Dũng,sv002346@uni.edu.vn
2020102347,Bùi Anh Dũng,sv002347@uni.edu.vn
2021102348,Đỗ Anh Dũng,sv002348@uni.edu.vn
2022102349,Hồ Anh Dũng,sv002349@uni.edu.vn
2023102350,Nguyễn Tuấn Dũng,sv002350@uni.edu.vn
2024102351,Trần Tuấn Dũng,sv002351@uni.edu.vn
2019102352,Lê Tuấn Dũng,sv002352@uni.edu.vn
2020102353,Phạm Tuấn Dũng,sv002353@uni.edu.vn
2021102354,Hoàng Tuấn Dũng,sv002354@uni.edu.vn
2022102355,Vũ Tuấn Dũng,sv002355@uni.edu.vn
2023102356,Đặng Tuấn Dũng,sv002356@uni.edu.vn
2024102357,Bùi Tuấn Dũng,sv002357@uni.edu.vn
2019102358,Đỗ Tuấn Dũng,sv002358@uni.edu.vn
2020102359,Hồ Tuấn Dũng,sv002359@uni.edu.vn
2021102360,Nguyễn Hữu Dũng,sv002360@uni.edu.vn
2022102361,Trần Hữu Dũng,sv002361@uni.edu.vn
2023102362,Lê Hữu Dũng,sv002362@uni.edu.vn
2024102363,Phạm Hữu Dũng,sv002363@uni.edu.vn
2019102364,Hoàng Hữu Dũng,sv002364@uni.edu.vn
2020102365,Vũ Hữu Dũng,sv002365@uni.edu.vn
2021102366,Đặng Hữu Dũng,sv002366@uni.edu.vn
2022102367,Bùi Hữu Dũng,sv002367@uni.edu.vn
2023102368,Đỗ Hữu Dũng,sv002368@uni.edu.vn
2024102369,Hồ Hữu Dũng,sv002369@uni.edu.vn
2019102370,Nguyễn Thành Dũng,sv002370@uni.edu.vn
2020102371,Trần Thành Dũng,sv002371@uni.edu.vn
2021102372,Lê Thành Dũng,sv002372@uni.edu.vn
2022102373,Phạm Thành Dũng,sv002373@uni.edu.vn
2023102374,Hoàng Thành Dũng,sv002374@uni.edu.vn
2024102375,Vũ Thành Dũng,sv002375@uni.edu.vn
2019102376,Đặng Thành Dũng,sv002376@uni.edu.vn
2020102377,Bùi Thành Dũng,sv002377@uni.edu.vn
2021102378,Đỗ Thành Dũng,sv002378@uni.edu.vn
2022102379,Hồ Thành Dũng,sv002379@uni.edu.vn
2023102380,Nguyễn Ngọc Dũng,sv002380@uni.edu.vn
2024102381,Trần Ngọc Dũng,sv002381@uni.edu.vn
2019102382,Lê Ngọc Dũng,sv002382@uni.edu.vn
2020102383,Phạm Ngọc Dũng,sv002383@uni.edu.vn
2021102384,Hoàng Ngọc Dũng,sv002384@uni.edu.vn
2022102385,Vũ Ngọc Dũng,sv002385@uni.edu.vn
2023102386,Đặng Ngọc Dũng,sv002386@uni.edu.vn
2024102387,Bùi Ngọc Dũng,sv002387@uni.edu.vn
2019102388,Đỗ Ngọc Dũng,sv002388@uni.edu.vn
2020102389,Hồ Ngọc Dũng,sv002389@uni.edu.vn
2021102390,Nguyễn Dũng,sv002390@uni.edu.vn
2022102391,Trần Dũng,sv002391@uni.edu.vn
2023102392,Lê Dũng,sv002392@uni.edu.vn
2024102393,Phạm Dũng,sv002393@uni.edu.vn
2019102394,Hoàng Dũng,sv002394@uni.edu.vn
2020102395,Vũ Dũng,sv002395@uni.edu.vn
2021102396,Đặng Dũng,sv002396@uni.edu.vn
2022102397,Bùi Dũng,sv002397@uni.edu.vn
2023102398,Đỗ Dũng,sv002398@uni.edu.vn
2024102399,Hồ Dũng,sv002399@uni.edu.vn
2019102400,Nguyễn Thị Giang,sv002400@uni.edu.vn
2020102401,Trần Thị Giang,sv002401@uni.edu.vn
2021102402,Lê Thị Giang,sv002402@uni.edu.vn
2022102403,Phạm Thị Giang,sv002403@uni.edu.vn
2023102404,Hoàng Thị Giang,sv002404@uni.edu.vn
2024102405,Vũ Thị Giang,sv002405@uni.edu.vn
2019102406,Đặng Thị Giang,sv002406@uni.edu.vn
2020102407,Bùi Thị Giang,sv002407@uni.edu.vn
2021102408,Đỗ Thị Giang,sv002408@uni.edu.vn
2022102409,Hồ Thị Giang,sv002409@uni.edu.vn
2023102410,Nguyễn Văn Giang,sv002410@uni.edu.vn
2024102411,Trần Văn Giang,sv002411@uni.edu.vn
2019102412,Lê Văn Giang,sv002412@uni.edu.vn
2020102413,Phạm Văn Giang,sv002413@uni.edu.vn
2021102414,Hoàng Văn Giang,sv002414@uni.edu.vn
2022102415,Vũ Văn Giang,sv002415@uni.edu.vn
2023102416,Đặng Văn Giang,sv002416@uni.edu.vn
2024102417,Bùi Văn Giang,sv002417@uni.edu.vn
2019102418,Đỗ Văn Giang,sv002418@uni.edu.vn
2020102419,Hồ Văn Giang,sv002419@uni.edu.vn
2021102420,Nguyễn Minh Giang,sv002420@uni.edu.vn
2022102421,Trần Minh Giang,sv002421@uni.edu.vn
2023102422,Lê Minh Giang,sv002422@uni.edu.vn
2024102423,Phạm Minh Giang,sv002423@uni.edu.vn
2019102424,Hoàng Minh Giang,sv002424@uni.edu.vn
2020102425,Vũ Minh Giang,sv002425@uni.edu.vn
2021102426,Đặng Minh Giang,sv002426@uni.edu.vn
2022102427,Bùi Minh Giang,sv002427@uni.edu.vn
2023102428,Đỗ Minh Giang,sv002428@uni.edu.vn
2024102429,Hồ Minh Giang,sv002429@uni.edu.vn
2019102430,Nguyễn Quốc Giang,sv002430@uni.edu.vn
2020102431,Trần Quốc Giang,sv002431@uni.edu.vn
2021102432,Lê Quốc Giang,sv002432@uni.edu.vn
2022102433,Phạm Quốc Giang,sv002433@uni.edu.vn
2023102434,Hoàng Quốc Giang,sv002434@uni.edu.vn
2024102435,Vũ Quốc Giang,sv002435@uni.edu.vn
2019102436,Đặng Quốc Giang,sv002436@uni.edu.vn
2020102437,Bùi Quốc Giang,sv002437@uni.edu.vn
2021102438,Đỗ Quốc Giang,sv002438@uni.edu.vn
2022102439,Hồ Quốc Giang,sv002439@uni.edu.vn
2023102440,Nguyễn Anh Giang,sv002440@uni.edu.vn
2024102441,Trần Anh Giang,sv002441@uni.edu.vn
2019102442,Lê Anh Giang,sv002442@uni.edu.vn
2020102443,Phạm Anh Giang,sv002443@uni.edu.vn
2021102444,Hoàng Anh Giang,sv002444@uni.edu.vn
2022102445,Vũ Anh Giang,sv002445@uni.edu.vn
2023102446,Đặng Anh Giang,sv002446@uni.edu.vn
2024102447,Bùi Anh Giang,sv002447@uni.edu.vn
2019102448,Đỗ Anh Giang,sv002448@uni.edu.vn
2020102449,Hồ Anh Giang,sv002449@uni.edu.vn
2021102450,Nguyễn Tuấn Giang,sv002450@uni.edu.vn
2022102451,Trần Tuấn Giang,sv002451@uni.edu.vn
2023102452,Lê Tuấn Giang,sv002452@uni.edu.vn
2024102453,Phạm Tuấn Giang,sv002453@uni.edu.vn
2019102454,Hoàng Tuấn Giang,sv002454@uni.edu.vn
2020102455,Vũ Tuấn Giang,sv002455@uni.edu.vn
2021102456,Đặng Tuấn Giang,sv002456@uni.edu.vn
2022102457,Bùi Tuấn Giang,sv002457@uni.edu.vn
2023102458,Đỗ Tuấn Giang,sv002458@uni.edu.vn
2024102459,Hồ Tuấn Giang,sv002459@uni.edu.vn
2019102460,Nguyễn Hữu Giang,sv002460@uni.edu.vn
2020102461,Trần Hữu Giang,sv002461@uni.edu.vn
2021102462,Lê Hữu Giang,sv002462@uni.edu.vn
2022102463,Phạm Hữu Giang,sv002463@uni.edu.vn
2023102464,Hoàng Hữu Giang,sv002464@uni.edu.vn
2024102465,Vũ Hữu Giang,sv002465@uni.edu.vn
2019102466,Đặng Hữu Giang,sv002466@uni.edu.vn
2020102467,Bùi Hữu Giang,sv002467@uni.edu.vn
2021102468,Đỗ Hữu Giang,sv002468@uni.edu.vn
2022102469,Hồ Hữu Giang,sv002469@uni.edu.vn
2023102470,Nguyễn Thành Giang,sv002470@uni.edu.vn
2024102471,Trần Thành Giang,sv002471@uni.edu.vn
2019102472,Lê Thành Giang,sv002472@uni.edu.vn
2020102473,Phạm Thành Giang,sv002473@uni.edu.vn
2021102474,Hoàng Thành Giang,sv002474@uni.edu.vn
2022102475,Vũ Thành Giang,sv002475@uni.edu.vn
2023102476,Đặng Thành Giang,sv002476@uni.edu.vn
2024102477,Bùi Thành Giang,sv002477@uni.edu.vn
2019102478,Đỗ Thành Giang,sv002478@uni.edu.vn
2020102479,Hồ Thành Giang,sv002479@uni.edu.vn
2021102480,Nguyễn Ngọc Giang,sv002480@uni.edu.vn
2022102481,Trần Ngọc Giang,sv002481@uni.edu.vn
2023102482,Lê Ngọc Giang,sv002482@uni.edu.vn
2024102483,Phạm Ngọc Giang,sv002483@uni.edu.vn
2019102484,Hoàng Ngọc Giang,sv002484@uni.edu.vn
2020102485,Vũ Ngọc Giang,sv002485@uni.edu.vn
2021102486,Đặng Ngọc Giang,sv002486@uni.edu.vn
2022102487,Bùi Ngọc Giang,sv002487@uni.edu.vn
2023102488,Đỗ Ngọc Giang,sv002488@uni.edu.vn
2024102489,Hồ Ngọc Giang,sv002489@uni.edu.vn
2019102490,Nguyễn Giang,sv002490@uni.edu.vn
2020102491,Trần Giang,sv002491@uni.edu.vn
2021102492,Lê Giang,sv002492@uni.edu.vn
2022102493,Phạm Giang,sv002493@uni.edu.vn
2023102494,Hoàng Giang,sv002494@uni.edu.vn
2024102495,Vũ Giang,sv002495@uni.edu.vn
2019102496,Đặng Giang,sv002496@uni.edu.vn
2020102497,Bùi Giang,sv002497@uni.edu.vn
2021102498,Đỗ Giang,sv002498@uni.edu.vn
2022102499,Hồ Giang,sv002499@uni.edu.vn
2023102500,Nguyễn Thị Hà,sv002500@uni.edu.vn
2024102501,Trần Thị Hà,sv002501@uni.edu.vn
2019102502,Lê Thị Hà,sv002502@uni.edu.vn
2020102503,Phạm Thị Hà,sv002503@uni.edu.vn
2021102504,Hoàng Thị Hà,sv002504@uni.edu.vn
2022102505,Vũ Thị Hà,sv002505@uni.edu.vn
2023102506,Đặng Thị Hà,sv002506@uni.edu.vn
2024102507,Bùi Thị Hà,sv002507@uni.edu.vn
2019102508,Đỗ Thị Hà,sv002508@uni.edu.vn
2020102509,Hồ Thị Hà,sv002509@uni.edu.vn
2021102510,Nguyễn Văn Hà,sv002510@uni.edu.vn
2022102511,Trần Văn Hà,sv002511@uni.edu.vn
2023102512,Lê Văn Hà,sv002512@uni.edu.vn
2024102513,Phạm Văn Hà,sv002513@uni.edu.vn
2019102514,Hoàng Văn Hà,sv002514@uni.edu.vn
2020102515,Vũ Văn Hà,sv002515@uni.edu.vn
2021102516,Đặng Văn Hà,sv002516@uni.edu.vn
2022102517,Bùi Văn Hà,sv002517@uni.edu.vn
2023102518,Đỗ Văn Hà,sv002518@uni.edu.vn
2024102519,Hồ Văn Hà,sv002519@uni.edu.vn
2019102520,Nguyễn Minh Hà,sv002520@uni.edu.vn
2020102521,Trần Minh Hà,sv002521@uni.edu.vn
2021102522,Lê Minh Hà,sv002522@uni.edu.vn
2022102523,Phạm Minh Hà,sv002523@uni.edu.vn
2023102524,Hoàng Minh Hà,sv002524@uni.edu.vn
2024102525,Vũ Minh Hà,sv002525@uni.edu.vn
2019102526,Đặng Minh Hà,sv002526@uni.edu.vn
2020102527,Bùi Minh Hà,sv002527@uni.edu.vn
2021102528,Đỗ Minh Hà,sv002528@uni.edu.vn
2022102529,Hồ Minh Hà,sv002529@uni.edu.vn
2023102530,Nguyễn Quốc Hà,sv002530@uni.edu.vn
2024102531,Trần Quốc Hà,sv002531@uni.edu.vn
2019102532,Lê Quốc Hà,sv002532@uni.edu.vn
2020102533,Phạm Quốc Hà,sv002533@uni.edu.vn
2021102534,Hoàng Quốc Hà,sv002534@uni.edu.vn
2022102535,Vũ Quốc Hà,sv002535@uni.edu.vn
2023102536,Đặng Quốc Hà,sv002536@uni.edu.vn
2024102537,Bùi Quốc Hà,sv002537@uni.edu.vn
2019102538,Đỗ Quốc Hà,sv002538@uni.edu.vn
2020102539,Hồ Quốc Hà,sv002539@uni.edu.vn
2021102540,Nguyễn Anh Hà,sv002540@uni.edu.vn
2022102541,Trần Anh Hà,sv002541@uni.edu.vn
2023102542,Lê Anh Hà,sv002542@uni.edu.vn
2024102543,Phạm Anh Hà,sv002543@uni.edu.vn
2019102544,Hoàng Anh Hà,sv002544@uni.edu.vn
2020102545,Vũ Anh Hà,sv002545@uni.edu.vn
2021102546,Đặng Anh Hà,sv002546@uni.edu.vn
2022102547,Bùi Anh Hà,sv002547@uni.edu.vn
2023102548,Đỗ Anh Hà,sv002548@uni.edu.vn
2024102549,Hồ Anh Hà,sv002549@uni.edu.vn
2019102550,Nguyễn Tuấn Hà,sv002550@uni.edu.vn
2020102551,Trần Tuấn Hà,sv002551@uni.edu.vn
2021102552,Lê Tuấn Hà,sv002552@uni.edu.vn
2022102553,Phạm Tuấn Hà,sv002553@uni.edu.vn
2023102554,Hoàng Tuấn Hà,sv002554@uni.edu.vn
2024102555,Vũ Tuấn Hà,sv002555@uni.edu.vn
2019102556,Đặng Tuấn Hà,sv002556@uni.edu.vn
2020102557,Bùi Tuấn Hà,sv002557@uni.edu.vn
2021102558,Đỗ Tuấn Hà,sv002558@uni.edu.vn
2022102559,Hồ Tuấn Hà,sv002559@uni.edu.vn
2023102560,Nguyễn Hữu Hà,sv002560@uni.edu.vn
2024102561,Trần Hữu Hà,sv002561@uni.edu.vn
2019102562,Lê Hữu Hà,sv002562@uni.edu.vn
2020102563,Phạm Hữu Hà,sv002563@uni.edu.vn
2021102564,Hoàng Hữu Hà,sv002564@uni.edu.vn
2022102565,Vũ Hữu Hà,sv002565@uni.edu.vn
2023102566,Đặng Hữu Hà,sv002566@uni.edu.vn
2024102567,Bùi Hữu Hà,sv002567@uni.edu.vn
2019102568,Đỗ Hữu Hà,sv002568@uni.edu.vn
2020102569,Hồ Hữu Hà,sv002569@uni.edu.vn
2021102570,Nguyễn Thành Hà,sv002570@uni.edu.vn
2022102571,Trần Thành Hà,sv002571@uni.edu.vn
2023102572,Lê Thành Hà,sv002572@uni.edu.vn
2024102573,Phạm Thành Hà,sv002573@uni.edu.vn
2019102574,Hoàng Thành Hà,sv002574@uni.edu.vn
2020102575,Vũ Thành Hà,sv002575@uni.edu.vn
2021102576,Đặng Thành Hà,sv002576@uni.edu.vn
2022102577,Bùi Thành Hà,sv002577@uni.edu.vn
2023102578,Đỗ Thành Hà,sv002578@uni.edu.vn
2024102579,Hồ Thành Hà,sv002579@uni.edu.vn
2019102580,Nguyễn Ngọc Hà,sv002580@uni.edu.vn
2020102581,Trần Ngọc Hà,sv002581@uni.edu.vn
2021102582,Lê Ngọc Hà,sv002582@uni.edu.vn
2022102583,Phạm Ngọc Hà,sv002583@uni.edu.vn
2023102584,Hoàng Ngọc Hà,sv002584@uni.edu.vn
2024102585,Vũ Ngọc Hà,sv002585@uni.edu.vn
2019102586,Đặng Ngọc Hà,sv002586@uni.edu.vn
2020102587,Bùi Ngọc Hà,sv002587@uni.edu.vn
2021102588,Đỗ Ngọc Hà,sv002588@uni.edu.vn
2022102589,Hồ Ngọc Hà,sv002589@uni.edu.vn
2023102590,Nguyễn Hà,sv002590@uni.edu.vn
2024102591,Trần Hà,sv002591@uni.edu.vn
2019102592,Lê Hà,sv002592@uni.edu.vn
2020102593,Phạm Hà,sv002593@uni.edu.vn
2021102594,Hoàng Hà,sv002594@uni.edu.vn
2022102595,Vũ Hà,sv002595@uni.edu.vn
2023102596,Đặng Hà,sv002596@uni.edu.vn
2024102597,Bùi Hà,sv002597@uni.edu.vn
2019102598,Đỗ Hà,sv002598@uni.edu.vn
2020102599,Hồ Hà,sv002599@uni.edu.vn
2021102600,Nguyễn Thị Hùng,sv002600@uni.edu.vn
2022102601,Trần Thị Hùng,sv002601@uni.edu.vn
2023102602,Lê Thị Hùng,sv002602@uni.edu.vn
2024102603,Phạm Thị Hùng,sv002603@uni.edu.vn
2019102604,Hoàng Thị Hùng,sv002604@uni.edu.vn
2020102605,Vũ Thị Hùng,sv002605@uni.edu.vn
2021102606,Đặng Thị Hùng,sv002606@uni.edu.vn
2022102607,Bùi Thị Hùng,sv002607@uni.edu.vn
2023102608,Đỗ Thị Hùng,sv002608@uni.edu.vn
2024102609,Hồ Thị Hùng,sv002609@uni.edu.vn
2019102610,Nguyễn Văn Hùng,sv002610@uni.edu.vn
2020102611,Trần Văn Hùng,sv002611@uni.edu.vn
2021102612,Lê Văn Hùng,sv002612@uni.edu.vn
2022102613,Phạm Văn Hùng,sv002613@uni.edu.vn
2023102614,Hoàng Văn Hùng,sv002614@uni.edu.vn
2024102615,Vũ Văn Hùng,sv002615@uni.edu.vn
2019102616,Đặng Văn Hùng,sv002616@uni.edu.vn
2020102617,Bùi Văn Hùng,sv002617@uni.edu.vn
2021102618,Đỗ Văn Hùng,sv002618@uni.edu.vn
2022102619,Hồ Văn Hùng,sv002619@uni.edu.vn
2023102620,Nguyễn Minh Hùng,sv002620@uni.edu.vn
2024102621,Trần Minh Hùng,sv002621@uni.edu.vn
2019102622,Lê Minh Hùng,sv002622@uni.edu.vn
2020102623,Phạm Minh Hùng,sv002623@uni.edu.vn
2021102624,Hoàng Minh Hùng,sv002624@uni.edu.vn
2022102625,Vũ Minh Hùng,sv002625@uni.edu.vn
2023102626,Đặng Minh Hùng,sv002626@uni.edu.vn
2024102627,Bùi Minh Hùng,sv002627@uni.edu.vn
2019102628,Đỗ Minh Hùng,sv002628@uni.edu.vn
2020102629,Hồ Minh Hùng,sv002629@uni.edu.vn
2021102630,Nguyễn Quốc Hùng,sv002630@uni.edu.vn
2022102631,Trần Quốc Hùng,sv002631@uni.edu.vn
2023102632,Lê Quốc Hùng,sv002632@uni.edu.vn
2024102633,Phạm Quốc Hùng,sv002633@uni.edu.vn
2019102634,Hoàng Quốc Hùng,sv002634@uni.edu.vn
2020102635,Vũ Quốc Hùng,sv002635@uni.edu.vn
2021102636,Đặng Quốc Hùng,sv002636@uni.edu.vn
2022102637,Bùi Quốc Hùng,sv002637@uni.edu.vn
2023102638,Đỗ Quốc Hùng,sv002638@uni.edu.vn
2024102639,Hồ Quốc Hùng,sv002639@uni.edu.vn
2019102640,Nguyễn Anh Hùng,sv002640@uni.edu.vn
2020102641,Trần Anh Hùng,sv002641@uni.edu.vn
2021102642,Lê Anh Hùng,sv002642@uni.edu.vn
2022102643,Phạm Anh Hùng,sv002643@uni.edu.vn
2023102644,Hoàng Anh Hùng,sv002644@uni.edu.vn
2024102645,Vũ Anh Hùng,sv002645@uni.edu.vn
2019102646,Đặng Anh Hùng,sv002646@uni.edu.vn
2020102647,Bùi Anh Hùng,sv002647@uni.edu.vn
2021102648,Đỗ Anh Hùng,sv002648@uni.edu.vn
2022102649,Hồ Anh Hùng,sv002649@uni.edu.vn
2023102650,Nguyễn Tuấn Hùng,sv002650@uni.edu.vn
2024102651,Trần Tuấn Hùng,sv002651@uni.edu.vn
2019102652,Lê Tuấn Hùng,sv002652@uni.edu.vn
2020102653,Phạm Tuấn Hùng,sv002653@uni.edu.vn
2021102654,Hoàng Tuấn Hùng,sv002654@uni.edu.vn
2022102655,Vũ Tuấn Hùng,sv002655@uni.edu.vn
2023102656,Đặng Tuấn Hùng,sv002656@uni.edu.vn
2024102657,Bùi Tuấn Hùng,sv002657@uni.edu.vn
2019102658,Đỗ Tuấn Hùng,sv002658@uni.edu.vn
2020102659,Hồ Tuấn Hùng,sv002659@uni.edu.vn
2021102660,Nguyễn Hữu Hùng,sv002660@uni.edu.vn
2022102661,Trần Hữu Hùng,sv002661@uni.edu.vn
2023102662,Lê Hữu Hùng,sv002662@uni.edu.vn
2024102663,Phạm Hữu Hùng,sv002663@uni.edu.vn
2019102664,Hoàng Hữu Hùng,sv002664@uni.edu.vn
2020102665,Vũ Hữu Hùng,sv002665@uni.edu.vn
2021102666,Đặng Hữu Hùng,sv002666@uni.edu.vn
2022102667,Bùi Hữu Hùng,sv002667@uni.edu.vn
2023102668,Đỗ Hữu Hùng,sv002668@uni.edu.vn
2024102669,Hồ Hữu Hùng,sv002669@uni.edu.vn
2019102670,Nguyễn Thành Hùng,sv002670@uni.edu.vn
2020102671,Trần Thành Hùng,sv002671@uni.edu.vn
2021102672,Lê Thành Hùng,sv002672@uni.edu.vn
2022102673,Phạm Thành Hùng,sv002673@uni.edu.vn
2023102674,Hoàng Thành Hùng,sv002674@uni.edu.vn
2024102675,Vũ Thành Hùng,sv002675@uni.edu.vn
2019102676,Đặng Thành Hùng,sv002676@uni.edu.vn
2020102677,Bùi Thành Hùng,sv002677@uni.edu.vn
2021102678,Đỗ Thành Hùng,sv002678@uni.edu.vn
2022102679,Hồ Thành Hùng,sv002679@uni.edu.vn
2023102680,Nguyễn Ngọc Hùng,sv002680@uni.edu.vn
2024102681,Trần Ngọc Hùng,sv002681@uni.edu.vn
2019102682,Lê Ngọc Hùng,sv002682@uni.edu.vn
2020102683,Phạm Ngọc Hùng,sv002683@uni.edu.vn
2021102684,Hoàng Ngọc Hùng,sv002684@uni.edu.vn
2022102685,Vũ Ngọc Hùng,sv002685@uni.edu.vn
2023102686,Đặng Ngọc Hùng,sv002686@uni.edu.vn
2024102687,Bùi Ngọc Hùng,sv002687@uni.edu.vn
2019102688,Đỗ Ngọc Hùng,sv002688@uni.edu.vn
2020102689,Hồ Ngọc Hùng,sv002689@uni.edu.vn
2021102690,Nguyễn Hùng,sv002690@uni.edu.vn
2022102691,Trần Hùng,sv002691@uni.edu.vn
2023102692,Lê Hùng,sv002692@uni.edu.vn
2024102693,Phạm Hùng,sv002693@uni.edu.vn
2019102694,Hoàng Hùng,sv002694@uni.edu.vn
2020102695,Vũ Hùng,sv002695@uni.edu.vn
2021102696,Đặng Hùng,sv002696@uni.edu.vn
2022102697,Bùi Hùng,sv002697@uni.edu.vn
2023102698,Đỗ Hùng,sv002698@uni.edu.vn
2024102699,Hồ Hùng,sv002699@uni.edu.vn
2019102700,Nguyễn Thị Khoa,sv002700@uni.edu.vn
2020102701,Trần Thị Khoa,sv002701@uni.edu.vn
2021102702,Lê Thị Khoa,sv002702@uni.edu.vn
2022102703,Phạm Thị Khoa,sv002703@uni.edu.vn
2023102704,Hoàng Thị Khoa,sv002704@uni.edu.vn
2024102705,Vũ Thị Khoa,sv002705@uni.edu.vn
2019102706,Đặng Thị Khoa,sv002706@uni.edu.vn
2020102707,Bùi Thị Khoa,sv002707@uni.edu.vn
2021102708,Đỗ Thị Khoa,sv002708@uni.edu.vn
2022102709,Hồ Thị Khoa,sv002709@uni.edu.vn
2023102710,Nguyễn Văn Khoa,sv002710@uni.edu.vn
2024102711,Trần Văn Khoa,sv002711@uni.edu.vn
2019102712,Lê Văn Khoa,sv002712@uni.edu.vn
2020102713,Phạm Văn Khoa,sv002713@uni.edu.vn
2021102714,Hoàng Văn Khoa,sv002714@uni.edu.vn
2022102715,Vũ Văn Khoa,sv002715@uni.edu.vn
2023102716,Đặng Văn Khoa,sv002716@uni.edu.vn
2024102717,Bùi Văn Khoa,sv002717@uni.edu.vn
2019102718,Đỗ Văn Khoa,sv002718@uni.edu.vn
2020102719,Hồ Văn Khoa,sv002719@uni.edu.vn
2021102720,Nguyễn Minh Khoa,sv002720@uni.edu.vn
2022102721,Trần Minh Khoa,sv002721@uni.edu.vn
2023102722,Lê Minh Khoa,sv002722@uni.edu.vn
2024102723,Phạm Minh Khoa,sv002723@uni.edu.vn
2019102724,Hoàng Minh Khoa,sv002724@uni.edu.vn
2020102725,Vũ Minh Khoa,sv002725@uni.edu.vn
2021102726,Đặng Minh Khoa,sv002726@uni.edu.vn
2022102727,Bùi Minh Khoa,sv002727@uni.edu.vn
2023102728,Đỗ Minh Khoa,sv002728@uni.edu.vn
2024102729,Hồ Minh Khoa,sv002729@uni.edu.vn
2019102730,Nguyễn Quốc Khoa,sv002730@uni.edu.vn
2020102731,Trần Quốc Khoa,sv002731@uni.edu.vn
2021102732,Lê Quốc Khoa,sv002732@uni.edu.vn
2022102733,Phạm Quốc Khoa,sv002733@uni.edu.vn
2023102734,Hoàng Quốc Khoa,sv002734@uni.edu.vn
2024102735,Vũ Quốc Khoa,sv002735@uni.edu.vn
2019102736,Đặng Quốc Khoa,sv002736@uni.edu.vn
2020102737,Bùi Quốc Khoa,sv002737@uni.edu.vn
2021102738,Đỗ Quốc Khoa,sv002738@uni.edu.vn
2022102739,Hồ Quốc Khoa,sv002739@uni.edu.vn
2023102740,Nguyễn Anh Khoa,sv002740@uni.edu.vn
2024102741,Trần Anh Khoa,sv002741@uni.edu.vn
2019102742,Lê Anh Khoa,sv002742@uni.edu.vn
2020102743,Phạm Anh Khoa,sv002743@uni.edu.vn
2021102744,Hoàng Anh Khoa,sv002744@uni.edu.vn
2022102745,Vũ Anh Khoa,sv002745@uni.edu.vn
2023102746,Đặng Anh Khoa,sv002746@uni.edu.vn
2024102747,Bùi Anh Khoa,sv002747@uni.edu.vn
2019102748,Đỗ Anh Khoa,sv002748@uni.edu.vn
2020102749,Hồ Anh Khoa,sv002749@uni.edu.vn
2021102750,Nguyễn Tuấn Khoa,sv002750@uni.edu.vn
2022102751,Trần Tuấn Khoa,sv002751@uni.edu.vn
2023102752,Lê Tuấn Khoa,sv002752@uni.edu.vn
2024102753,Phạm Tuấn Khoa,sv002753@uni.edu.vn
2019102754,Hoàng Tuấn Khoa,sv002754@uni.edu.vn
2020102755,Vũ Tuấn Khoa,sv002755@uni.edu.vn
2021102756,Đặng Tuấn Khoa,sv002756@uni.edu.vn
2022102757,Bùi Tuấn Khoa,sv002757@uni.edu.vn
2023102758,Đỗ Tuấn Khoa,sv002758@uni.edu.vn
2024102759,Hồ Tuấn Khoa,sv002759@uni.edu.vn
2019102760,Nguyễn Hữu Khoa,sv002760@uni.edu.vn
2020102761,Trần Hữu Khoa,sv002761@uni.edu.vn
2021102762,Lê Hữu Khoa,sv002762@uni.edu.vn
2022102763,Phạm Hữu Khoa,sv002763@uni.edu.vn
2023102764,Hoàng Hữu Khoa,sv002764@uni.edu.vn
2024102765,Vũ Hữu Khoa,sv002765@uni.edu.vn
2019102766,Đặng Hữu Khoa,sv002766@uni.edu.vn
2020102767,Bùi Hữu Khoa,sv002767@uni.edu.vn
2021102768,Đỗ Hữu Khoa,sv002768@uni.edu.vn
2022102769,Hồ Hữu Khoa,sv002769@uni.edu.vn
2023102770,Nguyễn Thành Khoa,sv002770@uni.edu.vn
2024102771,Trần Thành Khoa,sv002771@uni.edu.vn
2019102772,Lê Thành Khoa,sv002772@uni.edu.vn
2020102773,Phạm Thành Khoa,sv002773@uni.edu.vn
2021102774,Hoàng Thành Khoa,sv002774@uni.edu.vn
2022102775,Vũ Thành Khoa,sv002775@uni.edu.vn
2023102776,Đặng Thành Khoa,sv002776@uni.edu.vn
2024102777,Bùi Thành Khoa,sv002777@uni.edu.vn
2019102778,Đỗ Thành Khoa,sv002778@uni.edu.vn
2020102779,Hồ Thành Khoa,sv002779@uni.edu.vn
2021102780,Nguyễn Ngọc Khoa,sv002780@uni.edu.vn
2022102781,Trần Ngọc Khoa,sv002781@uni.edu.vn
2023102782,Lê Ngọc Khoa,sv002782@uni.edu.vn
2024102783,Phạm Ngọc Khoa,sv002783@uni.edu.vn
2019102784,Hoàng Ngọc Khoa,sv002784@uni.edu.vn
2020102785,Vũ Ngọc Khoa,sv002785@uni.edu.vn
2021102786,Đặng Ngọc Khoa,sv002786@uni.edu.vn
2022102787,Bùi Ngọc Khoa,sv002787@uni.edu.vn
2023102788,Đỗ Ngọc Khoa,sv002788@uni.edu.vn
2024102789,Hồ Ngọc Khoa,sv002789@uni.edu.vn
2019102790,Nguyễn Khoa,sv002790@uni.edu.vn
2020102791,Trần Khoa,sv002791@uni.edu.vn
2021102792,Lê Khoa,sv002792@uni.edu.vn
2022102793,Phạm Khoa,sv002793@uni.edu.vn
2023102794,Hoàng Khoa,sv002794@uni.edu.vn
2024102795,Vũ Khoa,sv002795@uni.edu.vn
2019102796,Đặng Khoa,sv002796@uni.edu.vn
2020102797,Bùi Khoa,sv002797@uni.edu.vn
2021102798,Đỗ Khoa,sv002798@uni.edu.vn
2022102799,Hồ Khoa,sv002799@uni.edu.vn
2023102800,Nguyễn Thị Lan,sv002800@uni.edu.vn
2024102801,Trần Thị Lan,sv002801@uni.edu.vn
2019102802,Lê Thị Lan,sv002802@uni.edu.vn
2020102803,Phạm Thị Lan,sv002803@uni.edu.vn
2021102804,Hoàng Thị Lan,sv002804@uni.edu.vn
2022102805,Vũ Thị Lan,sv002805@uni.edu.vn
2023102806,Đặng Thị Lan,sv002806@uni.edu.vn
2024102807,Bùi Thị Lan,sv002807@uni.edu.vn
2019102808,Đỗ Thị Lan,sv002808@uni.edu.vn
2020102809,Hồ Thị Lan,sv002809@uni.edu.vn
2021102810,Nguyễn Văn Lan,sv002810@uni.edu.vn
2022102811,Trần Văn Lan,sv002811@uni.edu.vn
2023102812,Lê Văn Lan,sv002812@uni.edu.vn
2024102813,Phạm Văn Lan,sv002813@uni.edu.vn
2019102814,Hoàng Văn Lan,sv002814@uni.edu.vn
2020102815,Vũ Văn Lan,sv002815@uni.edu.vn
2021102816,Đặng Văn Lan,sv002816@uni.edu.vn
2022102817,Bùi Văn Lan,sv002817@uni.edu.vn
2023102818,Đỗ Văn Lan,sv002818@uni.edu.vn
2024102819,Hồ Văn Lan,sv002819@uni.edu.vn
2019102820,Nguyễn Minh Lan,sv002820@uni.edu.vn
2020102821,Trần Minh Lan,sv002821@uni.edu.vn
2021102822,Lê Minh Lan,sv002822@uni.edu.vn
2022102823,Phạm Minh Lan,sv002823@uni.edu.vn
2023102824,Hoàng Minh Lan,sv002824@uni.edu.vn
2024102825,Vũ Minh Lan,sv002825@uni.edu.vn
2019102826,Đặng Minh Lan,sv002826@uni.edu.vn
2020102827,Bùi Minh Lan,sv002827@uni.edu.vn
2021102828,Đỗ Minh Lan,sv002828@uni.edu.vn
2022102829,Hồ Minh Lan,sv002829@uni.edu.vn
2023102830,Nguyễn Quốc Lan,sv002830@uni.edu.vn
2024102831,Trần Quốc Lan,sv002831@uni.edu.vn
2019102832,Lê Quốc Lan,sv002832@uni.edu.vn
2020102833,Phạm Quốc Lan,sv002833@uni.edu.vn
2021102834,Hoàng Quốc Lan,sv002834@uni.edu.vn
2022102835,Vũ Quốc Lan,sv002835@uni.edu.vn
2023102836,Đặng Quốc Lan,sv002836@uni.edu.vn
2024102837,Bùi Quốc Lan,sv002837@uni.edu.vn
2019102838,Đỗ Quốc Lan,sv002838@uni.edu.vn
2020102839,Hồ Quốc Lan,sv002839@uni.edu.vn
2021102840,Nguyễn Anh Lan,sv002840@uni.edu.vn
2022102841,Trần Anh Lan,sv002841@uni.edu.vn
2023102842,Lê Anh Lan,sv002842@uni.edu.vn
2024102843,Phạm Anh Lan,sv002843@uni.edu.vn
2019102844,Hoàng Anh Lan,sv002844@uni.edu.vn
2020102845,Vũ Anh Lan,sv002845@uni.edu.vn
2021102846,Đặng Anh Lan,sv002846@uni.edu.vn
2022102847,Bùi Anh Lan,sv002847@uni.edu.vn
2023102848,Đỗ Anh Lan,sv002848@uni.edu.vn
2024102849,Hồ Anh Lan,sv002849@uni.edu.vn
2019102850,Nguyễn Tuấn Lan,sv002850@uni.edu.vn
2020102851,Trần Tuấn Lan,sv002851@uni.edu.vn
2021102852,Lê Tuấn Lan,sv002852@uni.edu.vn
2022102853,Phạm Tuấn Lan,sv002853@uni.edu.vn
2023102854,Hoàng Tuấn Lan,sv002854@uni.edu.vn
2024102855,Vũ Tuấn Lan,sv002855@uni.edu.vn
2019102856,Đặng Tuấn Lan,sv002856@uni.edu.vn
2020102857,Bùi Tuấn Lan,sv002857@uni.edu.vn
2021102858,Đỗ Tuấn Lan,sv002858@uni.edu.vn
2022102859,Hồ Tuấn Lan,sv002859@uni.edu.vn
2023102860,Nguyễn Hữu Lan,sv002860@uni.edu.vn
2024102861,Trần Hữu Lan,sv002861@uni.edu.vn
2019102862,Lê Hữu Lan,sv002862@uni.edu.vn
2020102863,Phạm Hữu Lan,sv002863@uni.edu.vn
2021102864,Hoàng Hữu Lan,sv002864@uni.edu.vn
2022102865,Vũ Hữu Lan,sv002865@uni.edu.vn
2023102866,Đặng Hữu Lan,sv002866@uni.edu.vn
2024102867,Bùi Hữu Lan,sv002867@uni.edu.vn
2019102868,Đỗ Hữu Lan,sv002868@uni.edu.vn
2020102869,Hồ Hữu Lan,sv002869@uni.edu.vn
2021102870,Nguyễn Thành Lan,sv002870@uni.edu.vn
2022102871,Trần Thành Lan,sv002871@uni.edu.vn
2023102872,Lê Thành Lan,sv002872@uni.edu.vn
2024102873,Phạm Thành Lan,sv002873@uni.edu.vn
2019102874,Hoàng Thành Lan,sv002874@uni.edu.vn
2020102875,Vũ Thành Lan,sv002875@uni.edu.vn
2021102876,Đặng Thành Lan,sv002876@uni.edu.vn
2022102877,Bùi Thành Lan,sv002877@uni.edu.vn
2023102878,Đỗ Thành Lan,sv002878@uni.edu.vn
2024102879,Hồ Thành Lan,sv002879@uni.edu.vn
2019102880,Nguyễn Ngọc Lan,sv002880@uni.edu.vn
2020102881,Trần Ngọc Lan,sv002881@uni.edu.vn
2021102882,Lê Ngọc Lan,sv002882@uni.edu.vn
2022102883,Phạm Ngọc Lan,sv002883@uni.edu.vn
2023102884,Hoàng Ngọc Lan,sv002884@uni.edu.vn
2024102885,Vũ Ngọc Lan,sv002885@uni.edu.vn
2019102886,Đặng Ngọc Lan,sv002886@uni.edu.vn
2020102887,Bùi Ngọc Lan,sv002887@uni.edu.vn
2021102888,Đỗ Ngọc Lan,sv002888@uni.edu.vn
2022102889,Hồ Ngọc Lan,sv002889@uni.edu.vn
2023102890,Nguyễn Lan,sv002890@uni.edu.vn
2024102891,Trần Lan,sv002891@uni.edu.vn
2019102892,Lê Lan,sv002892@uni.edu.vn
2020102893,Phạm Lan,sv002893@uni.edu.vn
2021102894,Hoàng Lan,sv002894@uni.edu.vn
2022102895,Vũ Lan,sv002895@uni.edu.vn
2023102896,Đặng Lan,sv002896@uni.edu.vn
2024102897,Bùi Lan,sv002897@uni.edu.vn
2019102898,Đỗ Lan,sv002898@uni.edu.vn
2020102899,Hồ Lan,sv002899@uni.edu.vn
2021102900,Nguyễn Thị Linh,sv002900@uni.edu.vn
2022102901,Trần Thị Linh,sv002901@uni.edu.vn
2023102902,Lê Thị Linh,sv002902@uni.edu.vn
2024102903,Phạm Thị Linh,sv002903@uni.edu.vn
2019102904,Hoàng Thị Linh,sv002904@uni.edu.vn
2020102905,Vũ Thị Linh,sv002905@uni.edu.vn
2021102906,Đặng Thị Linh,sv002906@uni.edu.vn
2022102907,Bùi Thị Linh,sv002907@uni.edu.vn
2023102908,Đỗ Thị Linh,sv002908@uni.edu.vn
2024102909,Hồ Thị Linh,sv002909@uni.edu.vn
2019102910,Nguyễn Văn Linh,sv002910@uni.edu.vn
2020102911,Trần Văn Linh,sv002911@uni.edu.vn
2021102912,Lê Văn Linh,sv002912@uni.edu.vn
2022102913,Phạm Văn Linh,sv002913@uni.edu.vn
2023102914,Hoàng Văn Linh,sv002914@uni.edu.vn
2024102915,Vũ Văn Linh,sv002915@uni.edu.vn
2019102916,Đặng Văn Linh,sv002916@uni.edu.vn
2020102917,Bùi Văn Linh,sv002917@uni.edu.vn
2021102918,Đỗ Văn Linh,sv002918@uni.edu.vn
2022102919,Hồ Văn Linh,sv002919@uni.edu.vn
2023102920,Nguyễn Minh Linh,sv002920@uni.edu.vn
2024102921,Trần Minh Linh,sv002921@uni.edu.vn
2019102922,Lê Minh Linh,sv002922@uni.edu.vn
2020102923,Phạm Minh Linh,sv002923@uni.edu.vn
2021102924,Hoàng Minh Linh,sv002924@uni.edu.vn
2022102925,Vũ Minh Linh,sv002925@uni.edu.vn
2023102926,Đặng Minh Linh,sv002926@uni.edu.vn
2024102927,Bùi Minh Linh,sv002927@uni.edu.vn
2019102928,Đỗ Minh Linh,sv002928@uni.edu.vn
2020102929,Hồ Minh Linh,sv002929@uni.edu.vn
2021102930,Nguyễn Quốc Linh,sv002930@uni.edu.vn
2022102931,Trần Quốc Linh,sv002931@uni.edu.vn
2023102932,Lê Quốc Linh,sv002932@uni.edu.vn
2024102933,Phạm Quốc Linh,sv002933@uni.edu.vn
2019102934,Hoàng Quốc Linh,sv002934@uni.edu.vn
2020102935,Vũ Quốc Linh,sv002935@uni.edu.vn
2021102936,Đặng Quốc Linh,sv002936@uni.edu.vn
2022102937,Bùi Quốc Linh,sv002937@uni.edu.vn
2023102938,Đỗ Quốc Linh,sv002938@uni.edu.vn
2024102939,Hồ Quốc Linh,sv002939@uni.edu.vn
2019102940,Nguyễn Anh Linh,sv002940@uni.edu.vn
2020102941,Trần Anh Linh,sv002941@uni.edu.vn
2021102942,Lê Anh Linh,sv002942@uni.edu.vn
2022102943,Phạm Anh Linh,sv002943@uni.edu.vn
2023102944,Hoàng Anh Linh,sv002944@uni.edu.vn
2024102945,Vũ Anh Linh,sv002945@uni.edu.vn
2019102946,Đặng Anh Linh,sv002946@uni.edu.vn
2020102947,Bùi Anh Linh,sv002947@uni.edu.vn
2021102948,Đỗ Anh Linh,sv002948@uni.edu.vn
2022102949,Hồ Anh Linh,sv002949@uni.edu.vn
2023102950,Nguyễn Tuấn Linh,sv002950@uni.edu.vn
2024102951,Trần Tuấn Linh,sv002951@uni.edu.vn
2019102952,Lê Tuấn Linh,sv002952@uni.edu.vn
2020102953,Phạm Tuấn Linh,sv002953@uni.edu.vn
2021102954,Hoàng Tuấn Linh,sv002954@uni.edu.vn
2022102955,Vũ Tuấn Linh,sv002955@uni.edu.vn
2023102956,Đặng Tuấn Linh,sv002956@uni.edu.vn
2024102957,Bùi Tuấn Linh,sv002957@uni.edu.vn
2019102958,Đỗ Tuấn Linh,sv002958@uni.edu.vn
2020102959,Hồ Tuấn Linh,sv002959@uni.edu.vn
2021102960,Nguyễn Hữu Linh,sv002960@uni.edu.vn
2022102961,Trần Hữu Linh,sv002961@uni.edu.vn
2023102962,Lê Hữu Linh,sv002962@uni.edu.vn
2024102963,Phạm Hữu Linh,sv002963@uni.edu.vn
2019102964,Hoàng Hữu Linh,sv002964@uni.edu.vn
2020102965,Vũ Hữu Linh,sv002965@uni.edu.vn
2021102966,Đặng Hữu Linh,sv002966@uni.edu.vn
2022102967,Bùi Hữu Linh,sv002967@uni.edu.vn
2023102968,Đỗ Hữu Linh,sv002968@uni.edu.vn
2024102969,Hồ Hữu Linh,sv002969@uni.edu.vn
2019102970,Nguyễn Thành Linh,sv002970@uni.edu.vn
2020102971,Trần Thành Linh,sv002971@uni.edu.vn
2021102972,Lê Thành Linh,sv002972@uni.edu.vn
2022102973,Phạm Thành Linh,sv002973@uni.edu.vn
2023102974,Hoàng Thành Linh,sv002974@uni.edu.vn
2024102975,Vũ Thành Linh,sv002975@uni.edu.vn
2019102976,Đặng Thành Linh,sv002976@uni.edu.vn
2020102977,Bùi Thành Linh,sv002977@uni.edu.vn
2021102978,Đỗ Thành Linh,sv002978@uni.edu.vn
2022102979,Hồ Thành Linh,sv002979@uni.edu.vn
2023102980,Nguyễn Ngọc Linh,sv002980@uni.edu.vn
2024102981,Trần Ngọc Linh,sv002981@uni.edu.vn
2019102982,Lê Ngọc Linh,sv002982@uni.edu.vn
2020102983,Phạm Ngọc Linh,sv002983@uni.edu.vn
2021102984,Hoàng Ngọc Linh,sv002984@uni.edu.vn
2022102985,Vũ Ngọc Linh,sv002985@uni.edu.vn
2023102986,Đặng Ngọc Linh,sv002986@uni.edu.vn
2024102987,Bùi Ngọc Linh,sv002987@uni.edu.vn
2019102988,Đỗ Ngọc Linh,sv002988@uni.edu.vn
2020102989,Hồ Ngọc Linh,sv002989@uni.edu.vn
2021102990,Nguyễn Linh,sv002990@uni.edu.vn
2022102991,Trần Linh,sv002991@uni.edu.vn
2023102992,Lê Linh,sv002992@uni.edu.vn
2024102993,Phạm Linh,sv002993@uni.edu.vn
2019102994,Hoàng Linh,sv002994@uni.edu.vn
2020102995,Vũ Linh,sv002995@uni.edu.vn
2021102996,Đặng Linh,sv002996@uni.edu.vn
2022102997,Bùi Linh,sv002997@uni.edu.vn
2023102998,Đỗ Linh,sv002998@uni.edu.vn
2024102999,Hồ Linh,sv002999@uni.edu.vn
2019103000,Nguyễn Thị Mai,sv003000@uni.edu.vn
2020103001,Trần Thị Mai,sv003001@uni.edu.vn
2021103002,Lê Thị Mai,sv003002@uni.edu.vn
2022103003,Phạm Thị Mai,sv003003@uni.edu.vn
2023103004,Hoàng Thị Mai,sv003004@uni.edu.vn
2024103005,Vũ Thị Mai,sv003005@uni.edu.vn
2019103006,Đặng Thị Mai,sv003006@uni.edu.vn
2020103007,Bùi Thị Mai,sv003007@uni.edu.vn
2021103008,Đỗ Thị Mai,sv003008@uni.edu.vn
2022103009,Hồ Thị Mai,sv003009@uni.edu.vn
2023103010,Nguyễn Văn Mai,sv003010@uni.edu.vn
2024103011,Trần Văn Mai,sv003011@uni.edu.vn
2019103012,Lê Văn Mai,sv003012@uni.edu.vn
2020103013,Phạm Văn Mai,sv003013@uni.edu.vn
2021103014,Hoàng Văn Mai,sv003014@uni.edu.vn
2022103015,Vũ Văn Mai,sv003015@uni.edu.vn
2023103016,Đặng Văn Mai,sv003016@uni.edu.vn
2024103017,Bùi Văn Mai,sv003017@uni.edu.vn
2019103018,Đỗ Văn Mai,sv003018@uni.edu.vn
2020103019,Hồ Văn Mai,sv003019@uni.edu.vn
2021103020,Nguyễn Minh Mai,sv003020@uni.edu.vn
2022103021,Trần Minh Mai,sv003021@uni.edu.vn
2023103022,Lê Minh Mai,sv003022@uni.edu.vn
2024103023,Phạm Minh Mai,sv003023@uni.edu.vn
2019103024,Hoàng Minh Mai,sv003024@uni.edu.vn
2020103025,Vũ Minh Mai,sv003025@uni.edu.vn
2021103026,Đặng Minh Mai,sv003026@uni.edu.vn
2022103027,Bùi Minh Mai,sv003027@uni.edu.vn
2023103028,Đỗ Minh Mai,sv003028@uni.edu.vn
2024103029,Hồ Minh Mai,sv003029@uni.edu.vn
2019103030,Nguyễn Quốc Mai,sv003030@uni.edu.vn
2020103031,Trần Quốc Mai,sv003031@uni.edu.vn
2021103032,Lê Quốc Mai,sv003032@uni.edu.vn
2022103033,Phạm Quốc Mai,sv003033@uni.edu.vn
2023103034,Hoàng Quốc Mai,sv003034@uni.edu.vn
2024103035,Vũ Quốc Mai,sv003035@uni.edu.vn
2019103036,Đặng Quốc Mai,sv003036@uni.edu.vn
2020103037,Bùi Quốc Mai,sv003037@uni.edu.vn
2021103038,Đỗ Quốc Mai,sv003038@uni.edu.vn
2022103039,Hồ Quốc Mai,sv003039@uni.edu.vn
2023103040,Nguyễn Anh Mai,sv003040@uni.edu.vn
2024103041,Trần Anh Mai,sv003041@uni.edu.vn
2019103042,Lê Anh Mai,sv003042@uni.edu.vn
2020103043,Phạm Anh Mai,sv003043@uni.edu.vn
2021103044,Hoàng Anh Mai,sv003044@uni.edu.vn
2022103045,Vũ Anh Mai,sv003045@uni.edu.vn
2023103046,Đặng Anh Mai,sv003046@uni.edu.vn
2024103047,Bùi Anh Mai,sv003047@uni.edu.vn
2019103048,Đỗ Anh Mai,sv003048@uni.edu.vn
2020103049,Hồ Anh Mai,sv003049@uni.edu.vn
2021103050,Nguyễn Tuấn Mai,sv003050@uni.edu.vn
2022103051,Trần Tuấn Mai,sv003051@uni.edu.vn
2023103052,Lê Tuấn Mai,sv003052@uni.edu.vn
2024103053,Phạm Tuấn Mai,sv003053@uni.edu.vn
2019103054,Hoàng Tuấn Mai,sv003054@uni.edu.vn
2020103055,Vũ Tuấn Mai,sv003055@uni.edu.vn
2021103056,Đặng Tuấn Mai,sv003056@uni.edu.vn
2022103057,Bùi Tuấn Mai,sv003057@uni.edu.vn
2023103058,Đỗ Tuấn Mai,sv003058@uni.edu.vn
2024103059,Hồ Tuấn Mai,sv003059@uni.edu.vn
2019103060,Nguyễn Hữu Mai,sv003060@uni.edu.vn
2020103061,Trần Hữu Mai,sv003061@uni.edu.vn
2021103062,Lê Hữu Mai,sv003062@uni.edu.vn
2022103063,Phạm Hữu Mai,sv003063@uni.edu.vn
2023103064,Hoàng Hữu Mai,sv003064@uni.edu.vn
2024103065,Vũ Hữu Mai,sv003065@uni.edu.vn
2019103066,Đặng Hữu Mai,sv003066@uni.edu.vn
2020103067,Bùi Hữu Mai,sv003067@uni.edu.vn
2021103068,Đỗ Hữu Mai,sv003068@uni.edu.vn
2022103069,Hồ Hữu Mai,sv003069@uni.edu.vn
2023103070,Nguyễn Thành Mai,sv003070@uni.edu.vn
2024103071,Trần Thành Mai,sv003071@uni.edu.vn
2019103072,Lê Thành Mai,sv003072@uni.edu.vn
2020103073,Phạm Thành Mai,sv003073@uni.edu.vn
2021103074,Hoàng Thành Mai,sv003074@uni.edu.vn
2022103075,Vũ Thành Mai,sv003075@uni.edu.vn
2023103076,Đặng Thành Mai,sv003076@uni.edu.vn
2024103077,Bùi Thành Mai,sv003077@uni.edu.vn
2019103078,Đỗ Thành Mai,sv003078@uni.edu.vn
2020103079,Hồ Thành Mai,sv003079@uni.edu.vn
2021103080,Nguyễn Ngọc Mai,sv003080@uni.edu.vn
2022103081,Trần Ngọc Mai,sv003081@uni.edu.vn
2023103082,Lê Ngọc Mai,sv003082@uni.edu.vn
2024103083,Phạm Ngọc Mai,sv003083@uni.edu.vn
2019103084,Hoàng Ngọc Mai,sv003084@uni.edu.vn
2020103085,Vũ Ngọc Mai,sv003085@uni.edu.vn
2021103086,Đặng Ngọc Mai,sv003086@uni.edu.vn
2022103087,Bùi Ngọc Mai,sv003087@uni.edu.vn
2023103088,Đỗ Ngọc Mai,sv003088@uni.edu.vn
2024103089,Hồ Ngọc Mai,sv003089@uni.edu.vn
2019103090,Nguyễn Mai,sv003090@uni.edu.vn
2020103091,Trần Mai,sv003091@uni.edu.vn
2021103092,Lê Mai,sv003092@uni.edu.vn
2022103093,Phạm Mai,sv003093@uni.edu.vn
2023103094,Hoàng Mai,sv003094@uni.edu.vn
2024103095,Vũ Mai,sv003095@uni.edu.vn
2019103096,Đặng Mai,sv003096@uni.edu.vn
2020103097,Bùi Mai,sv003097@uni.edu.vn
2021103098,Đỗ Mai,sv003098@uni.edu.vn
2022103099,Hồ Mai,sv003099@uni.edu.vn
2023103100,Nguyễn Thị Nam,sv003100@uni.edu.vn
2024103101,Trần Thị Nam,sv003101@uni.edu.vn
2019103102,Lê Thị Nam,sv003102@uni.edu.vn
2020103103,Phạm Thị Nam,sv003103@uni.edu.vn
2021103104,Hoàng Thị Nam,sv003104@uni.edu.vn
2022103105,Vũ Thị Nam,sv003105@uni.edu.vn
2023103106,Đặng Thị Nam,sv003106@uni.edu.vn
2024103107,Bùi Thị Nam,sv003107@uni.edu.vn
2019103108,Đỗ Thị Nam,sv003108@uni.edu.vn
2020103109,Hồ Thị Nam,sv003109@uni.edu.vn
2021103110,Nguyễn Văn Nam,sv003110@uni.edu.vn
2022103111,Trần Văn Nam,sv003111@uni.edu.vn
2023103112,Lê Văn Nam,sv003112@uni.edu.vn
2024103113,Phạm Văn Nam,sv003113@uni.edu.vn
2019103114,Hoàng Văn Nam,sv003114@uni.edu.vn
2020103115,Vũ Văn Nam,sv003115@uni.edu.vn
2021103116,Đặng Văn Nam,sv003116@uni.edu.vn
2022103117,Bùi Văn Nam,sv003117@uni.edu.vn
2023103118,Đỗ Văn Nam,sv003118@uni.edu.vn
2024103119,Hồ Văn Nam,sv003119@uni.edu.vn
2019103120,Nguyễn Minh Nam,sv003120@uni.edu.vn
2020103121,Trần Minh Nam,sv003121@uni.edu.vn
2021103122,Lê Minh Nam,sv003122@uni.edu.vn
2022103123,Phạm Minh Nam,sv003123@uni.edu.vn
2023103124,Hoàng Minh Nam,sv003124@uni.edu.vn
2024103125,Vũ Minh Nam,sv003125@uni.edu.vn
2019103126,Đặng Minh Nam,sv003126@uni.edu.vn
2020103127,Bùi Minh Nam,sv003127@uni.edu.vn
2021103128,Đỗ Minh Nam,sv003128@uni.edu.vn
2022103129,Hồ Minh Nam,sv003129@uni.edu.vn
2023103130,Nguyễn Quốc Nam,sv003130@uni.edu.vn
2024103131,Trần Quốc Nam,sv003131@uni.edu.vn
2019103132,Lê Quốc Nam,sv003132@uni.edu.vn
2020103133,Phạm Quốc Nam,sv003133@uni.edu.vn
2021103134,Hoàng Quốc Nam,sv003134@uni.edu.vn
2022103135,Vũ Quốc Nam,sv003135@uni.edu.vn
2023103136,Đặng Quốc Nam,sv003136@uni.edu.vn
2024103137,Bùi Quốc Nam,sv003137@uni.edu.vn
2019103138,Đỗ Quốc Nam,sv003138@uni.edu.vn
2020103139,Hồ Quốc Nam,sv003139@uni.edu.vn
2021103140,Nguyễn Anh Nam,sv003140@uni.edu.vn
2022103141,Trần Anh Nam,sv003141@uni.edu.vn
2023103142,Lê Anh Nam,sv003142@uni.edu.vn
2024103143,Phạm Anh Nam,sv003143@uni.edu.vn
2019103144,Hoàng Anh Nam,sv003144@uni.edu.vn
2020103145,Vũ Anh Nam,sv003145@uni.edu.vn
2021103146,Đặng Anh Nam,sv003146@uni.edu.vn
2022103147,Bùi Anh Nam,sv003147@uni.edu.vn
2023103148,Đỗ Anh Nam,sv003148@uni.edu.vn
2024103149,Hồ Anh Nam,sv003149@uni.edu.vn
2019103150,Nguyễn Tuấn Nam,sv003150@uni.edu.vn
2020103151,Trần Tuấn Nam,sv003151@uni.edu.vn
2021103152,Lê Tuấn Nam,sv003152@uni.edu.vn
2022103153,Phạm Tuấn Nam,sv003153@uni.edu.vn
2023103154,Hoàng Tuấn Nam,sv003154@uni.edu.vn
2024103155,Vũ Tuấn Nam,sv003155@uni.edu.vn
2019103156,Đặng Tuấn Nam,sv003156@uni.edu.vn
2020103157,Bùi Tuấn Nam,sv003157@uni.edu.vn
2021103158,Đỗ Tuấn Nam,sv003158@uni.edu.vn
2022103159,Hồ Tuấn Nam,sv003159@uni.edu.vn
2023103160,Nguyễn Hữu Nam,sv003160@uni.edu.vn
2024103161,Trần Hữu Nam,sv003161@uni.edu.vn
2019103162,Lê Hữu Nam,sv003162@uni.edu.vn
2020103163,Phạm Hữu Nam,sv003163@uni.edu.vn
2021103164,Hoàng Hữu Nam,sv003164@uni.edu.vn
2022103165,Vũ Hữu Nam,sv003165@uni.edu.vn
2023103166,Đặng Hữu Nam,sv003166@uni.edu.vn
2024103167,Bùi Hữu Nam,sv003167@uni.edu.vn
2019103168,Đỗ Hữu Nam,sv003168@uni.edu.vn
2020103169,Hồ Hữu Nam,sv003169@uni.edu.vn
2021103170,Nguyễn Thành Nam,sv003170@uni.edu.vn
2022103171,Trần Thành Nam,sv003171@uni.edu.vn
2023103172,Lê Thành Nam,sv003172@uni.edu.vn
2024103173,Phạm Thành Nam,sv003173@uni.edu.vn
2019103174,Hoàng Thành Nam,sv003174@uni.edu.vn
2020103175,Vũ Thành Nam,sv003175@uni.edu.vn
2021103176,Đặng Thành Nam,sv003176@uni.edu.vn
2022103177,Bùi Thành Nam,sv003177@uni.edu.vn
2023103178,Đỗ Thành Nam,sv003178@uni.edu.vn
2024103179,Hồ Thành Nam,sv003179@uni.edu.vn
2019103180,Nguyễn Ngọc Nam,sv003180@uni.edu.vn
2020103181,Trần Ngọc Nam,sv003181@uni.edu.vn
2021103182,Lê Ngọc Nam,sv003182@uni.edu.vn
2022103183,Phạm Ngọc Nam,sv003183@uni.edu.vn
2023103184,Hoàng Ngọc Nam,sv003184@uni.edu.vn
2024103185,Vũ Ngọc Nam,sv003185@uni.edu.vn
2019103186,Đặng Ngọc Nam,sv003186@uni.edu.vn
2020103187,Bùi Ngọc Nam,sv003187@uni.edu.vn
2021103188,Đỗ Ngọc Nam,sv003188@uni.edu.vn
2022103189,Hồ Ngọc Nam,sv003189@uni.edu.vn
2023103190,Nguyễn Nam,sv003190@uni.edu.vn
2024103191,Trần Nam,sv003191@uni.edu.vn
2019103192,Lê Nam,sv003192@uni.edu.vn
2020103193,Phạm Nam,sv003193@uni.edu.vn
2021103194,Hoàng Nam,sv003194@uni.edu.vn
2022103195,Vũ Nam,sv003195@uni.edu.vn
2023103196,Đặng Nam,sv003196@uni.edu.vn
2024103197,Bùi Nam,sv003197@uni.edu.vn
2019103198,Đỗ Nam,sv003198@uni.edu.vn
2020103199,Hồ Nam,sv003199@uni.edu.vn
2021103200,Nguyễn Thị Phong,sv003200@uni.edu.vn
2022103201,Trần Thị Phong,sv003201@uni.edu.vn
2023103202,Lê Thị Phong,sv003202@uni.edu.vn
2024103203,Phạm Thị Phong,sv003203@uni.edu.vn
2019103204,Hoàng Thị Phong,sv003204@uni.edu.vn
2020103205,Vũ Thị Phong,sv003205@uni.edu.vn
2021103206,Đặng Thị Phong,sv003206@uni.edu.vn
2022103207,Bùi Thị Phong,sv003207@uni.edu.vn
2023103208,Đỗ Thị Phong,sv003208@uni.edu.vn
2024103209,Hồ Thị Phong,sv003209@uni.edu.vn
2019103210,Nguyễn Văn Phong,sv003210@uni.edu.vn
2020103211,Trần Văn Phong,sv003211@uni.edu.vn
2021103212,Lê Văn Phong,sv003212@uni.edu.vn
2022103213,Phạm Văn Phong,sv003213@uni.edu.vn
2023103214,Hoàng Văn Phong,sv003214@uni.edu.vn
2024103215,Vũ Văn Phong,sv003215@uni.edu.vn
2019103216,Đặng Văn Phong,sv003216@uni.edu.vn
2020103217,Bùi Văn Phong,sv003217@uni.edu.vn
2021103218,Đỗ Văn Phong,sv003218@uni.edu.vn
2022103219,Hồ Văn Phong,sv003219@uni.edu.vn
2023103220,Nguyễn Minh Phong,sv003220@uni.edu.vn
2024103221,Trần Minh Phong,sv003221@uni.edu.vn
2019103222,Lê Minh Phong,sv003222@uni.edu.vn
2020103223,Phạm Minh Phong,sv003223@uni.edu.vn
2021103224,Hoàng Minh Phong,sv003224@uni.edu.vn
2022103225,Vũ Minh Phong,sv003225@uni.edu.vn
2023103226,Đặng Minh Phong,sv003226@uni.edu.vn
2024103227,Bùi Minh Phong,sv003227@uni.edu.vn
2019103228,Đỗ Minh Phong,sv003228@uni.edu.vn
2020103229,Hồ Minh Phong,sv003229@uni.edu.vn
2021103230,Nguyễn Quốc Phong,sv003230@uni.edu.vn
2022103231,Trần Quốc Phong,sv003231@uni.edu.vn
2023103232,Lê Quốc Phong,sv003232@uni.edu.vn
2024103233,Phạm Quốc Phong,sv003233@uni.edu.vn
2019103234,Hoàng Quốc Phong,sv003234@uni.edu.vn
2020103235,Vũ Quốc Phong,sv003235@uni.edu.vn
2021103236,Đặng Quốc Phong,sv003236@uni.edu.vn
2022103237,Bùi Quốc Phong,sv003237@uni.edu.vn
2023103238,Đỗ Quốc Phong,sv003238@uni.edu.vn
2024103239,Hồ Quốc Phong,sv003239@uni.edu.vn
2019103240,Nguyễn Anh Phong,sv003240@uni.edu.vn
2020103241,Trần Anh Phong,sv003241@uni.edu.vn
2021103242,Lê Anh Phong,sv003242@uni.edu.vn
2022103243,Phạm Anh Phong,sv003243@uni.edu.vn
2023103244,Hoàng Anh Phong,sv003244@uni.edu.vn
2024103245,Vũ Anh Phong,sv003245@uni.edu.vn
2019103246,Đặng Anh Phong,sv003246@uni.edu.vn
2020103247,Bùi Anh Phong,sv003247@uni.edu.vn
2021103248,Đỗ Anh Phong,sv003248@uni.edu.vn
2022103249,Hồ Anh Phong,sv003249@uni.edu.vn
2023103250,Nguyễn Tuấn Phong,sv003250@uni.edu.vn
2024103251,Trần Tuấn Phong,sv003251@uni.edu.vn
2019103252,Lê Tuấn Phong,sv003252@uni.edu.vn
2020103253,Phạm Tuấn Phong,sv003253@uni.edu.vn
2021103254,Hoàng Tuấn Phong,sv003254@uni.edu.vn
2022103255,Vũ Tuấn Phong,sv003255@uni.edu.vn
2023103256,Đặng Tuấn Phong,sv003256@uni.edu.vn
2024103257,Bùi Tuấn Phong,sv003257@uni.edu.vn
2019103258,Đỗ Tuấn Phong,sv003258@uni.edu.vn
2020103259,Hồ Tuấn Phong,sv003259@uni.edu.vn
2021103260,Nguyễn Hữu Phong,sv003260@uni.edu.vn
2022103261,Trần Hữu Phong,sv003261@uni.edu.vn
2023103262,Lê Hữu Phong,sv003262@uni.edu.vn
2024103263,Phạm Hữu Phong,sv003263@uni.edu.vn
2019103264,Hoàng Hữu Phong,sv003264@uni.edu.vn
2020103265,Vũ Hữu Phong,sv003265@uni.edu.vn
2021103266,Đặng Hữu Phong,sv003266@uni.edu.vn
2022103267,Bùi Hữu Phong,sv003267@uni.edu.vn
2023103268,Đỗ Hữu Phong,sv003268@uni.edu.vn
2024103269,Hồ Hữu Phong,sv003269@uni.edu.vn
2019103270,Nguyễn Thành Phong,sv003270@uni.edu.vn
2020103271,Trần Thành Phong,sv003271@uni.edu.vn
2021103272,Lê Thành Phong,sv003272@uni.edu.vn
2022103273,Phạm Thành Phong,sv003273@uni.edu.vn
2023103274,Hoàng Thành Phong,sv003274@uni.edu.vn
2024103275,Vũ Thành Phong,sv003275@uni.edu.vn
2019103276,Đặng Thành Phong,sv003276@uni.edu.vn
2020103277,Bùi Thành Phong,sv003277@uni.edu.vn
2021103278,Đỗ Thành Phong,sv003278@uni.edu.vn
2022103279,Hồ Thành Phong,sv003279@uni.edu.vn
2023103280,Nguyễn Ngọc Phong,sv003280@uni.edu.vn
2024103281,Trần Ngọc Phong,sv003281@uni.edu.vn
2019103282,Lê Ngọc Phong,sv003282@uni.edu.vn
2020103283,Phạm Ngọc Phong,sv003283@uni.edu.vn
2021103284,Hoàng Ngọc Phong,sv003284@uni.edu.vn
2022103285,Vũ Ngọc Phong,sv003285@uni.edu.vn
2023103286,Đặng Ngọc Phong,sv003286@uni.edu.vn
2024103287,Bùi Ngọc Phong,sv003287@uni.edu.vn
2019103288,Đỗ Ngọc Phong,sv003288@uni.edu.vn
2020103289,Hồ Ngọc Phong,sv003289@uni.edu.vn
2021103290,Nguyễn Phong,sv003290@uni.edu.vn
2022103291,Trần Phong,sv003291@uni.edu.vn
2023103292,Lê Phong,sv003292@uni.edu.vn
2024103293,Phạm Phong,sv003293@uni.edu.vn
2019103294,Hoàng Phong,sv003294@uni.edu.vn
2020103295,Vũ Phong,sv003295@uni.edu.vn
2021103296,Đặng Phong,sv003296@uni.edu.vn
2022103297,Bùi Phong,sv003297@uni.edu.vn
2023103298,Đỗ Phong,sv003298@uni.edu.vn
2024103299,Hồ Phong,sv003299@uni.edu.vn
2019103300,Nguyễn Thị Quân,sv003300@uni.edu.vn
2020103301,Trần Thị Quân,sv003301@uni.edu.vn
2021103302,Lê Thị Quân,sv003302@uni.edu.vn
2022103303,Phạm Thị Quân,sv003303@uni.edu.vn
2023103304,Hoàng Thị Quân,sv003304@uni.edu.vn
2024103305,Vũ Thị Quân,sv003305@uni.edu.vn
2019103306,Đặng Thị Quân,sv003306@uni.edu.vn
2020103307,Bùi Thị Quân,sv003307@uni.edu.vn
2021103308,Đỗ Thị Quân,sv003308@uni.edu.vn
2022103309,Hồ Thị Quân,sv003309@uni.edu.vn
2023103310,Nguyễn Văn Quân,sv003310@uni.edu.vn
2024103311,Trần Văn Quân,sv003311@uni.edu.vn
2019103312,Lê Văn Quân,sv003312@uni.edu.vn
2020103313,Phạm Văn Quân,sv003313@uni.edu.vn
2021103314,Hoàng Văn Quân,sv003314@uni.edu.vn
2022103315,Vũ Văn Quân,sv003315@uni.edu.vn
2023103316,Đặng Văn Quân,sv003316@uni.edu.vn
2024103317,Bùi Văn Quân,sv003317@uni.edu.vn
2019103318,Đỗ Văn Quân,sv003318@uni.edu.vn
2020103319,Hồ Văn Quân,sv003319@uni.edu.vn
2021103320,Nguyễn Minh Quân,sv003320@uni.edu.vn
2022103321,Trần Minh Quân,sv003321@uni.edu.vn
2023103322,Lê Minh Quân,sv003322@uni.edu.vn
2024103323,Phạm Minh Quân,sv003323@uni.edu.vn
2019103324,Hoàng Minh Quân,sv003324@uni.edu.vn
2020103325,Vũ Minh Quân,sv003325@uni.edu.vn
2021103326,Đặng Minh Quân,sv003326@uni.edu.vn
2022103327,Bùi Minh Quân,sv003327@uni.edu.vn
2023103328,Đỗ Minh Quân,sv003328@uni.edu.vn
2024103329,Hồ Minh Quân,sv003329@uni.edu.vn
2019103330,Nguyễn Quốc Quân,sv003330@uni.edu.vn
2020103331,Trần Quốc Quân,sv003331@uni.edu.vn
2021103332,Lê Quốc Quân,sv003332@uni.edu.vn
2022103333,Phạm Quốc Quân,sv003333@uni.edu.vn
2023103334,Hoàng Quốc Quân,sv003334@uni.edu.vn
2024103335,Vũ Quốc Quân,sv003335@uni.edu.vn
2019103336,Đặng Quốc Quân,sv003336@uni.edu.vn
2020103337,Bùi Quốc Quân,sv003337@uni.edu.vn
2021103338,Đỗ Quốc Quân,sv003338@uni.edu.vn
2022103339,Hồ Quốc Quân,sv003339@uni.edu.vn
2023103340,Nguyễn Anh Quân,sv003340@uni.edu.vn
2024103341,Trần Anh Quân,sv003341@uni.edu.vn
2019103342,Lê Anh Quân,sv003342@uni.edu.vn
2020103343,Phạm Anh Quân,sv003343@uni.edu.vn
2021103344,Hoàng Anh Quân,sv003344@uni.edu.vn
2022103345,Vũ Anh Quân,sv003345@uni.edu.vn
2023103346,Đặng Anh Quân,sv003346@uni.edu.vn
2024103347,Bùi Anh Quân,sv003347@uni.edu.vn
2019103348,Đỗ Anh Quân,sv003348@uni.edu.vn
2020103349,Hồ Anh Quân,sv003349@uni.edu.vn
2021103350,Nguyễn Tuấn Quân,sv003350@uni.edu.vn
2022103351,Trần Tuấn Quân,sv003351@uni.edu.vn
2023103352,Lê Tuấn Quân,sv003352@uni.edu.vn
2024103353,Phạm Tuấn Quân,sv003353@uni.edu.vn
2019103354,Hoàng Tuấn Quân,sv003354@uni.edu.vn
2020103355,Vũ Tuấn Quân,sv003355@uni.edu.vn
2021103356,Đặng Tuấn Quân,sv003356@uni.edu.vn
2022103357,Bùi Tuấn Quân,sv003357@uni.edu.vn
2023103358,Đỗ Tuấn Quân,sv003358@uni.edu.vn
2024103359,Hồ Tuấn Quân,sv003359@uni.edu.vn
2019103360,Nguyễn Hữu Quân,sv003360@uni.edu.vn
2020103361,Trần Hữu Quân,sv003361@uni.edu.vn
2021103362,Lê Hữu Quân,sv003362@uni.edu.vn
2022103363,Phạm Hữu Quân,sv003363@uni.edu.vn
2023103364,Hoàng Hữu Quân,sv003364@uni.edu.vn
2024103365,Vũ Hữu Quân,sv003365@uni.edu.vn
2019103366,Đặng Hữu Quân,sv003366@uni.edu.vn
2020103367,Bùi Hữu Quân,sv003367@uni.edu.vn
2021103368,Đỗ Hữu Quân,sv003368@uni.edu.vn
2022103369,Hồ Hữu Quân,sv003369@uni.edu.vn
2023103370,Nguyễn Thành Quân,sv003370@uni.edu.vn
2024103371,Trần Thành Quân,sv003371@uni.edu.vn
2019103372,Lê Thành Quân,sv003372@uni.edu.vn
2020103373,Phạm Thành Quân,sv003373@uni.edu.vn
2021103374,Hoàng Thành Quân,sv003374@uni.edu.vn
2022103375,Vũ Thành Quân,sv003375@uni.edu.vn
2023103376,Đặng Thành Quân,sv003376@uni.edu.vn
2024103377,Bùi Thành Quân,sv003377@uni.edu.vn
2019103378,Đỗ Thành Quân,sv003378@uni.edu.vn
2020103379,Hồ Thành Quân,sv003379@uni.edu.vn
2021103380,Nguyễn Ngọc Quân,sv003380@uni.edu.vn
2022103381,Trần Ngọc Quân,sv003381@uni.edu.vn
2023103382,Lê Ngọc Quân,sv003382@uni.edu.vn
2024103383,Phạm Ngọc Quân,sv003383@uni.edu.vn
2019103384,Hoàng Ngọc Quân,sv003384@uni.edu.vn
2020103385,Vũ Ngọc Quân,sv003385@uni.edu.vn
2021103386,Đặng Ngọc Quân,sv003386@uni.edu.vn
2022103387,Bùi Ngọc Quân,sv003387@uni.edu.vn
2023103388,Đỗ Ngọc Quân,sv003388@uni.edu.vn
2024103389,Hồ Ngọc Quân,sv003389@uni.edu.vn
2019103390,Nguyễn Quân,sv003390@uni.edu.vn
2020103391,Trần Quân,sv003391@uni.edu.vn
2021103392,Lê Quân,sv003392@uni.edu.vn
2022103393,Phạm Quân,sv003393@uni.edu.vn
2023103394,Hoàng Quân,sv003394@uni.edu.vn
2024103395,Vũ Quân,sv003395@uni.edu.vn
2019103396,Đặng Quân,sv003396@uni.edu.vn
2020103397,Bùi Quân,sv003397@uni.edu.vn
2021103398,Đỗ Quân,sv003398@uni.edu.vn
2022103399,Hồ Quân,sv003399@uni.edu.vn
2023103400,Nguyễn Thị Sơn,sv003400@uni.edu.vn
2024103401,Trần Thị Sơn,sv003401@uni.edu.vn
2019103402,Lê Thị Sơn,sv003402@uni.edu.vn
2020103403,Phạm Thị Sơn,sv003403@uni.edu.vn
2021103404,Hoàng Thị Sơn,sv003404@uni.edu.vn
2022103405,Vũ Thị Sơn,sv003405@uni.edu.vn
2023103406,Đặng Thị Sơn,sv003406@uni.edu.vn
2024103407,Bùi Thị Sơn,sv003407@uni.edu.vn
2019103408,Đỗ Thị Sơn,sv003408@uni.edu.vn
2020103409,Hồ Thị Sơn,sv003409@uni.edu.vn
2021103410,Nguyễn Văn Sơn,sv003410@uni.edu.vn
2022103411,Trần Văn Sơn,sv003411@uni.edu.vn
2023103412,Lê Văn Sơn,sv003412@uni.edu.vn
2024103413,Phạm Văn Sơn,sv003413@uni.edu.vn
2019103414,Hoàng Văn Sơn,sv003414@uni.edu.vn
2020103415,Vũ Văn Sơn,sv003415@uni.edu.vn
2021103416,Đặng Văn Sơn,sv003416@uni.edu.vn
2022103417,Bùi Văn Sơn,sv003417@uni.edu.vn
2023103418,Đỗ Văn Sơn,sv003418@uni.edu.vn
2024103419,Hồ Văn Sơn,sv003419@uni.edu.vn
2019103420,Nguyễn Minh Sơn,sv003420@uni.edu.vn
2020103421,Trần Minh Sơn,sv003421@uni.edu.vn
2021103422,Lê Minh Sơn,sv003422@uni.edu.vn
2022103423,Phạm Minh Sơn,sv003423@uni.edu.vn
2023103424,Hoàng Minh Sơn,sv003424@uni.edu.vn
2024103425,Vũ Minh Sơn,sv003425@uni.edu.vn
2019103426,Đặng Minh Sơn,sv003426@uni.edu.vn
2020103427,Bùi Minh Sơn,sv003427@uni.edu.vn
2021103428,Đỗ Minh Sơn,sv003428@uni.edu.vn
2022103429,Hồ Minh Sơn,sv003429@uni.edu.vn
2023103430,Nguyễn Quốc Sơn,sv003430@uni.edu.vn
2024103431,Trần Quốc Sơn,sv003431@uni.edu.vn
2019103432,Lê Quốc Sơn,sv003432@uni.edu.vn
2020103433,Phạm Quốc Sơn,sv003433@uni.edu.vn
2021103434,Hoàng Quốc Sơn,sv003434@uni.edu.vn
2022103435,Vũ Quốc Sơn,sv003435@uni.edu.vn
2023103436,Đặng Quốc Sơn,sv003436@uni.edu.vn
2024103437,Bùi Quốc Sơn,sv003437@uni.edu.vn
2019103438,Đỗ Quốc Sơn,sv003438@uni.edu.vn
2020103439,Hồ Quốc Sơn,sv003439@uni.edu.vn
2021103440,Nguyễn Anh Sơn,sv003440@uni.edu.vn
2022103441,Trần Anh Sơn,sv003441@uni.edu.vn
2023103442,Lê Anh Sơn,sv003442@uni.edu.vn
2024103443,Phạm Anh Sơn,sv003443@uni.edu.vn
2019103444,Hoàng Anh Sơn,sv003444@uni.edu.vn
2020103445,Vũ Anh Sơn,sv003445@uni.edu.vn
2021103446,Đặng Anh Sơn,sv003446@uni.edu.vn
2022103447,Bùi Anh Sơn,sv003447@uni.edu.vn
2023103448,Đỗ Anh Sơn,sv003448@uni.edu.vn
2024103449,Hồ Anh Sơn,sv003449@uni.edu.vn
2019103450,Nguyễn Tuấn Sơn,sv003450@uni.edu.vn
2020103451,Trần Tuấn Sơn,sv003451@uni.edu.vn
2021103452,Lê Tuấn Sơn,sv003452@uni.edu.vn
2022103453,Phạm Tuấn Sơn,sv003453@uni.edu.vn
2023103454,Hoàng Tuấn Sơn,sv003454@uni.edu.vn
2024103455,Vũ Tuấn Sơn,sv003455@uni.edu.vn
2019103456,Đặng Tuấn Sơn,sv003456@uni.edu.vn
2020103457,Bùi Tuấn Sơn,sv003457@uni.edu.vn
2021103458,Đỗ Tuấn Sơn,sv003458@uni.edu.vn
2022103459,Hồ Tuấn Sơn,sv003459@uni.edu.vn
2023103460,Nguyễn Hữu Sơn,sv003460@uni.edu.vn
2024103461,Trần Hữu Sơn,sv003461@uni.edu.vn
2019103462,Lê Hữu Sơn,sv003462@uni.edu.vn
2020103463,Phạm Hữu Sơn,sv003463@uni.edu.vn
2021103464,Hoàng Hữu Sơn,sv003464@uni.edu.vn
2022103465,Vũ Hữu Sơn,sv003465@uni.edu.vn
2023103466,Đặng Hữu Sơn,sv003466@uni.edu.vn
2024103467,Bùi Hữu Sơn,sv003467@uni.edu.vn
2019103468,Đỗ Hữu Sơn,sv003468@uni.edu.vn
2020103469,Hồ Hữu Sơn,sv003469@uni.edu.vn
2021103470,Nguyễn Thành Sơn,sv003470@uni.edu.vn
2022103471,Trần Thành Sơn,sv003471@uni.edu.vn
2023103472,Lê Thành Sơn,sv003472@uni.edu.vn
2024103473,Phạm Thành Sơn,sv003473@uni.edu.vn
2019103474,Hoàng Thành Sơn,sv003474@uni.edu.vn
2020103475,Vũ Thành Sơn,sv003475@uni.edu.vn
2021103476,Đặng Thành Sơn,sv003476@uni.edu.vn
2022103477,Bùi Thành Sơn,sv003477@uni.edu.vn
2023103478,Đỗ Thành Sơn,sv003478@uni.edu.vn
2024103479,Hồ Thành Sơn,sv003479@uni.edu.vn
2019103480,Nguyễn Ngọc Sơn,sv003480@uni.edu.vn
2020103481,Trần Ngọc Sơn,sv003481@uni.edu.vn
2021103482,Lê Ngọc Sơn,sv003482@uni.edu.vn
2022103483,Phạm Ngọc Sơn,sv003483@uni.edu.vn
2023103484,Hoàng Ngọc Sơn,sv003484@uni.edu.vn
2024103485,Vũ Ngọc Sơn,sv003485@uni.edu.vn
2019103486,Đặng Ngọc Sơn,sv003486@uni.edu.vn
2020103487,Bùi Ngọc Sơn,sv003487@uni.edu.vn
2021103488,Đỗ Ngọc Sơn,sv003488@uni.edu.vn
2022103489,Hồ Ngọc Sơn,sv003489@uni.edu.vn
2023103490,Nguyễn Sơn,sv003490@uni.edu.vn
2024103491,Trần Sơn,sv003491@uni.edu.vn
2019103492,Lê Sơn,sv003492@uni.edu.vn
2020103493,Phạm Sơn,sv003493@uni.edu.vn
2021103494,Hoàng Sơn,sv003494@uni.edu.vn
2022103495,Vũ Sơn,sv003495@uni.edu.vn
2023103496,Đặng Sơn,sv003496@uni.edu.vn
2024103497,Bùi Sơn,sv003497@uni.edu.vn
2019103498,Đỗ Sơn,sv003498@uni.edu.vn
2020103499,Hồ Sơn,sv003499@uni.edu.vn
2021103500,Nguyễn Thị Tâm,sv003500@uni.edu.vn
2022103501,Trần Thị Tâm,sv003501@uni.edu.vn
2023103502,Lê Thị Tâm,sv003502@uni.edu.vn
2024103503,Phạm Thị Tâm,sv003503@uni.edu.vn
2019103504,Hoàng Thị Tâm,sv003504@uni.edu.vn
2020103505,Vũ Thị Tâm,sv003505@uni.edu.vn
2021103506,Đặng Thị Tâm,sv003506@uni.edu.vn
2022103507,Bùi Thị Tâm,sv003507@uni.edu.vn
2023103508,Đỗ Thị Tâm,sv003508@uni.edu.vn
2024103509,Hồ Thị Tâm,sv003509@uni.edu.vn
2019103510,Nguyễn Văn Tâm,sv003510@uni.edu.vn
2020103511,Trần Văn Tâm,sv003511@uni.edu.vn
2021103512,Lê Văn Tâm,sv003512@uni.edu.vn
2022103513,Phạm Văn Tâm,sv003513@uni.edu.vn
2023103514,Hoàng Văn Tâm,sv003514@uni.edu.vn
2024103515,Vũ Văn Tâm,sv003515@uni.edu.vn
2019103516,Đặng Văn Tâm,sv003516@uni.edu.vn
2020103517,Bùi Văn Tâm,sv003517@uni.edu.vn
2021103518,Đỗ Văn Tâm,sv003518@uni.edu.vn
2022103519,Hồ Văn Tâm,sv003519@uni.edu.vn
2023103520,Nguyễn Minh Tâm,sv003520@uni.edu.vn
2024103521,Trần Minh Tâm,sv003521@uni.edu.vn
2019103522,Lê Minh Tâm,sv003522@uni.edu.vn
2020103523,Phạm Minh Tâm,sv003523@uni.edu.vn
2021103524,Hoàng Minh Tâm,sv003524@uni.edu.vn
2022103525,Vũ Minh Tâm,sv003525@uni.edu.vn
2023103526,Đặng Minh Tâm,sv003526@uni.edu.vn
2024103527,Bùi Minh Tâm,sv003527@uni.edu.vn
2019103528,Đỗ Minh Tâm,sv003528@uni.edu.vn
2020103529,Hồ Minh Tâm,sv003529@uni.edu.vn
2021103530,Nguyễn Quốc Tâm,sv003530@uni.edu.vn
2022103531,Trần Quốc Tâm,sv003531@uni.edu.vn
2023103532,Lê Quốc Tâm,sv003532@uni.edu.vn
2024103533,Phạm Quốc Tâm,sv003533@uni.edu.vn
2019103534,Hoàng Quốc Tâm,sv003534@uni.edu.vn
2020103535,Vũ Quốc Tâm,sv003535@uni.edu.vn
2021103536,Đặng Quốc Tâm,sv003536@uni.edu.vn
2022103537,Bùi Quốc Tâm,sv003537@uni.edu.vn
2023103538,Đỗ Quốc Tâm,sv003538@uni.edu.vn
2024103539,Hồ Quốc Tâm,sv003539@uni.edu.vn
2019103540,Nguyễn Anh Tâm,sv003540@uni.edu.vn
2020103541,Trần Anh Tâm,sv003541@uni.edu.vn
2021103542,Lê Anh Tâm,sv003542@uni.edu.vn
2022103543,Phạm Anh Tâm,sv003543@uni.edu.vn
2023103544,Hoàng Anh Tâm,sv003544@uni.edu.vn
2024103545,Vũ Anh Tâm,sv003545@uni.edu.vn
2019103546,Đặng Anh Tâm,sv003546@uni.edu.vn
2020103547,Bùi Anh Tâm,sv003547@uni.edu.vn
2021103548,Đỗ Anh Tâm,sv003548@uni.edu.vn
2022103549,Hồ Anh Tâm,sv003549@uni.edu.vn
2023103550,Nguyễn Tuấn Tâm,sv003550@uni.edu.vn
2024103551,Trần Tuấn Tâm,sv003551@uni.edu.vn
2019103552,Lê Tuấn Tâm,sv003552@uni.edu.vn
2020103553,Phạm Tuấn Tâm,sv003553@uni.edu.vn
2021103554,Hoàng Tuấn Tâm,sv003554@uni.edu.vn
2022103555,Vũ Tuấn Tâm,sv003555@uni.edu.vn
2023103556,Đặng Tuấn Tâm,sv003556@uni.edu.vn
2024103557,Bùi Tuấn Tâm,sv003557@uni.edu.vn
2019103558,Đỗ Tuấn Tâm,sv003558@uni.edu.vn
2020103559,Hồ Tuấn Tâm,sv003559@uni.edu.vn
2021103560,Nguyễn Hữu Tâm,sv003560@uni.edu.vn
2022103561,Trần Hữu Tâm,sv003561@uni.edu.vn
2023103562,Lê Hữu Tâm,sv003562@uni.edu.vn
2024103563,Phạm Hữu Tâm,sv003563@uni.edu.vn
2019103564,Hoàng Hữu Tâm,sv003564@uni.edu.vn
2020103565,Vũ Hữu Tâm,sv003565@uni.edu.vn
2021103566,Đặng Hữu Tâm,sv003566@uni.edu.vn
2022103567,Bùi Hữu Tâm,sv003567@uni.edu.vn
2023103568,Đỗ Hữu Tâm,sv003568@uni.edu.vn
2024103569,Hồ Hữu Tâm,sv003569@uni.edu.vn
2019103570,Nguyễn Thành Tâm,sv003570@uni.edu.vn
2020103571,Trần Thành Tâm,sv003571@uni.edu.vn
2021103572,Lê Thành Tâm,sv003572@uni.edu.vn
2022103573,Phạm Thành Tâm,sv003573@uni.edu.vn
2023103574,Hoàng Thành Tâm,sv003574@uni.edu.vn
2024103575,Vũ Thành Tâm,sv003575@uni.edu.vn
2019103576,Đặng Thành Tâm,sv003576@uni.edu.vn
2020103577,Bùi Thành Tâm,sv003577@uni.edu.vn
2021103578,Đỗ Thành Tâm,sv003578@uni.edu.vn
2022103579,Hồ Thành Tâm,sv003579@uni.edu.vn
2023103580,Nguyễn Ngọc Tâm,sv003580@uni.edu.vn
2024103581,Trần Ngọc Tâm,sv003581@uni.edu.vn
2019103582,Lê Ngọc Tâm,sv003582@uni.edu.vn
2020103583,Phạm Ngọc Tâm,sv003583@uni.edu.vn
2021103584,Hoàng Ngọc Tâm,sv003584@uni.edu.vn
2022103585,Vũ Ngọc Tâm,sv003585@uni.edu.vn
2023103586,Đặng Ngọc Tâm,sv003586@uni.edu.vn
2024103587,Bùi Ngọc Tâm,sv003587@uni.edu.vn
2019103588,Đỗ Ngọc Tâm,sv003588@uni.edu.vn
2020103589,Hồ Ngọc Tâm,sv003589@uni.edu.vn
2021103590,Nguyễn Tâm,sv003590@uni.edu.vn
2022103591,Trần Tâm,sv003591@uni.edu.vn
2023103592,Lê Tâm,sv003592@uni.edu.vn
2024103593,Phạm Tâm,sv003593@uni.edu.vn
2019103594,Hoàng Tâm,sv003594@uni.edu.vn
2020103595,Vũ Tâm,sv003595@uni.edu.vn
2021103596,Đặng Tâm,sv003596@uni.edu.vn
2022103597,Bùi Tâm,sv003597@uni.edu.vn
2023103598,Đỗ Tâm,sv003598@uni.edu.vn
2024103599,Hồ Tâm,sv003599@uni.edu.vn
2019103600,Nguyễn Thị Thảo,sv003600@uni.edu.vn
2020103601,Trần Thị Thảo,sv003601@uni.edu.vn
2021103602,Lê Thị Thảo,sv003602@uni.edu.vn
2022103603,Phạm Thị Thảo,sv003603@uni.edu.vn
2023103604,Hoàng Thị Thảo,sv003604@uni.edu.vn
2024103605,Vũ Thị Thảo,sv003605@uni.edu.vn
2019103606,Đặng Thị Thảo,sv003606@uni.edu.vn
2020103607,Bùi Thị Thảo,sv003607@uni.edu.vn
2021103608,Đỗ Thị Thảo,sv003608@uni.edu.vn
2022103609,Hồ Thị Thảo,sv003609@uni.edu.vn
2023103610,Nguyễn Văn Thảo,sv003610@uni.edu.vn
2024103611,Trần Văn Thảo,sv003611@uni.edu.vn
2019103612,Lê Văn Thảo,sv003612@uni.edu.vn
2020103613,Phạm Văn Thảo,sv003613@uni.edu.vn
2021103614,Hoàng Văn Thảo,sv003614@uni.edu.vn
2022103615,Vũ Văn Thảo,sv003615@uni.edu.vn
2023103616,Đặng Văn Thảo,sv003616@uni.edu.vn
2024103617,Bùi Văn Thảo,sv003617@uni.edu.vn
2019103618,Đỗ Văn Thảo,sv003618@uni.edu.vn
2020103619,Hồ Văn Thảo,sv003619@uni.edu.vn
2021103620,Nguyễn Minh Thảo,sv003620@uni.edu.vn
2022103621,Trần Minh Thảo,sv003621@uni.edu.vn
2023103622,Lê Minh Thảo,sv003622@uni.edu.vn
2024103623,Phạm Minh Thảo,sv003623@uni.edu.vn
2019103624,Hoàng Minh Thảo,sv003624@uni.edu.vn
2020103625,Vũ Minh Thảo,sv003625@uni.edu.vn
2021103626,Đặng Minh Thảo,sv003626@uni.edu.vn
2022103627,Bùi Minh Thảo,sv003627@uni.edu.vn
2023103628,Đỗ Minh Thảo,sv003628@uni.edu.vn
2024103629,Hồ Minh Thảo,sv003629@uni.edu.vn
2019103630,Nguyễn Quốc Thảo,sv003630@uni.edu.vn
2020103631,Trần Quốc Thảo,sv003631@uni.edu.vn
2021103632,Lê Quốc Thảo,sv003632@uni.edu.vn
2022103633,Phạm Quốc Thảo,sv003633@uni.edu.vn
2023103634,Hoàng Quốc Thảo,sv003634@uni.edu.vn
2024103635,Vũ Quốc Thảo,sv003635@uni.edu.vn
2019103636,Đặng Quốc Thảo,sv003636@uni.edu.vn
2020103637,Bùi Quốc Thảo,sv003637@uni.edu.vn
2021103638,Đỗ Quốc Thảo,sv003638@uni.edu.vn
2022103639,Hồ Quốc Thảo,sv003639@uni.edu.vn
2023103640,Nguyễn Anh Thảo,sv003640@uni.edu.vn
2024103641,Trần Anh Thảo,sv003641@uni.edu.vn
2019103642,Lê Anh Thảo,sv003642@uni.edu.vn
2020103643,Phạm Anh Thảo,sv003643@uni.edu.vn
2021103644,Hoàng Anh Thảo,sv003644@uni.edu.vn
2022103645,Vũ Anh Thảo,sv003645@uni.edu.vn
2023103646,Đặng Anh Thảo,sv003646@uni.edu.vn
2024103647,Bùi Anh Thảo,sv003647@uni.edu.vn
2019103648,Đỗ Anh Thảo,sv003648@uni.edu.vn
2020103649,Hồ Anh Thảo,sv003649@uni.edu.vn
2021103650,Nguyễn Tuấn Thảo,sv003650@uni.edu.vn
2022103651,Trần Tuấn Thảo,sv003651@uni.edu.vn
2023103652,Lê Tuấn Thảo,sv003652@uni.edu.vn
2024103653,Phạm Tuấn Thảo,sv003653@uni.edu.vn
2019103654,Hoàng Tuấn Thảo,sv003654@uni.edu.vn
2020103655,Vũ Tuấn Thảo,sv003655@uni.edu.vn
2021103656,Đặng Tuấn Thảo,sv003656@uni.edu.vn
2022103657,Bùi Tuấn Thảo,sv003657@uni.edu.vn
2023103658,Đỗ Tuấn Thảo,sv003658@uni.edu.vn
2024103659,Hồ Tuấn Thảo,sv003659@uni.edu.vn
2019103660,Nguyễn Hữu Thảo,sv003660@uni.edu.vn
2020103661,Trần Hữu Thảo,sv003661@uni.edu.vn
2021103662,Lê Hữu Thảo,sv003662@uni.edu.vn
2022103663,Phạm Hữu Thảo,sv003663@uni.edu.vn
2023103664,Hoàng Hữu Thảo,sv003664@uni.edu.vn
2024103665,Vũ Hữu Thảo,sv003665@uni.edu.vn
2019103666,Đặng Hữu Thảo,sv003666@uni.edu.vn
2020103667,Bùi Hữu Thảo,sv003667@uni.edu.vn
2021103668,Đỗ Hữu Thảo,sv003668@uni.edu.vn
2022103669,Hồ Hữu Thảo,sv003669@uni.edu.vn
2023103670,Nguyễn Thành Thảo,sv003670@uni.edu.vn
2024103671,Trần Thành Thảo,sv003671@uni.edu.vn
2019103672,Lê Thành Thảo,sv003672@uni.edu.vn
2020103673,Phạm Thành Thảo,sv003673@uni.edu.vn
2021103674,Hoàng Thành Thảo,sv003674@uni.edu.vn
2022103675,Vũ Thành Thảo,sv003675@uni.edu.vn
2023103676,Đặng Thành Thảo,sv003676@uni.edu.vn
2024103677,Bùi Thành Thảo,sv003677@uni.edu.vn
2019103678,Đỗ Thành Thảo,sv003678@uni.edu.vn
2020103679,Hồ Thành Thảo,sv003679@uni.edu.vn
2021103680,Nguyễn Ngọc Thảo,sv003680@uni.edu.vn
2022103681,Trần Ngọc Thảo,sv003681@uni.edu.vn
2023103682,Lê Ngọc Thảo,sv003682@uni.edu.vn
2024103683,Phạm Ngọc Thảo,sv003683@uni.edu.vn
2019103684,Hoàng Ngọc Thảo,sv003684@uni.edu.vn
2020103685,Vũ Ngọc Thảo,sv003685@uni.edu.vn
2021103686,Đặng Ngọc Thảo,sv003686@uni.edu.vn
2022103687,Bùi Ngọc Thảo,sv003687@uni.edu.vn
2023103688,Đỗ Ngọc Thảo,sv003688@uni.edu.vn
2024103689,Hồ Ngọc Thảo,sv003689@uni.edu.vn
2019103690,Nguyễn Thảo,sv003690@uni.edu.vn
2020103691,Trần Thảo,sv003691@uni.edu.vn
2021103692,Lê Thảo,sv003692@uni.edu.vn
2022103693,Phạm Thảo,sv003693@uni.edu.vn
2023103694,Hoàng Thảo,sv003694@uni.edu.vn
2024103695,Vũ Thảo,sv003695@uni.edu.vn
2019103696,Đặng Thảo,sv003696@uni.edu.vn
2020103697,Bùi Thảo,sv003697@uni.edu.vn
2021103698,Đỗ Thảo,sv003698@uni.edu.vn
2022103699,Hồ Thảo,sv003699@uni.edu.vn
2023103700,Nguyễn Thị Uyên,sv003700@uni.edu.vn
2024103701,Trần Thị Uyên,sv003701@uni.edu.vn
2019103702,Lê Thị Uyên,sv003702@uni.edu.vn
2020103703,Phạm Thị Uyên,sv003703@uni.edu.vn
2021103704,Hoàng Thị Uyên,sv003704@uni.edu.vn
2022103705,Vũ Thị Uyên,sv003705@uni.edu.vn
2023103706,Đặng Thị Uyên,sv003706@uni.edu.vn
2024103707,Bùi Thị Uyên,sv003707@uni.edu.vn
2019103708,Đỗ Thị Uyên,sv003708@uni.edu.vn
2020103709,Hồ Thị Uyên,sv003709@uni.edu.vn
2021103710,Nguyễn Văn Uyên,sv003710@uni.edu.vn
2022103711,Trần Văn Uyên,sv003711@uni.edu.vn
2023103712,Lê Văn Uyên,sv003712@uni.edu.vn
2024103713,Phạm Văn Uyên,sv003713@uni.edu.vn
2019103714,Hoàng Văn Uyên,sv003714@uni.edu.vn
2020103715,Vũ Văn Uyên,sv003715@uni.edu.vn
2021103716,Đặng Văn Uyên,sv003716@uni.edu.vn
2022103717,Bùi Văn Uyên,sv003717@uni.edu.vn
2023103718,Đỗ Văn Uyên,sv003718@uni.edu.vn
2024103719,Hồ Văn Uyên,sv003719@uni.edu.vn
2019103720,Nguyễn Minh Uyên,sv003720@uni.edu.vn
2020103721,Trần Minh Uyên,sv003721@uni.edu.vn
2021103722,Lê Minh Uyên,sv003722@uni.edu.vn
2022103723,Phạm Minh Uyên,sv003723@uni.edu.vn
2023103724,Hoàng Minh Uyên,sv003724@uni.edu.vn
2024103725,Vũ Minh Uyên,sv003725@uni.edu.vn
2019103726,Đặng Minh Uyên,sv003726@uni.edu.vn
2020103727,Bùi Minh Uyên,sv003727@uni.edu.vn
2021103728,Đỗ Minh Uyên,sv003728@uni.edu.vn
2022103729,Hồ Minh Uyên,sv003729@uni.edu.vn
2023103730,Nguyễn Quốc Uyên,sv003730@uni.edu.vn
2024103731,Trần Quốc Uyên,sv003731@uni.edu.vn
2019103732,Lê Quốc Uyên,sv003732@uni.edu.vn
2020103733,Phạm Quốc Uyên,sv003733@uni.edu.vn
2021103734,Hoàng Quốc Uyên,sv003734@uni.edu.vn
2022103735,Vũ Quốc Uyên,sv003735@uni.edu.vn
2023103736,Đặng Quốc Uyên,sv003736@uni.edu.vn
2024103737,Bùi Quốc Uyên,sv003737@uni.edu.vn
2019103738,Đỗ Quốc Uyên,sv003738@uni.edu.vn
2020103739,Hồ Quốc Uyên,sv003739@uni.edu.vn
2021103740,Nguyễn Anh Uyên,sv003740@uni.edu.vn
2022103741,Trần Anh Uyên,sv003741@uni.edu.vn
2023103742,Lê Anh Uyên,sv003742@uni.edu.vn
2024103743,Phạm Anh Uyên,sv003743@uni.edu.vn
2019103744,Hoàng Anh Uyên,sv003744@uni.edu.vn
2020103745,Vũ Anh Uyên,sv003745@uni.edu.vn
2021103746,Đặng Anh Uyên,sv003746@uni.edu.vn
2022103747,Bùi Anh Uyên,sv003747@uni.edu.vn
2023103748,Đỗ Anh Uyên,sv003748@uni.edu.vn
2024103749,Hồ Anh Uyên,sv003749@uni.edu.vn
2019103750,Nguyễn Tuấn Uyên,sv003750@uni.edu.vn
2020103751,Trần Tuấn Uyên,sv003751@uni.edu.vn
2021103752,Lê Tuấn Uyên,sv003752@uni.edu.vn
2022103753,Phạm Tuấn Uyên,sv003753@uni.edu.vn
2023103754,Hoàng Tuấn Uyên,sv003754@uni.edu.vn
2024103755,Vũ Tuấn Uyên,sv003755@uni.edu.vn
2019103756,Đặng Tuấn Uyên,sv003756@uni.edu.vn
2020103757,Bùi Tuấn Uyên,sv003757@uni.edu.vn
2021103758,Đỗ Tuấn Uyên,sv003758@uni.edu.vn
2022103759,Hồ Tuấn Uyên,sv003759@uni.edu.vn
2023103760,Nguyễn Hữu Uyên,sv003760@uni.edu.vn
2024103761,Trần Hữu Uyên,sv003761@uni.edu.vn
2019103762,Lê Hữu Uyên,sv003762@uni.edu.vn
2020103763,Phạm Hữu Uyên,sv003763@uni.edu.vn
2021103764,Hoàng Hữu Uyên,sv003764@uni.edu.vn
2022103765,Vũ Hữu Uyên,sv003765@uni.edu.vn
2023103766,Đặng Hữu Uyên,sv003766@uni.edu.vn
2024103767,Bùi Hữu Uyên,sv003767@uni.edu.vn
2019103768,Đỗ Hữu Uyên,sv003768@uni.edu.vn
2020103769,Hồ Hữu Uyên,sv003769@uni.edu.vn
2021103770,Nguyễn Thành Uyên,sv003770@uni.edu.vn
2022103771,Trần Thành Uyên,sv003771@uni.edu.vn
2023103772,Lê Thành Uyên,sv003772@uni.edu.vn
2024103773,Phạm Thành Uyên,sv003773@uni.edu.vn
2019103774,Hoàng Thành Uyên,sv003774@uni.edu.vn
2020103775,Vũ Thành Uyên,sv003775@uni.edu.vn
2021103776,Đặng Thành Uyên,sv003776@uni.edu.vn
2022103777,Bùi Thành Uyên,sv003777@uni.edu.vn
2023103778,Đỗ Thành Uyên,sv003778@uni.edu.vn
2024103779,Hồ Thành Uyên,sv003779@uni.edu.vn
2019103780,Nguyễn Ngọc Uyên,sv003780@uni.edu.vn
2020103781,Trần Ngọc Uyên,sv003781@uni.edu.vn
2021103782,Lê Ngọc Uyên,sv003782@uni.edu.vn
2022103783,Phạm Ngọc Uyên,sv003783@uni.edu.vn
2023103784,Hoàng Ngọc Uyên,sv003784@uni.edu.vn
2024103785,Vũ Ngọc Uyên,sv003785@uni.edu.vn
2019103786,Đặng Ngọc Uyên,sv003786@uni.edu.vn
2020103787,Bùi Ngọc Uyên,sv003787@uni.edu.vn
2021103788,Đỗ Ngọc Uyên,sv003788@uni.edu.vn
2022103789,Hồ Ngọc Uyên,sv003789@uni.edu.vn
2023103790,Nguyễn Uyên,sv003790@uni.edu.vn
2024103791,Trần Uyên,sv003791@uni.edu.vn
2019103792,Lê Uyên,sv003792@uni.edu.vn
2020103793,Phạm Uyên,sv003793@uni.edu.vn
2021103794,Hoàng Uyên,sv003794@uni.edu.vn
2022103795,Vũ Uyên,sv003795@uni.edu.vn
2023103796,Đặng Uyên,sv003796@uni.edu.vn
2024103797,Bùi Uyên,sv003797@uni.edu.vn
2019103798,Đỗ Uyên,sv003798@uni.edu.vn
2020103799,Hồ Uyên,sv003799@uni.edu.vn
2021103800,Nguyễn Thị Việt,sv003800@uni.edu.vn
2022103801,Trần Thị Việt,sv003801@uni.edu.vn
2023103802,Lê Thị Việt,sv003802@uni.edu.vn
2024103803,Phạm Thị Việt,sv003803@uni.edu.vn
2019103804,Hoàng Thị Việt,sv003804@uni.edu.vn
2020103805,Vũ Thị Việt,sv003805@uni.edu.vn
2021103806,Đặng Thị Việt,sv003806@uni.edu.vn
2022103807,Bùi Thị Việt,sv003807@uni.edu.vn
2023103808,Đỗ Thị Việt,sv003808@uni.edu.vn
2024103809,Hồ Thị Việt,sv003809@uni.edu.vn
2019103810,Nguyễn Văn Việt,sv003810@uni.edu.vn
2020103811,Trần Văn Việt,sv003811@uni.edu.vn
2021103812,Lê Văn Việt,sv003812@uni.edu.vn
2022103813,Phạm Văn Việt,sv003813@uni.edu.vn
2023103814,Hoàng Văn Việt,sv003814@uni.edu.vn
2024103815,Vũ Văn Việt,sv003815@uni.edu.vn
2019103816,Đặng Văn Việt,sv003816@uni.edu.vn
2020103817,Bùi Văn Việt,sv003817@uni.edu.vn
2021103818,Đỗ Văn Việt,sv003818@uni.edu.vn
2022103819,Hồ Văn Việt,sv003819@uni.edu.vn
2023103820,Nguyễn Minh Việt,sv003820@uni.edu.vn
2024103821,Trần Minh Việt,sv003821@uni.edu.vn
2019103822,Lê Minh Việt,sv003822@uni.edu.vn
2020103823,Phạm Minh Việt,sv003823@uni.edu.vn
2021103824,Hoàng Minh Việt,sv003824@uni.edu.vn
2022103825,Vũ Minh Việt,sv003825@uni.edu.vn
2023103826,Đặng Minh Việt,sv003826@uni.edu.vn
2024103827,Bùi Minh Việt,sv003827@uni.edu.vn
2019103828,Đỗ Minh Việt,sv003828@uni.edu.vn
2020103829,Hồ Minh Việt,sv003829@uni.edu.vn
2021103830,Nguyễn Quốc Việt,sv003830@uni.edu.vn
2022103831,Trần Quốc Việt,sv003831@uni.edu.vn
2023103832,Lê Quốc Việt,sv003832@uni.edu.vn
2024103833,Phạm Quốc Việt,sv003833@uni.edu.vn
2019103834,Hoàng Quốc Việt,sv003834@uni.edu.vn
2020103835,Vũ Quốc Việt,sv003835@uni.edu.vn
2021103836,Đặng Quốc Việt,sv003836@uni.edu.vn
2022103837,Bùi Quốc Việt,sv003837@uni.edu.vn
2023103838,Đỗ Quốc Việt,sv003838@uni.edu.vn
2024103839,Hồ Quốc Việt,sv003839@uni.edu.vn
2019103840,Nguyễn Anh Việt,sv003840@uni.edu.vn
2020103841,Trần Anh Việt,sv003841@uni.edu.vn
2021103842,Lê Anh Việt,sv003842@uni.edu.vn
2022103843,Phạm Anh Việt,sv003843@uni.edu.vn
2023103844,Hoàng Anh Việt,sv003844@uni.edu.vn
2024103845,Vũ Anh Việt,sv003845@uni.edu.vn
2019103846,Đặng Anh Việt,sv003846@uni.edu.vn
2020103847,Bùi Anh Việt,sv003847@uni.edu.vn
2021103848,Đỗ Anh Việt,sv003848@uni.edu.vn
2022103849,Hồ Anh Việt,sv003849@uni.edu.vn
2023103850,Nguyễn Tuấn Việt,sv003850@uni.edu.vn
2024103851,Trần Tuấn Việt,sv003851@uni.edu.vn
2019103852,Lê Tuấn Việt,sv003852@uni.edu.vn
2020103853,Phạm Tuấn Việt,sv003853@uni.edu.vn
2021103854,Hoàng Tuấn Việt,sv003854@uni.edu.vn
2022103855,Vũ Tuấn Việt,sv003855@uni.edu.vn
2023103856,Đặng Tuấn Việt,sv003856@uni.edu.vn
2024103857,Bùi Tuấn Việt,sv003857@uni.edu.vn
2019103858,Đỗ Tuấn Việt,sv003858@uni.edu.vn
2020103859,Hồ Tuấn Việt,sv003859@uni.edu.vn
2021103860,Nguyễn Hữu Việt,sv003860@uni.edu.vn
2022103861,Trần Hữu Việt,sv003861@uni.edu.vn
2023103862,Lê Hữu Việt,sv003862@uni.edu.vn
2024103863,Phạm Hữu Việt,sv003863@uni.edu.vn
2019103864,Hoàng Hữu Việt,sv003864@uni.edu.vn
2020103865,Vũ Hữu Việt,sv003865@uni.edu.vn
2021103866,Đặng Hữu Việt,sv003866@uni.edu.vn
2022103867,Bùi Hữu Việt,sv003867@uni.edu.vn
2023103868,Đỗ Hữu Việt,sv003868@uni.edu.vn
2024103869,Hồ Hữu Việt,sv003869@uni.edu.vn
2019103870,Nguyễn Thành Việt,sv003870@uni.edu.vn
2020103871,Trần Thành Việt,sv003871@uni.edu.vn
2021103872,Lê Thành Việt,sv003872@uni.edu.vn
2022103873,Phạm Thành Việt,sv003873@uni.edu.vn
2023103874,Hoàng Thành Việt,sv003874@uni.edu.vn
2024103875,Vũ Thành Việt,sv003875@uni.edu.vn
2019103876,Đặng Thành Việt,sv003876@uni.edu.vn
2020103877,Bùi Thành Việt,sv003877@uni.edu.vn
2021103878,Đỗ Thành Việt,sv003878@uni.edu.vn
2022103879,Hồ Thành Việt,sv003879@uni.edu.vn
2023103880,Nguyễn Ngọc Việt,sv003880@uni.edu.vn
2024103881,Trần Ngọc Việt,sv003881@uni.edu.vn
2019103882,Lê Ngọc Việt,sv003882@uni.edu.vn
2020103883,Phạm Ngọc Việt,sv003883@uni.edu.vn
2021103884,Hoàng Ngọc Việt,sv003884@uni.edu.vn
2022103885,Vũ Ngọc Việt,sv003885@uni.edu.vn
2023103886,Đặng Ngọc Việt,sv003886@uni.edu.vn
2024103887,Bùi Ngọc Việt,sv003887@uni.edu.vn
2019103888,Đỗ Ngọc Việt,sv003888@uni.edu.vn
2020103889,Hồ Ngọc Việt,sv003889@uni.edu.vn
2021103890,Nguyễn Việt,sv003890@uni.edu.vn
2022103891,Trần Việt,sv003891@uni.edu.vn
2023103892,Lê Việt,sv003892@uni.edu.vn
2024103893,Phạm Việt,sv003893@uni.edu.vn
2019103894,Hoàng Việt,sv003894@uni.edu.vn
2020103895,Vũ Việt,sv003895@uni.edu.vn
2021103896,Đặng Việt,sv003896@uni.edu.vn
2022103897,Bùi Việt,sv003897@uni.edu.vn
2023103898,Đỗ Việt,sv003898@uni.edu.vn
2024103899,Hồ Việt,sv003899@uni.edu.vn
2019103900,Nguyễn Thị Yến,sv003900@uni.edu.vn
2020103901,Trần Thị Yến,sv003901@uni.edu.vn
2021103902,Lê Thị Yến,sv003902@uni.edu.vn
2022103903,Phạm Thị Yến,sv003903@uni.edu.vn
2023103904,Hoàng Thị Yến,sv003904@uni.edu.vn
2024103905,Vũ Thị Yến,sv003905@uni.edu.vn
2019103906,Đặng Thị Yến,sv003906@uni.edu.vn
2020103907,Bùi Thị Yến,sv003907@uni.edu.vn
2021103908,Đỗ Thị Yến,sv003908@uni.edu.vn
2022103909,Hồ Thị Yến,sv003909@uni.edu.vn
2023103910,Nguyễn Văn Yến,sv003910@uni.edu.vn
2024103911,Trần Văn Yến,sv003911@uni.edu.vn
2019103912,Lê Văn Yến,sv003912@uni.edu.vn
2020103913,Phạm Văn Yến,sv003913@uni.edu.vn
2021103914,Hoàng Văn Yến,sv003914@uni.edu.vn
2022103915,Vũ Văn Yến,sv003915@uni.edu.vn
2023103916,Đặng Văn Yến,sv003916@uni.edu.vn
2024103917,Bùi Văn Yến,sv003917@uni.edu.vn
2019103918,Đỗ Văn Yến,sv003918@uni.edu.vn
2020103919,Hồ Văn Yến,sv003919@uni.edu.vn
2021103920,Nguyễn Minh Yến,sv003920@uni.edu.vn
2022103921,Trần Minh Yến,sv003921@uni.edu.vn
2023103922,Lê Minh Yến,sv003922@uni.edu.vn
2024103923,Phạm Minh Yến,sv003923@uni.edu.vn
2019103924,Hoàng Minh Yến,sv003924@uni.edu.vn
2020103925,Vũ Minh Yến,sv003925@uni.edu.vn
2021103926,Đặng Minh Yến,sv003926@uni.edu.vn
2022103927,Bùi Minh Yến,sv003927@uni.edu.vn
2023103928,Đỗ Minh Yến,sv003928@uni.edu.vn
2024103929,Hồ Minh Yến,sv003929@uni.edu.vn
2019103930,Nguyễn Quốc Yến,sv003930@uni.edu.vn
2020103931,Trần Quốc Yến,sv003931@uni.edu.vn
2021103932,Lê Quốc Yến,sv003932@uni.edu.vn
2022103933,Phạm Quốc Yến,sv003933@uni.edu.vn
2023103934,Hoàng Quốc Yến,sv003934@uni.edu.vn
2024103935,Vũ Quốc Yến,sv003935@uni.edu.vn
2019103936,Đặng Quốc Yến,sv003936@uni.edu.vn
2020103937,Bùi Quốc Yến,sv003937@uni.edu.vn
2021103938,Đỗ Quốc Yến,sv003938@uni.edu.vn
2022103939,Hồ Quốc Yến,sv003939@uni.edu.vn
2023103940,Nguyễn Anh Yến,sv003940@uni.edu.vn
2024103941,Trần Anh Yến,sv003941@uni.edu.vn
2019103942,Lê Anh Yến,sv003942@uni.edu.vn
2020103943,Phạm Anh Yến,sv003943@uni.edu.vn
2021103944,Hoàng Anh Yến,sv003944@uni.edu.vn
2022103945,Vũ Anh Yến,sv003945@uni.edu.vn
2023103946,Đặng Anh Yến,sv003946@uni.edu.vn
2024103947,Bùi Anh Yến,sv003947@uni.edu.vn
2019103948,Đỗ Anh Yến,sv003948@uni.edu.vn
2020103949,Hồ Anh Yến,sv003949@uni.edu.vn
2021103950,Nguyễn Tuấn Yến,sv003950@uni.edu.vn
2022103951,Trần Tuấn Yến,sv003951@uni.edu.vn
2023103952,Lê Tuấn Yến,sv003952@uni.edu.vn
2024103953,Phạm Tuấn Yến,sv003953@uni.edu.vn
2019103954,Hoàng Tuấn Yến,sv003954@uni.edu.vn
2020103955,Vũ Tuấn Yến,sv003955@uni.edu.vn
2021103956,Đặng Tuấn Yến,sv003956@uni.edu.vn
2022103957,Bùi Tuấn Yến,sv003957@uni.edu.vn
2023103958,Đỗ Tuấn Yến,sv003958@uni.edu.vn
2024103959,Hồ Tuấn Yến,sv003959@uni.edu.vn
2019103960,Nguyễn Hữu Yến,sv003960@uni.edu.vn
2020103961,Trần Hữu Yến,sv003961@uni.edu.vn
2021103962,Lê Hữu Yến,sv003962@uni.edu.vn
2022103963,Phạm Hữu Yến,sv003963@uni.edu.vn
2023103964,Hoàng Hữu Yến,sv003964@uni.edu.vn
2024103965,Vũ Hữu Yến,sv003965@uni.edu.vn
2019103966,Đặng Hữu Yến,sv003966@uni.edu.vn
2020103967,Bùi Hữu Yến,sv003967@uni.edu.vn
2021103968,Đỗ Hữu Yến,sv003968@uni.edu.vn
2022103969,Hồ Hữu Yến,sv003969@uni.edu.vn
2023103970,Nguyễn Thành Yến,sv003970@uni.edu.vn
2024103971,Trần Thành Yến,sv003971@uni.edu.vn
2019103972,Lê Thành Yến,sv003972@uni.edu.vn
2020103973,Phạm Thành Yến,sv003973@uni.edu.vn
2021103974,Hoàng Thành Yến,sv003974@uni.edu.vn
2022103975,Vũ Thành Yến,sv003975@uni.edu.vn
2023103976,Đặng Thành Yến,sv003976@uni.edu.vn
2024103977,Bùi Thành Yến,sv003977@uni.edu.vn
2019103978,Đỗ Thành Yến,sv003978@uni.edu.vn
2020103979,Hồ Thành Yến,sv003979@uni.edu.vn
2021103980,Nguyễn Ngọc Yến,sv003980@uni.edu.vn
2022103981,Trần Ngọc Yến,sv003981@uni.edu.vn
2023103982,Lê Ngọc Yến,sv003982@uni.edu.vn
2024103983,Phạm Ngọc Yến,sv003983@uni.edu.vn
2019103984,Hoàng Ngọc Yến,sv003984@uni.edu.vn
2020103985,Vũ Ngọc Yến,sv003985@uni.edu.vn
2021103986,Đặng Ngọc Yến,sv003986@uni.edu.vn
2022103987,Bùi Ngọc Yến,sv003987@uni.edu.vn
2023103988,Đỗ Ngọc Yến,sv003988@uni.edu.vn
2024103989,Hồ Ngọc Yến,sv003989@uni.edu.vn
2019103990,Nguyễn Yến,sv003990@uni.edu.vn
2020103991,Trần Yến,sv003991@uni.edu.vn
2021103992,Lê Yến,sv003992@uni.edu.vn
2022103993,Phạm Yến,sv003993@uni.edu.vn
2023103994,Hoàng Yến,sv003994@uni.edu.vn
2024103995,Vũ Yến,sv003995@uni.edu.vn
2019103996,Đặng Yến,sv003996@uni.edu.vn
2020103997,Bùi Yến,sv003997@uni.edu.vn
2021103998,Đỗ Yến,sv003998@uni.edu.vn
2022103999,Hồ Yến,sv003999@uni.edu.vn
2023104000,Nguyễn Thị An,sv004000@uni.edu.vn
2024104001,Trần Thị An,sv004001@uni.edu.vn
2019104002,Lê Thị An,sv004002@uni.edu.vn
2020104003,Phạm Thị An,sv004003@uni.edu.vn
2021104004,Hoàng Thị An,sv004004@uni.edu.vn
2022104005,Vũ Thị An,sv004005@uni.edu.vn
2023104006,Đặng Thị An,sv004006@uni.edu.vn
2024104007,Bùi Thị An,sv004007@uni.edu.vn
2019104008,Đỗ Thị An,sv004008@uni.edu.vn
2020104009,Hồ Thị An,sv004009@uni.edu.vn
2021104010,Nguyễn Văn An,sv004010@uni.edu.vn
2022104011,Trần Văn An,sv004011@uni.edu.vn
2023104012,Lê Văn An,sv004012@uni.edu.vn
2024104013,Phạm Văn An,sv004013@uni.edu.vn
2019104014,Hoàng Văn An,sv004014@uni.edu.vn
2020104015,Vũ Văn An,sv004015@uni.edu.vn
2021104016,Đặng Văn An,sv004016@uni.edu.vn
2022104017,Bùi Văn An,sv004017@uni.edu.vn
2023104018,Đỗ Văn An,sv004018@uni.edu.vn
2024104019,Hồ Văn An,sv004019@uni.edu.vn
2019104020,Nguyễn Minh An,sv004020@uni.edu.vn
2020104021,Trần Minh An,sv004021@uni.edu.vn
2021104022,Lê Minh An,sv004022@uni.edu.vn
2022104023,Phạm Minh An,sv004023@uni.edu.vn
2023104024,Hoàng Minh An,sv004024@uni.edu.vn
2024104025,Vũ Minh An,sv004025@uni.edu.vn
2019104026,Đặng Minh An,sv004026@uni.edu.vn
2020104027,Bùi Minh An,sv004027@uni.edu.vn
2021104028,Đỗ Minh An,sv004028@uni.edu.vn
2022104029,Hồ Minh An,sv004029@uni.edu.vn
2023104030,Nguyễn Quốc An,sv004030@uni.edu.vn
2024104031,Trần Quốc An,sv004031@uni.edu.vn
2019104032,Lê Quốc An,sv004032@uni.edu.vn
2020104033,Phạm Quốc An,sv004033@uni.edu.vn
2021104034,Hoàng Quốc An,sv004034@uni.edu.vn
2022104035,Vũ Quốc An,sv004035@uni.edu.vn
2023104036,Đặng Quốc An,sv004036@uni.edu.vn
2024104037,Bùi Quốc An,sv004037@uni.edu.vn
2019104038,Đỗ Quốc An,sv004038@uni.edu.vn
2020104039,Hồ Quốc An,sv004039@uni.edu.vn
2021104040,Nguyễn Anh An,sv004040@uni.edu.vn
2022104041,Trần Anh An,sv004041@uni.edu.vn
2023104042,Lê Anh An,sv004042@uni.edu.vn
2024104043,Phạm Anh An,sv004043@uni.edu.vn
2019104044,Hoàng Anh An,sv004044@uni.edu.vn
2020104045,Vũ Anh An,sv004045@uni.edu.vn
2021104046,Đặng Anh An,sv004046@uni.edu.vn
2022104047,Bùi Anh An,sv004047@uni.edu.vn
2023104048,Đỗ Anh An,sv004048@uni.edu.vn
2024104049,Hồ Anh An,sv004049@uni.edu.vn
2019104050,Nguyễn Tuấn An,sv004050@uni.edu.vn
2020104051,Trần Tuấn An,sv004051@uni.edu.vn
2021104052,Lê Tuấn An,sv004052@uni.edu.vn
2022104053,Phạm Tuấn An,sv004053@uni.edu.vn
2023104054,Hoàng Tuấn An,sv004054@uni.edu.vn
2024104055,Vũ Tuấn An,sv004055@uni.edu.vn
2019104056,Đặng Tuấn An,sv004056@uni.edu.vn
2020104057,Bùi Tuấn An,sv004057@uni.edu.vn
2021104058,Đỗ Tuấn An,sv004058@uni.edu.vn
2022104059,Hồ Tuấn An,sv004059@uni.edu.vn
2023104060,Nguyễn Hữu An,sv004060@uni.edu.vn
2024104061,Trần Hữu An,sv004061@uni.edu.vn
2019104062,Lê Hữu An,sv004062@uni.edu.vn
2020104063,Phạm Hữu An,sv004063@uni.edu.vn
2021104064,Hoàng Hữu An,sv004064@uni.edu.vn
2022104065,Vũ Hữu An,sv004065@uni.edu.vn
2023104066,Đặng Hữu An,sv004066@uni.edu.vn
2024104067,Bùi Hữu An,sv004067@uni.edu.vn
2019104068,Đỗ Hữu An,sv004068@uni.edu.vn
2020104069,Hồ Hữu An,sv004069@uni.edu.vn
2021104070,Nguyễn Thành An,sv004070@uni.edu.vn
2022104071,Trần Thành An,sv004071@uni.edu.vn
2023104072,Lê Thành An,sv004072@uni.edu.vn
2024104073,Phạm Thành An,sv004073@uni.edu.vn
2019104074,Hoàng Thành An,sv004074@uni.edu.vn
2020104075,Vũ Thành An,sv004075@uni.edu.vn
2021104076,Đặng Thành An,sv004076@uni.edu.vn
2022104077,Bùi Thành An,sv004077@uni.edu.vn
2023104078,Đỗ Thành An,sv004078@uni.edu.vn
2024104079,Hồ Thành An,sv004079@uni.edu.vn
2019104080,Nguyễn Ngọc An,sv004080@uni.edu.vn
2020104081,Trần Ngọc An,sv004081@uni.edu.vn
2021104082,Lê Ngọc An,sv004082@uni.edu.vn
2022104083,Phạm Ngọc An,sv004083@uni.edu.vn
2023104084,Hoàng Ngọc An,sv004084@uni.edu.vn
2024104085,Vũ Ngọc An,sv004085@uni.edu.vn
2019104086,Đặng Ngọc An,sv004086@uni.edu.vn
2020104087,Bùi Ngọc An,sv004087@uni.edu.vn
2021104088,Đỗ Ngọc An,sv004088@uni.edu.vn
2022104089,Hồ Ngọc An,sv004089@uni.edu.vn
2023104090,Nguyễn An,sv004090@uni.edu.vn
2024104091,Trần An,sv004091@uni.edu.vn
2019104092,Lê An,sv004092@uni.edu.vn
2020104093,Phạm An,sv004093@uni.edu.vn
2021104094,Hoàng An,sv004094@uni.edu.vn
2022104095,Vũ An,sv004095@uni.edu.vn
2023104096,Đặng An,sv004096@uni.edu.vn
2024104097,Bùi An,sv004097@uni.edu.vn
2019104098,Đỗ An,sv004098@uni.edu.vn
2020104099,Hồ An,sv004099@uni.edu.vn
2021104100,Nguyễn Thị Bình,sv004100@uni.edu.vn
2022104101,Trần Thị Bình,sv004101@uni.edu.vn
2023104102,Lê Thị Bình,sv004102@uni.edu.vn
2024104103,Phạm Thị Bình,sv004103@uni.edu.vn
2019104104,Hoàng Thị Bình,sv004104@uni.edu.vn
2020104105,Vũ Thị Bình,sv004105@uni.edu.vn
2021104106,Đặng Thị Bình,sv004106@uni.edu.vn
2022104107,Bùi Thị Bình,sv004107@uni.edu.vn
2023104108,Đỗ Thị Bình,sv004108@uni.edu.vn
2024104109,Hồ Thị Bình,sv004109@uni.edu.vn
2019104110,Nguyễn Văn Bình,sv004110@uni.edu.vn
2020104111,Trần Văn Bình,sv004111@uni.edu.vn
2021104112,Lê Văn Bình,sv004112@uni.edu.vn
2022104113,Phạm Văn Bình,sv004113@uni.edu.vn
2023104114,Hoàng Văn Bình,sv004114@uni.edu.vn
2024104115,Vũ Văn Bình,sv004115@uni.edu.vn
2019104116,Đặng Văn Bình,sv004116@uni.edu.vn
2020104117,Bùi Văn Bình,sv004117@uni.edu.vn
2021104118,Đỗ Văn Bình,sv004118@uni.edu.vn
2022104119,Hồ Văn Bình,sv004119@uni.edu.vn
2023104120,Nguyễn Minh Bình,sv004120@uni.edu.vn
2024104121,Trần Minh Bình,sv004121@uni.edu.vn
2019104122,Lê Minh Bình,sv004122@uni.edu.vn
2020104123,Phạm Minh Bình,sv004123@uni.edu.vn
2021104124,Hoàng Minh Bình,sv004124@uni.edu.vn
2022104125,Vũ Minh Bình,sv004125@uni.edu.vn
2023104126,Đặng Minh Bình,sv004126@uni.edu.vn
2024104127,Bùi Minh Bình,sv004127@uni.edu.vn
2019104128,Đỗ Minh Bình,sv004128@uni.edu.vn
2020104129,Hồ Minh Bình,sv004129@uni.edu.vn
2021104130,Nguyễn Quốc Bình,sv004130@uni.edu.vn
2022104131,Trần Quốc Bình,sv004131@uni.edu.vn
2023104132,Lê Quốc Bình,sv004132@uni.edu.vn
2024104133,Phạm Quốc Bình,sv004133@uni.edu.vn
2019104134,Hoàng Quốc Bình,sv004134@uni.edu.vn
2020104135,Vũ Quốc Bình,sv004135@uni.edu.vn
2021104136,Đặng Quốc Bình,sv004136@uni.edu.vn
2022104137,Bùi Quốc Bình,sv004137@uni.edu.vn
2023104138,Đỗ Quốc Bình,sv004138@uni.edu.vn
2024104139,Hồ Quốc Bình,sv004139@uni.edu.vn
2019104140,Nguyễn Anh Bình,sv004140@uni.edu.vn
2020104141,Trần Anh Bình,sv004141@uni.edu.vn
2021104142,Lê Anh Bình,sv004142@uni.edu.vn
2022104143,Phạm Anh Bình,sv004143@uni.edu.vn
2023104144,Hoàng Anh Bình,sv004144@uni.edu.vn
2024104145,Vũ Anh Bình,sv004145@uni.edu.vn
2019104146,Đặng Anh Bình,sv004146@uni.edu.vn
2020104147,Bùi Anh Bình,sv004147@uni.edu.vn
2021104148,Đỗ Anh Bình,sv004148@uni.edu.vn
2022104149,Hồ Anh Bình,sv004149@uni.edu.vn
2023104150,Nguyễn Tuấn Bình,sv004150@uni.edu.vn
2024104151,Trần Tuấn Bình,sv004151@uni.edu.vn
2019104152,Lê Tuấn Bình,sv004152@uni.edu.vn
2020104153,Phạm Tuấn Bình,sv004153@uni.edu.vn
2021104154,Hoàng Tuấn Bình,sv004154@uni.edu.vn
2022104155,Vũ Tuấn Bình,sv004155@uni.edu.vn
2023104156,Đặng Tuấn Bình,sv004156@uni.edu.vn
2024104157,Bùi Tuấn Bình,sv004157@uni.edu.vn
2019104158,Đỗ Tuấn Bình,sv004158@uni.edu.vn
2020104159,Hồ Tuấn Bình,sv004159@uni.edu.vn
2021104160,Nguyễn Hữu Bình,sv004160@uni.edu.vn
2022104161,Trần Hữu Bình,sv004161@uni.edu.vn
2023104162,Lê Hữu Bình,sv004162@uni.edu.vn
2024104163,Phạm Hữu Bình,sv004163@uni.edu.vn
2019104164,Hoàng Hữu Bình,sv004164@uni.edu.vn
2020104165,Vũ Hữu Bình,sv004165@uni.edu.vn
2021104166,Đặng Hữu Bình,sv004166@uni.edu.vn
2022104167,Bùi Hữu Bình,sv004167@uni.edu.vn
2023104168,Đỗ Hữu Bình,sv004168@uni.edu.vn
2024104169,Hồ Hữu Bình,sv004169@uni.edu.vn
2019104170,Nguyễn Thành Bình,sv004170@uni.edu.vn
2020104171,Trần Thành Bình,sv004171@uni.edu.vn
2021104172,Lê Thành Bình,sv004172@uni.edu.vn
2022104173,Phạm Thành Bình,sv004173@uni.edu.vn
2023104174,Hoàng Thành Bình,sv004174@uni.edu.vn
2024104175,Vũ Thành Bình,sv004175@uni.edu.vn
2019104176,Đặng Thành Bình,sv004176@uni.edu.vn
2020104177,Bùi Thành Bình,sv004177@uni.edu.vn
2021104178,Đỗ Thành Bình,sv004178@uni.edu.vn
2022104179,Hồ Thành Bình,sv004179@uni.edu.vn
2023104180,Nguyễn Ngọc Bình,sv004180@uni.edu.vn
2024104181,Trần Ngọc Bình,sv004181@uni.edu.vn
2019104182,Lê Ngọc Bình,sv004182@uni.edu.vn
2020104183,Phạm Ngọc Bình,sv004183@uni.edu.vn
2021104184,Hoàng Ngọc Bình,sv004184@uni.edu.vn
2022104185,Vũ Ngọc Bình,sv004185@uni.edu.vn
2023104186,Đặng Ngọc Bình,sv004186@uni.edu.vn
2024104187,Bùi Ngọc Bình,sv004187@uni.edu.vn
2019104188,Đỗ Ngọc Bình,sv004188@uni.edu.vn
2020104189,Hồ Ngọc Bình,sv004189@uni.edu.vn
2021104190,Nguyễn Bình,sv004190@uni.edu.vn
2022104191,Trần Bình,sv004191@uni.edu.vn
2023104192,Lê Bình,sv004192@uni.edu.vn
2024104193,Phạm Bình,sv004193@uni.edu.vn
2019104194,Hoàng Bình,sv004194@uni.edu.vn
2020104195,Vũ Bình,sv004195@uni.edu.vn
2021104196,Đặng Bình,sv004196@uni.edu.vn
2022104197,Bùi Bình,sv004197@uni.edu.vn
2023104198,Đỗ Bình,sv004198@uni.edu.vn
2024104199,Hồ Bình,sv004199@uni.edu.vn
2019104200,Nguyễn Thị Chi,sv004200@uni.edu.vn
2020104201,Trần Thị Chi,sv004201@uni.edu.vn
2021104202,Lê Thị Chi,sv004202@uni.edu.vn
2022104203,Phạm Thị Chi,sv004203@uni.edu.vn
2023104204,Hoàng Thị Chi,sv004204@uni.edu.vn
2024104205,Vũ Thị Chi,sv004205@uni.edu.vn
2019104206,Đặng Thị Chi,sv004206@uni.edu.vn
2020104207,Bùi Thị Chi,sv004207@uni.edu.vn
2021104208,Đỗ Thị Chi,sv004208@uni.edu.vn
2022104209,Hồ Thị Chi,sv004209@uni.edu.vn
2023104210,Nguyễn Văn Chi,sv004210@uni.edu.vn
2024104211,Trần Văn Chi,sv004211@uni.edu.vn
2019104212,Lê Văn Chi,sv004212@uni.edu.vn
2020104213,Phạm Văn Chi,sv004213@uni.edu.vn
2021104214,Hoàng Văn Chi,sv004214@uni.edu.vn
2022104215,Vũ Văn Chi,sv004215@uni.edu.vn
2023104216,Đặng Văn Chi,sv004216@uni.edu.vn
2024104217,Bùi Văn Chi,sv004217@uni.edu.vn
2019104218,Đỗ Văn Chi,sv004218@uni.edu.vn
2020104219,Hồ Văn Chi,sv004219@uni.edu.vn
2021104220,Nguyễn Minh Chi,sv004220@uni.edu.vn
2022104221,Trần Minh Chi,sv004221@uni.edu.vn
2023104222,Lê Minh Chi,sv004222@uni.edu.vn
2024104223,Phạm Minh Chi,sv004223@uni.edu.vn
2019104224,Hoàng Minh Chi,sv004224@uni.edu.vn
2020104225,Vũ Minh Chi,sv004225@uni.edu.vn
2021104226,Đặng Minh Chi,sv004226@uni.edu.vn
2022104227,Bùi Minh Chi,sv004227@uni.edu.vn
2023104228,Đỗ Minh Chi,sv004228@uni.edu.vn
2024104229,Hồ Minh Chi,sv004229@uni.edu.vn
2019104230,Nguyễn Quốc Chi,sv004230@uni.edu.vn
2020104231,Trần Quốc Chi,sv004231@uni.edu.vn
2021104232,Lê Quốc Chi,sv004232@uni.edu.vn
2022104233,Phạm Quốc Chi,sv004233@uni.edu.vn
2023104234,Hoàng Quốc Chi,sv004234@uni.edu.vn
2024104235,Vũ Quốc Chi,sv004235@uni.edu.vn
2019104236,Đặng Quốc Chi,sv004236@uni.edu.vn
2020104237,Bùi Quốc Chi,sv004237@uni.edu.vn
2021104238,Đỗ Quốc Chi,sv004238@uni.edu.vn
2022104239,Hồ Quốc Chi,sv004239@uni.edu.vn
2023104240,Nguyễn Anh Chi,sv004240@uni.edu.vn
2024104241,Trần Anh Chi,sv004241@uni.edu.vn
2019104242,Lê Anh Chi,sv004242@uni.edu.vn
2020104243,Phạm Anh Chi,sv004243@uni.edu.vn
2021104244,Hoàng Anh Chi,sv004244@uni.edu.vn
2022104245,Vũ Anh Chi,sv004245@uni.edu.vn
2023104246,Đặng Anh Chi,sv004246@uni.edu.vn
2024104247,Bùi Anh Chi,sv004247@uni.edu.vn
2019104248,Đỗ Anh Chi,sv004248@uni.edu.vn
2020104249,Hồ Anh Chi,sv004249@uni.edu.vn
2021104250,Nguyễn Tuấn Chi,sv004250@uni.edu.vn
2022104251,Trần Tuấn Chi,sv004251@uni.edu.vn
2023104252,Lê Tuấn Chi,sv004252@uni.edu.vn
2024104253,Phạm Tuấn Chi,sv004253@uni.edu.vn
2019104254,Hoàng Tuấn Chi,sv004254@uni.edu.vn
2020104255,Vũ Tuấn Chi,sv004255@uni.edu.vn
2021104256,Đặng Tuấn Chi,sv004256@uni.edu.vn
2022104257,Bùi Tuấn Chi,sv004257@uni.edu.vn
2023104258,Đỗ Tuấn Chi,sv004258@uni.edu.vn
2024104259,Hồ Tuấn Chi,sv004259@uni.edu.vn
2019104260,Nguyễn Hữu Chi,sv004260@uni.edu.vn
2020104261,Trần Hữu Chi,sv004261@uni.edu.vn
2021104262,Lê Hữu Chi,sv004262@uni.edu.vn
2022104263,Phạm Hữu Chi,sv004263@uni.edu.vn
2023104264,Hoàng Hữu Chi,sv004264@uni.edu.vn
2024104265,Vũ Hữu Chi,sv004265@uni.edu.vn
2019104266,Đặng Hữu Chi,sv004266@uni.edu.vn
2020104267,Bùi Hữu Chi,sv004267@uni.edu.vn
2021104268,Đỗ Hữu Chi,sv004268@uni.edu.vn
2022104269,Hồ Hữu Chi,sv004269@uni.edu.vn
2023104270,Nguyễn Thành Chi,sv004270@uni.edu.vn
2024104271,Trần Thành Chi,sv004271@uni.edu.vn
2019104272,Lê Thành Chi,sv004272@uni.edu.vn
2020104273,Phạm Thành Chi,sv004273@uni.edu.vn
2021104274,Hoàng Thành Chi,sv004274@uni.edu.vn
2022104275,Vũ Thành Chi,sv004275@uni.edu.vn
2023104276,Đặng Thành Chi,sv004276@uni.edu.vn
2024104277,Bùi Thành Chi,sv004277@uni.edu.vn
2019104278,Đỗ Thành Chi,sv004278@uni.edu.vn
2020104279,Hồ Thành Chi,sv004279@uni.edu.vn
2021104280,Nguyễn Ngọc Chi,sv004280@uni.edu.vn
2022104281,Trần Ngọc Chi,sv004281@uni.edu.vn
2023104282,Lê Ngọc Chi,sv004282@uni.edu.vn
2024104283,Phạm Ngọc Chi,sv004283@uni.edu.vn
2019104284,Hoàng Ngọc Chi,sv004284@uni.edu.vn
2020104285,Vũ Ngọc Chi,sv004285@uni.edu.vn
2021104286,Đặng Ngọc Chi,sv004286@uni.edu.vn
2022104287,Bùi Ngọc Chi,sv004287@uni.edu.vn
2023104288,Đỗ Ngọc Chi,sv004288@uni.edu.vn
2024104289,Hồ Ngọc Chi,sv004289@uni.edu.vn
2019104290,Nguyễn Chi,sv004290@uni.edu.vn
2020104291,Trần Chi,sv004291@uni.edu.vn
2021104292,Lê Chi,sv004292@uni.edu.vn
2022104293,Phạm Chi,sv004293@uni.edu.vn
2023104294,Hoàng Chi,sv004294@uni.edu.vn
2024104295,Vũ Chi,sv004295@uni.edu.vn
2019104296,Đặng Chi,sv004296@uni.edu.vn
2020104297,Bùi Chi,sv004297@uni.edu.vn
2021104298,Đỗ Chi,sv004298@uni.edu.vn
2022104299,Hồ Chi,sv004299@uni.edu.vn
2023104300,Nguyễn Thị Dũng,sv004300@uni.edu.vn
2024104301,Trần Thị Dũng,sv004301@uni.edu.vn
2019104302,Lê Thị Dũng,sv004302@uni.edu.vn
2020104303,Phạm Thị Dũng,sv004303@uni.edu.vn
2021104304,Hoàng Thị Dũng,sv004304@uni.edu.vn
2022104305,Vũ Thị Dũng,sv004305@uni.edu.vn
2023104306,Đặng Thị Dũng,sv004306@uni.edu.vn
2024104307,Bùi Thị Dũng,sv004307@uni.edu.vn
2019104308,Đỗ Thị Dũng,sv004308@uni.edu.vn
2020104309,Hồ Thị Dũng,sv004309@uni.edu.vn
2021104310,Nguyễn Văn Dũng,sv004310@uni.edu.vn
2022104311,Trần Văn Dũng,sv004311@uni.edu.vn
2023104312,Lê Văn Dũng,sv004312@uni.edu.vn
2024104313,Phạm Văn Dũng,sv004313@uni.edu.vn
2019104314,Hoàng Văn Dũng,sv004314@uni.edu.vn
2020104315,Vũ Văn Dũng,sv004315@uni.edu.vn
2021104316,Đặng Văn Dũng,sv004316@uni.edu.vn
2022104317,Bùi Văn Dũng,sv004317@uni.edu.vn
2023104318,Đỗ Văn Dũng,sv004318@uni.edu.vn
2024104319,Hồ Văn Dũng,sv004319@uni.edu.vn
2019104320,Nguyễn Minh Dũng,sv004320@uni.edu.vn
2020104321,Trần Minh Dũng,sv004321@uni.edu.vn
2021104322,Lê Minh Dũng,sv004322@uni.edu.vn
2022104323,Phạm Minh Dũng,sv004323@uni.edu.vn
2023104324,Hoàng Minh Dũng,sv004324@uni.edu.vn
2024104325,Vũ Minh Dũng,sv004325@uni.edu.vn
2019104326,Đặng Minh Dũng,sv004326@uni.edu.vn
2020104327,Bùi Minh Dũng,sv004327@uni.edu.vn
2021104328,Đỗ Minh Dũng,sv004328@uni.edu.vn
2022104329,Hồ Minh Dũng,sv004329@uni.edu.vn
2023104330,Nguyễn Quốc Dũng,sv004330@uni.edu.vn
2024104331,Trần Quốc Dũng,sv004331@uni.edu.vn
2019104332,Lê Quốc Dũng,sv004332@uni.edu.vn
2020104333,Phạm Quốc Dũng,sv004333@uni.edu.vn
2021104334,Hoàng Quốc Dũng,sv004334@uni.edu.vn
2022104335,Vũ Quốc Dũng,sv004335@uni.edu.vn
2023104336,Đặng Quốc Dũng,sv004336@uni.edu.vn
2024104337,Bùi Quốc Dũng,sv004337@uni.edu.vn
2019104338,Đỗ Quốc Dũng,sv004338@uni.edu.vn
2020104339,Hồ Quốc Dũng,sv004339@uni.edu.vn
2021104340,Nguyễn Anh Dũng,sv004340@uni.edu.vn
2022104341,Trần Anh Dũng,sv004341@uni.edu.vn
2023104342,Lê Anh Dũng,sv004342@uni.edu.vn
2024104343,Phạm Anh Dũng,sv004343@uni.edu.vn
2019104344,Hoàng Anh Dũng,sv004344@uni.edu.vn
2020104345,Vũ Anh Dũng,sv004345@uni.edu.vn
2021104346,Đặng Anh Dũng,sv004346@uni.edu.vn
2022104347,Bùi Anh Dũng,sv004347@uni.edu.vn
2023104348,Đỗ Anh Dũng,sv004348@uni.edu.vn
2024104349,Hồ Anh Dũng,sv004349@uni.edu.vn
2019104350,Nguyễn Tuấn Dũng,sv004350@uni.edu.vn
2020104351,Trần Tuấn Dũng,sv004351@uni.edu.vn
2021104352,Lê Tuấn Dũng,sv004352@uni.edu.vn
2022104353,Phạm Tuấn Dũng,sv004353@uni.edu.vn
2023104354,Hoàng Tuấn Dũng,sv004354@uni.edu.vn
2024104355,Vũ Tuấn Dũng,sv004355@uni.edu.vn
2019104356,Đặng Tuấn Dũng,sv004356@uni.edu.vn
2020104357,Bùi Tuấn Dũng,sv004357@uni.edu.vn
2021104358,Đỗ Tuấn Dũng,sv004358@uni.edu.vn
2022104359,Hồ Tuấn Dũng,sv004359@uni.edu.vn
2023104360,Nguyễn Hữu Dũng,sv004360@uni.edu.vn
2024104361,Trần Hữu Dũng,sv004361@uni.edu.vn
2019104362,Lê Hữu Dũng,sv004362@uni.edu.vn
2020104363,Phạm Hữu Dũng,sv004363@uni.edu.vn
2021104364,Hoàng Hữu Dũng,sv004364@uni.edu.vn
2022104365,Vũ Hữu Dũng,sv004365@uni.edu.vn
2023104366,Đặng Hữu Dũng,sv004366@uni.edu.vn
2024104367,Bùi Hữu Dũng,sv004367@uni.edu.vn
2019104368,Đỗ Hữu Dũng,sv004368@uni.edu.vn
2020104369,Hồ Hữu Dũng,sv004369@uni.edu.vn
2021104370,Nguyễn Thành Dũng,sv004370@uni.edu.vn
2022104371,Trần Thành Dũng,sv004371@uni.edu.vn
2023104372,Lê Thành Dũng,sv004372@uni.edu.vn
2024104373,Phạm Thành Dũng,sv004373@uni.edu.vn
2019104374,Hoàng Thành Dũng,sv004374@uni.edu.vn
2020104375,Vũ Thành Dũng,sv004375@uni.edu.vn
2021104376,Đặng Thành Dũng,sv004376@uni.edu.vn
2022104377,Bùi Thành Dũng,sv004377@uni.edu.vn
2023104378,Đỗ Thành Dũng,sv004378@uni.edu.vn
2024104379,Hồ Thành Dũng,sv004379@uni.edu.vn
2019104380,Nguyễn Ngọc Dũng,sv004380@uni.edu.vn
2020104381,Trần Ngọc Dũng,sv004381@uni.edu.vn
2021104382,Lê Ngọc Dũng,sv004382@uni.edu.vn
2022104383,Phạm Ngọc Dũng,sv004383@uni.edu.vn
2023104384,Hoàng Ngọc Dũng,sv004384@uni.edu.vn
2024104385,Vũ Ngọc Dũng,sv004385@uni.edu.vn
2019104386,Đặng Ngọc Dũng,sv004386@uni.edu.vn
2020104387,Bùi Ngọc Dũng,sv004387@uni.edu.vn
2021104388,Đỗ Ngọc Dũng,sv004388@uni.edu.vn
2022104389,Hồ Ngọc Dũng,sv004389@uni.edu.vn
2023104390,Nguyễn Dũng,sv004390@uni.edu.vn
2024104391,Trần Dũng,sv004391@uni.edu.vn
2019104392,Lê Dũng,sv004392@uni.edu.vn
2020104393,Phạm Dũng,sv004393@uni.edu.vn
2021104394,Hoàng Dũng,sv004394@uni.edu.vn
2022104395,Vũ Dũng,sv004395@uni.edu.vn
2023104396,Đặng Dũng,sv004396@uni.edu.vn
2024104397,Bùi Dũng,sv004397@uni.edu.vn
2019104398,Đỗ Dũng,sv004398@uni.edu.vn
2020104399,Hồ Dũng,sv004399@uni.edu.vn
2021104400,Nguyễn Thị Giang,sv004400@uni.edu.vn
2022104401,Trần Thị Giang,sv004401@uni.edu.vn
2023104402,Lê Thị Giang,sv004402@uni.edu.vn
2024104403,Phạm Thị Giang,sv004403@uni.edu.vn
2019104404,Hoàng Thị Giang,sv004404@uni.edu.vn
2020104405,Vũ Thị Giang,sv004405@uni.edu.vn
2021104406,Đặng Thị Giang,sv004406@uni.edu.vn
2022104407,Bùi Thị Giang,sv004407@uni.edu.vn
2023104408,Đỗ Thị Giang,sv004408@uni.edu.vn
2024104409,Hồ Thị Giang,sv004409@uni.edu.vn
2019104410,Nguyễn Văn Giang,sv004410@uni.edu.vn
2020104411,Trần Văn Giang,sv004411@uni.edu.vn
2021104412,Lê Văn Giang,sv004412@uni.edu.vn
2022104413,Phạm Văn Giang,sv004413@uni.edu.vn
2023104414,Hoàng Văn Giang,sv004414@uni.edu.vn
2024104415,Vũ Văn Giang,sv004415@uni.edu.vn
2019104416,Đặng Văn Giang,sv004416@uni.edu.vn
2020104417,Bùi Văn Giang,sv004417@uni.edu.vn
2021104418,Đỗ Văn Giang,sv004418@uni.edu.vn
2022104419,Hồ Văn Giang,sv004419@uni.edu.vn
2023104420,Nguyễn Minh Giang,sv004420@uni.edu.vn
2024104421,Trần Minh Giang,sv004421@uni.edu.vn
2019104422,Lê Minh Giang,sv004422@uni.edu.vn
2020104423,Phạm Minh Giang,sv004423@uni.edu.vn
2021104424,Hoàng Minh Giang,sv004424@uni.edu.vn
2022104425,Vũ Minh Giang,sv004425@uni.edu.vn
2023104426,Đặng Minh Giang,sv004426@uni.edu.vn
2024104427,Bùi Minh Giang,sv004427@uni.edu.vn
2019104428,Đỗ Minh Giang,sv004428@uni.edu.vn
2020104429,Hồ Minh Giang,sv004429@uni.edu.vn
2021104430,Nguyễn Quốc Giang,sv004430@uni.edu.vn
2022104431,Trần Quốc Giang,sv004431@uni.edu.vn
2023104432,Lê Quốc Giang,sv004432@uni.edu.vn
2024104433,Phạm Quốc Giang,sv004433@uni.edu.vn
2019104434,Hoàng Quốc Giang,sv004434@uni.edu.vn
2020104435,Vũ Quốc Giang,sv004435@uni.edu.vn
2021104436,Đặng Quốc Giang,sv004436@uni.edu.vn
2022104437,Bùi Quốc Giang,sv004437@uni.edu.vn
2023104438,Đỗ Quốc Giang,sv004438@uni.edu.vn
2024104439,Hồ Quốc Giang,sv004439@uni.edu.vn
2019104440,Nguyễn Anh Giang,sv004440@uni.edu.vn
2020104441,Trần Anh Giang,sv004441@uni.edu.vn
2021104442,Lê Anh Giang,sv004442@uni.edu.vn
2022104443,Phạm Anh Giang,sv004443@uni.edu.vn
2023104444,Hoàng Anh Giang,sv004444@uni.edu.vn
2024104445,Vũ Anh Giang,sv004445@uni.edu.vn
2019104446,Đặng Anh Giang,sv004446@uni.edu.vn
2020104447,Bùi Anh Giang,sv004447@uni.edu.vn
2021104448,Đỗ Anh Giang,sv004448@uni.edu.vn
2022104449,Hồ Anh Giang,sv004449@uni.edu.vn
2023104450,Nguyễn Tuấn Giang,sv004450@uni.edu.vn
2024104451,Trần Tuấn Giang,sv004451@uni.edu.vn
2019104452,Lê Tuấn Giang,sv004452@uni.edu.vn
2020104453,Phạm Tuấn Giang,sv004453@uni.edu.vn
2021104454,Hoàng Tuấn Giang,sv004454@uni.edu.vn
2022104455,Vũ Tuấn Giang,sv004455@uni.edu.vn
2023104456,Đặng Tuấn Giang,sv004456@uni.edu.vn
2024104457,Bùi Tuấn Giang,sv004457@uni.edu.vn
2019104458,Đỗ Tuấn Giang,sv004458@uni.edu.vn
2020104459,Hồ Tuấn Giang,sv004459@uni.edu.vn
2021104460,Nguyễn Hữu Giang,sv004460@uni.edu.vn
2022104461,Trần Hữu Giang,sv004461@uni.edu.vn
2023104462,Lê Hữu Giang,sv004462@uni.edu.vn
2024104463,Phạm Hữu Giang,sv004463@uni.edu.vn
2019104464,Hoàng Hữu Giang,sv004464@uni.edu.vn
2020104465,Vũ Hữu Giang,sv004465@uni.edu.vn
2021104466,Đặng Hữu Giang,sv004466@uni.edu.vn
2022104467,Bùi Hữu Giang,sv004467@uni.edu.vn
2023104468,Đỗ Hữu Giang,sv004468@uni.edu.vn
2024104469,Hồ Hữu Giang,sv004469@uni.edu.vn
2019104470,Nguyễn Thành Giang,sv004470@uni.edu.vn
2020104471,Trần Thành Giang,sv004471@uni.edu.vn
2021104472,Lê Thành Giang,sv004472@uni.edu.vn
2022104473,Phạm Thành Giang,sv004473@uni.edu.vn
2023104474,Hoàng Thành Giang,sv004474@uni.edu.vn
2024104475,Vũ Thành Giang,sv004475@uni.edu.vn
2019104476,Đặng Thành Giang,sv004476@uni.edu.vn
2020104477,Bùi Thành Giang,sv004477@uni.edu.vn
2021104478,Đỗ Thành Giang,sv004478@uni.edu.vn
2022104479,Hồ Thành Giang,sv004479@uni.edu.vn
2023104480,Nguyễn Ngọc Giang,sv004480@uni.edu.vn
2024104481,Trần Ngọc Giang,sv004481@uni.edu.vn
2019104482,Lê Ngọc Giang,sv004482@uni.edu.vn
2020104483,Phạm Ngọc Giang,sv004483@uni.edu.vn
2021104484,Hoàng Ngọc Giang,sv004484@uni.edu.vn
2022104485,Vũ Ngọc Giang,sv004485@uni.edu.vn
2023104486,Đặng Ngọc Giang,sv004486@uni.edu.vn
2024104487,Bùi Ngọc Giang,sv004487@uni.edu.vn
2019104488,Đỗ Ngọc Giang,sv004488@uni.edu.vn
2020104489,Hồ Ngọc Giang,sv004489@uni.edu.vn
2021104490,Nguyễn Giang,sv004490@uni.edu.vn
2022104491,Trần Giang,sv004491@uni.edu.vn
2023104492,Lê Giang,sv004492@uni.edu.vn
2024104493,Phạm Giang,sv004493@uni.edu.vn
2019104494,Hoàng Giang,sv004494@uni.edu.vn
2020104495,Vũ Giang,sv004495@uni.edu.vn
2021104496,Đặng Giang,sv004496@uni.edu.vn
2022104497,Bùi Giang,sv004497@uni.edu.vn
2023104498,Đỗ Giang,sv004498@uni.edu.vn
2024104499,Hồ Giang,sv004499@uni.edu.vn
2019104500,Nguyễn Thị Hà,sv004500@uni.edu.vn
2020104501,Trần Thị Hà,sv004501@uni.edu.vn
2021104502,Lê Thị Hà,sv004502@uni.edu.vn
2022104503,Phạm Thị Hà,sv004503@uni.edu.vn
2023104504,Hoàng Thị Hà,sv004504@uni.edu.vn
2024104505,Vũ Thị Hà,sv004505@uni.edu.vn
2019104506,Đặng Thị Hà,sv004506@uni.edu.vn
2020104507,Bùi Thị Hà,sv004507@uni.edu.vn
2021104508,Đỗ Thị Hà,sv004508@uni.edu.vn
2022104509,Hồ Thị Hà,sv004509@uni.edu.vn
2023104510,Nguyễn Văn Hà,sv004510@uni.edu.vn
2024104511,Trần Văn Hà,sv004511@uni.edu.vn
2019104512,Lê Văn Hà,sv004512@uni.edu.vn
2020104513,Phạm Văn Hà,sv004513@uni.edu.vn
2021104514,Hoàng Văn Hà,sv004514@uni.edu.vn
2022104515,Vũ Văn Hà,sv004515@uni.edu.vn
2023104516,Đặng Văn Hà,sv004516@uni.edu.vn
2024104517,Bùi Văn Hà,sv004517@uni.edu.vn
2019104518,Đỗ Văn Hà,sv004518@uni.edu.vn
2020104519,Hồ Văn Hà,sv004519@uni.edu.vn
2021104520,Nguyễn Minh Hà,sv004520@uni.edu.vn
2022104521,Trần Minh Hà,sv004521@uni.edu.vn
2023104522,Lê Minh Hà,sv004522@uni.edu.vn
2024104523,Phạm Minh Hà,sv004523@uni.edu.vn
2019104524,Hoàng Minh Hà,sv004524@uni.edu.vn
2020104525,Vũ Minh Hà,sv004525@uni.edu.vn
2021104526,Đặng Minh Hà,sv004526@uni.edu.vn
2022104527,Bùi Minh Hà,sv004527@uni.edu.vn
2023104528,Đỗ Minh Hà,sv004528@uni.edu.vn
2024104529,Hồ Minh Hà,sv004529@uni.edu.vn
2019104530,Nguyễn Quốc Hà,sv004530@uni.edu.vn
2020104531,Trần Quốc Hà,sv004531@uni.edu.vn
2021104532,Lê Quốc Hà,sv004532@uni.edu.vn
2022104533,Phạm Quốc Hà,sv004533@uni.edu.vn
2023104534,Hoàng Quốc Hà,sv004534@uni.edu.vn
2024104535,Vũ Quốc Hà,sv004535@uni.edu.vn
2019104536,Đặng Quốc Hà,sv004536@uni.edu.vn
2020104537,Bùi Quốc Hà,sv004537@uni.edu.vn
2021104538,Đỗ Quốc Hà,sv004538@uni.edu.vn
2022104539,Hồ Quốc Hà,sv004539@uni.edu.vn
2023104540,Nguyễn Anh Hà,sv004540@uni.edu.vn
2024104541,Trần Anh Hà,sv004541@uni.edu.vn
2019104542,Lê Anh Hà,sv004542@uni.edu.vn
2020104543,Phạm Anh Hà,sv004543@uni.edu.vn
2021104544,Hoàng Anh Hà,sv004544@uni.edu.vn
2022104545,Vũ Anh Hà,sv004545@uni.edu.vn
2023104546,Đặng Anh Hà,sv004546@uni.edu.vn
2024104547,Bùi Anh Hà,sv004547@uni.edu.vn
2019104548,Đỗ Anh Hà,sv004548@uni.edu.vn
2020104549,Hồ Anh Hà,sv004549@uni.edu.vn
2021104550,Nguyễn Tuấn Hà,sv004550@uni.edu.vn
2022104551,Trần Tuấn Hà,sv004551@uni.edu.vn
2023104552,Lê Tuấn Hà,sv004552@uni.edu.vn
2024104553,Phạm Tuấn Hà,sv004553@uni.edu.vn
2019104554,Hoàng Tuấn Hà,sv004554@uni.edu.vn
2020104555,Vũ Tuấn Hà,sv004555@uni.edu.vn
2021104556,Đặng Tuấn Hà,sv004556@uni.edu.vn
2022104557,Bùi Tuấn Hà,sv004557@uni.edu.vn
2023104558,Đỗ Tuấn Hà,sv004558@uni.edu.vn
2024104559,Hồ Tuấn Hà,sv004559@uni.edu.vn
2019104560,Nguyễn Hữu Hà,sv004560@uni.edu.vn
2020104561,Trần Hữu Hà,sv004561@uni.edu.vn
2021104562,Lê Hữu Hà,sv004562@uni.edu.vn
2022104563,Phạm Hữu Hà,sv004563@uni.edu.vn
2023104564,Hoàng Hữu Hà,sv004564@uni.edu.vn
2024104565,Vũ Hữu Hà,sv004565@uni.edu.vn
2019104566,Đặng Hữu Hà,sv004566@uni.edu.vn
2020104567,Bùi Hữu Hà,sv004567@uni.edu.vn
2021104568,Đỗ Hữu Hà,sv004568@uni.edu.vn
2022104569,Hồ Hữu Hà,sv004569@uni.edu.vn
2023104570,Nguyễn Thành Hà,sv004570@uni.edu.vn
2024104571,Trần Thành Hà,sv004571@uni.edu.vn
2019104572,Lê Thành Hà,sv004572@uni.edu.vn
2020104573,Phạm Thành Hà,sv004573@uni.edu.vn
2021104574,Hoàng Thành Hà,sv004574@uni.edu.vn
2022104575,Vũ Thành Hà,sv004575@uni.edu.vn
2023104576,Đặng Thành Hà,sv004576@uni.edu.vn
2024104577,Bùi Thành Hà,sv004577@uni.edu.vn
2019104578,Đỗ Thành Hà,sv004578@uni.edu.vn
2020104579,Hồ Thành Hà,sv004579@uni.edu.vn
2021104580,Nguyễn Ngọc Hà,sv004580@uni.edu.vn
2022104581,Trần Ngọc Hà,sv004581@uni.edu.vn
2023104582,Lê Ngọc Hà,sv004582@uni.edu.vn
2024104583,Phạm Ngọc Hà,sv004583@uni.edu.vn
2019104584,Hoàng Ngọc Hà,sv004584@uni.edu.vn
2020104585,Vũ Ngọc Hà,sv004585@uni.edu.vn
2021104586,Đặng Ngọc Hà,sv004586@uni.edu.vn
2022104587,Bùi Ngọc Hà,sv004587@uni.edu.vn
2023104588,Đỗ Ngọc Hà,sv004588@uni.edu.vn
2024104589,Hồ Ngọc Hà,sv004589@uni.edu.vn
2019104590,Nguyễn Hà,sv004590@uni.edu.vn
2020104591,Trần Hà,sv004591@uni.edu.vn
2021104592,Lê Hà,sv004592@uni.edu.vn
2022104593,Phạm Hà,sv004593@uni.edu.vn
2023104594,Hoàng Hà,sv004594@uni.edu.vn
2024104595,Vũ Hà,sv004595@uni.edu.vn
2019104596,Đặng Hà,sv004596@uni.edu.vn
2020104597,Bùi Hà,sv004597@uni.edu.vn
2021104598,Đỗ Hà,sv004598@uni.edu.vn
2022104599,Hồ Hà,sv004599@uni.edu.vn
2023104600,Nguyễn Thị Hùng,sv004600@uni.edu.vn
2024104601,Trần Thị Hùng,sv004601@uni.edu.vn
2019104602,Lê Thị Hùng,sv004602@uni.edu.vn
2020104603,Phạm Thị Hùng,sv004603@uni.edu.vn
2021104604,Hoàng Thị Hùng,sv004604@uni.edu.vn
2022104605,Vũ Thị Hùng,sv004605@uni.edu.vn
2023104606,Đặng Thị Hùng,sv004606@uni.edu.vn
2024104607,Bùi Thị Hùng,sv004607@uni.edu.vn
2019104608,Đỗ Thị Hùng,sv004608@uni.edu.vn
2020104609,Hồ Thị Hùng,sv004609@uni.edu.vn
2021104610,Nguyễn Văn Hùng,sv004610@uni.edu.vn
2022104611,Trần Văn Hùng,sv004611@uni.edu.vn
2023104612,Lê Văn Hùng,sv004612@uni.edu.vn
2024104613,Phạm Văn Hùng,sv004613@uni.edu.vn
2019104614,Hoàng Văn Hùng,sv004614@uni.edu.vn
2020104615,Vũ Văn Hùng,sv004615@uni.edu.vn
2021104616,Đặng Văn Hùng,sv004616@uni.edu.vn
2022104617,Bùi Văn Hùng,sv004617@uni.edu.vn
2023104618,Đỗ Văn Hùng,sv004618@uni.edu.vn
2024104619,Hồ Văn Hùng,sv004619@uni.edu.vn
2019104620,Nguyễn Minh Hùng,sv004620@uni.edu.vn
2020104621,Trần Minh Hùng,sv004621@uni.edu.vn
2021104622,Lê Minh Hùng,sv004622@uni.edu.vn
2022104623,Phạm Minh Hùng,sv004623@uni.edu.vn
2023104624,Hoàng Minh Hùng,sv004624@uni.edu.vn
2024104625,Vũ Minh Hùng,sv004625@uni.edu.vn
2019104626,Đặng Minh Hùng,sv004626@uni.edu.vn
2020104627,Bùi Minh Hùng,sv004627@uni.edu.vn
2021104628,Đỗ Minh Hùng,sv004628@uni.edu.vn
2022104629,Hồ Minh Hùng,sv004629@uni.edu.vn
2023104630,Nguyễn Quốc Hùng,sv004630@uni.edu.vn
2024104631,Trần Quốc Hùng,sv004631@uni.edu.vn
2019104632,Lê Quốc Hùng,sv004632@uni.edu.vn
2020104633,Phạm Quốc Hùng,sv004633@uni.edu.vn
2021104634,Hoàng Quốc Hùng,sv004634@uni.edu.vn
2022104635,Vũ Quốc Hùng,sv004635@uni.edu.vn
2023104636,Đặng Quốc Hùng,sv004636@uni.edu.vn
2024104637,Bùi Quốc Hùng,sv004637@uni.edu.vn
2019104638,Đỗ Quốc Hùng,sv004638@uni.edu.vn
2020104639,Hồ Quốc Hùng,sv004639@uni.edu.vn
2021104640,Nguyễn Anh Hùng,sv004640@uni.edu.vn
2022104641,Trần Anh Hùng,sv004641@uni.edu.vn
2023104642,Lê Anh Hùng,sv004642@uni.edu.vn
2024104643,Phạm Anh Hùng,sv004643@uni.edu.vn
2019104644,Hoàng Anh Hùng,sv004644@uni.edu.vn
2020104645,Vũ Anh Hùng,sv004645@uni.edu.vn
2021104646,Đặng Anh Hùng,sv004646@uni.edu.vn
2022104647,Bùi Anh Hùng,sv004647@uni.edu.vn
2023104648,Đỗ Anh Hùng,sv004648@uni.edu.vn
2024104649,Hồ Anh Hùng,sv004649@uni.edu.vn
2019104650,Nguyễn Tuấn Hùng,sv004650@uni.edu.vn
2020104651,Trần Tuấn Hùng,sv004651@uni.edu.vn
2021104652,Lê Tuấn Hùng,sv004652@uni.edu.vn
2022104653,Phạm Tuấn Hùng,sv004653@uni.edu.vn
2023104654,Hoàng Tuấn Hùng,sv004654@uni.edu.vn
2024104655,Vũ Tuấn Hùng,sv004655@uni.edu.vn
2019104656,Đặng Tuấn Hùng,sv004656@uni.edu.vn
2020104657,Bùi Tuấn Hùng,sv004657@uni.edu.vn
2021104658,Đỗ Tuấn Hùng,sv004658@uni.edu.vn
2022104659,Hồ Tuấn Hùng,sv004659@uni.edu.vn
2023104660,Nguyễn Hữu Hùng,sv004660@uni.edu.vn
2024104661,Trần Hữu Hùng,sv004661@uni.edu.vn
2019104662,Lê Hữu Hùng,sv004662@uni.edu.vn
2020104663,Phạm Hữu Hùng,sv004663@uni.edu.vn
2021104664,Hoàng Hữu Hùng,sv004664@uni.edu.vn
2022104665,Vũ Hữu Hùng,sv004665@uni.edu.vn
2023104666,Đặng Hữu Hùng,sv004666@uni.edu.vn
2024104667,Bùi Hữu Hùng,sv004667@uni.edu.vn
2019104668,Đỗ Hữu Hùng,sv004668@uni.edu.vn
2020104669,Hồ Hữu Hùng,sv004669@uni.edu.vn
2021104670,Nguyễn Thành Hùng,sv004670@uni.edu.vn
2022104671,Trần Thành Hùng,sv004671@uni.edu.vn
2023104672,Lê Thành Hùng,sv004672@uni.edu.vn
2024104673,Phạm Thành Hùng,sv004673@uni.edu.vn
2019104674,Hoàng Thành Hùng,sv004674@uni.edu.vn
2020104675,Vũ Thành Hùng,sv004675@uni.edu.vn
2021104676,Đặng Thành Hùng,sv004676@uni.edu.vn
2022104677,Bùi Thành Hùng,sv004677@uni.edu.vn
2023104678,Đỗ Thành Hùng,sv004678@uni.edu.vn
2024104679,Hồ Thành Hùng,sv004679@uni.edu.vn
2019104680,Nguyễn Ngọc Hùng,sv004680@uni.edu.vn
2020104681,Trần Ngọc Hùng,sv004681@uni.edu.vn
2021104682,Lê Ngọc Hùng,sv004682@uni.edu.vn
2022104683,Phạm Ngọc Hùng,sv004683@uni.edu.vn
2023104684,Hoàng Ngọc Hùng,sv004684@uni.edu.vn
2024104685,Vũ Ngọc Hùng,sv004685@uni.edu.vn
2019104686,Đặng Ngọc Hùng,sv004686@uni.edu.vn
2020104687,Bùi Ngọc Hùng,sv004687@uni.edu.vn
2021104688,Đỗ Ngọc Hùng,sv004688@uni.edu.vn
2022104689,Hồ Ngọc Hùng,sv004689@uni.edu.vn
2023104690,Nguyễn Hùng,sv004690@uni.edu.vn
2024104691,Trần Hùng,sv004691@uni.edu.vn
2019104692,Lê Hùng,sv004692@uni.edu.vn
2020104693,Phạm Hùng,sv004693@uni.edu.vn
2021104694,Hoàng Hùng,sv004694@uni.edu.vn
2022104695,Vũ Hùng,sv004695@uni.edu.vn
2023104696,Đặng Hùng,sv004696@uni.edu.vn
2024104697,Bùi Hùng,sv004697@uni.edu.vn
2019104698,Đỗ Hùng,sv004698@uni.edu.vn
2020104699,Hồ Hùng,sv004699@uni.edu.vn
2021104700,Nguyễn Thị Khoa,sv004700@uni.edu.vn
2022104701,Trần Thị Khoa,sv004701@uni.edu.vn
2023104702,Lê Thị Khoa,sv004702@uni.edu.vn
2024104703,Phạm Thị Khoa,sv004703@uni.edu.vn
2019104704,Hoàng Thị Khoa,sv004704@uni.edu.vn
2020104705,Vũ Thị Khoa,sv004705@uni.edu.vn
2021104706,Đặng Thị Khoa,sv004706@uni.edu.vn
2022104707,Bùi Thị Khoa,sv004707@uni.edu.vn
2023104708,Đỗ Thị Khoa,sv004708@uni.edu.vn
2024104709,Hồ Thị Khoa,sv004709@uni.edu.vn
2019104710,Nguyễn Văn Khoa,sv004710@uni.edu.vn
2020104711,Trần Văn Khoa,sv004711@uni.edu.vn
2021104712,Lê Văn Khoa,sv004712@uni.edu.vn
2022104713,Phạm Văn Khoa,sv004713@uni.edu.vn
2023104714,Hoàng Văn Khoa,sv004714@uni.edu.vn
2024104715,Vũ Văn Khoa,sv004715@uni.edu.vn
2019104716,Đặng Văn Khoa,sv004716@uni.edu.vn
2020104717,Bùi Văn Khoa,sv004717@uni.edu.vn
2021104718,Đỗ Văn Khoa,sv004718@uni.edu.vn
2022104719,Hồ Văn Khoa,sv004719@uni.edu.vn
2023104720,Nguyễn Minh Khoa,sv004720@uni.edu.vn
2024104721,Trần Minh Khoa,sv004721@uni.edu.vn
2019104722,Lê Minh Khoa,sv004722@uni.edu.vn
2020104723,Phạm Minh Khoa,sv004723@uni.edu.vn
2021104724,Hoàng Minh Khoa,sv004724@uni.edu.vn
2022104725,Vũ Minh Khoa,sv004725@uni.edu.vn
2023104726,Đặng Minh Khoa,sv004726@uni.edu.vn
2024104727,Bùi Minh Khoa,sv004727@uni.edu.vn
2019104728,Đỗ Minh Khoa,sv004728@uni.edu.vn
2020104729,Hồ Minh Khoa,sv004729@uni.edu.vn
2021104730,Nguyễn Quốc Khoa,sv004730@uni.edu.vn
2022104731,Trần Quốc Khoa,sv004731@uni.edu.vn
2023104732,Lê Quốc Khoa,sv004732@uni.edu.vn
2024104733,Phạm Quốc Khoa,sv004733@uni.edu.vn
2019104734,Hoàng Quốc Khoa,sv004734@uni.edu.vn
2020104735,Vũ Quốc Khoa,sv004735@uni.edu.vn
2021104736,Đặng Quốc Khoa,sv004736@uni.edu.vn
2022104737,Bùi Quốc Khoa,sv004737@uni.edu.vn
2023104738,Đỗ Quốc Khoa,sv004738@uni.edu.vn
2024104739,Hồ Quốc Khoa,sv004739@uni.edu.vn
2019104740,Nguyễn Anh Khoa,sv004740@uni.edu.vn
2020104741,Trần Anh Khoa,sv004741@uni.edu.vn
2021104742,Lê Anh Khoa,sv004742@uni.edu.vn
2022104743,Phạm Anh Khoa,sv004743@uni.edu.vn
2023104744,Hoàng Anh Khoa,sv004744@uni.edu.vn
2024104745,Vũ Anh Khoa,sv004745@uni.edu.vn
2019104746,Đặng Anh Khoa,sv004746@uni.edu.vn
2020104747,Bùi Anh Khoa,sv004747@uni.edu.vn
2021104748,Đỗ Anh Khoa,sv004748@uni.edu.vn
2022104749,Hồ Anh Khoa,sv004749@uni.edu.vn
2023104750,Nguyễn Tuấn Khoa,sv004750@uni.edu.vn
2024104751,Trần Tuấn Khoa,sv004751@uni.edu.vn
2019104752,Lê Tuấn Khoa,sv004752@uni.edu.vn
2020104753,Phạm Tuấn Khoa,sv004753@uni.edu.vn
2021104754,Hoàng Tuấn Khoa,sv004754@uni.edu.vn
2022104755,Vũ Tuấn Khoa,sv004755@uni.edu.vn
2023104756,Đặng Tuấn Khoa,sv004756@uni.edu.vn
2024104757,Bùi Tuấn Khoa,sv004757@uni.edu.vn
2019104758,Đỗ Tuấn Khoa,sv004758@uni.edu.vn
2020104759,Hồ Tuấn Khoa,sv004759@uni.edu.vn
2021104760,Nguyễn Hữu Khoa,sv004760@uni.edu.vn
2022104761,Trần Hữu Khoa,sv004761@uni.edu.vn
2023104762,Lê Hữu Khoa,sv004762@uni.edu.vn
2024104763,Phạm Hữu Khoa,sv004763@uni.edu.vn
2019104764,Hoàng Hữu Khoa,sv004764@uni.edu.vn
2020104765,Vũ Hữu Khoa,sv004765@uni.edu.vn
2021104766,Đặng Hữu Khoa,sv004766@uni.edu.vn
2022104767,Bùi Hữu Khoa,sv004767@uni.edu.vn
2023104768,Đỗ Hữu Khoa,sv004768@uni.edu.vn
2024104769,Hồ Hữu Khoa,sv004769@uni.edu.vn
2019104770,Nguyễn Thành Khoa,sv004770@uni.edu.vn
2020104771,Trần Thành Khoa,sv004771@uni.edu.vn
2021104772,Lê Thành Khoa,sv004772@uni.edu.vn
2022104773,Phạm Thành Khoa,sv004773@uni.edu.vn
2023104774,Hoàng Thành Khoa,sv004774@uni.edu.vn
2024104775,Vũ Thành Khoa,sv004775@uni.edu.vn
2019104776,Đặng Thành Khoa,sv004776@uni.edu.vn
2020104777,Bùi Thành Khoa,sv004777@uni.edu.vn
2021104778,Đỗ Thành Khoa,sv004778@uni.edu.vn
2022104779,Hồ Thành Khoa,sv004779@uni.edu.vn
2023104780,Nguyễn Ngọc Khoa,sv004780@uni.edu.vn
2024104781,Trần Ngọc Khoa,sv004781@uni.edu.vn
2019104782,Lê Ngọc Khoa,sv004782@uni.edu.vn
2020104783,Phạm Ngọc Khoa,sv004783@uni.edu.vn
2021104784,Hoàng Ngọc Khoa,sv004784@uni.edu.vn
2022104785,Vũ Ngọc Khoa,sv004785@uni.edu.vn
2023104786,Đặng Ngọc Khoa,sv004786@uni.edu.vn
2024104787,Bùi Ngọc Khoa,sv004787@uni.edu.vn
2019104788,Đỗ Ngọc Khoa,sv004788@uni.edu.vn
2020104789,Hồ Ngọc Khoa,sv004789@uni.edu.vn
2021104790,Nguyễn Khoa,sv004790@uni.edu.vn
2022104791,Trần Khoa,sv004791@uni.edu.vn
2023104792,Lê Khoa,sv004792@uni.edu.vn
2024104793,Phạm Khoa,sv004793@uni.edu.vn
2019104794,Hoàng Khoa,sv004794@uni.edu.vn
2020104795,Vũ Khoa,sv004795@uni.edu.vn
2021104796,Đặng Khoa,sv004796@uni.edu.vn
2022104797,Bùi Khoa,sv004797@uni.edu.vn
2023104798,Đỗ Khoa,sv004798@uni.edu.vn
2024104799,Hồ Khoa,sv004799@uni.edu.vn
2019104800,Nguyễn Thị Lan,sv004800@uni.edu.vn
2020104801,Trần Thị Lan,sv004801@uni.edu.vn
2021104802,Lê Thị Lan,sv004802@uni.edu.vn
2022104803,Phạm Thị Lan,sv004803@uni.edu.vn
2023104804,Hoàng Thị Lan,sv004804@uni.edu.vn
2024104805,Vũ Thị Lan,sv004805@uni.edu.vn
2019104806,Đặng Thị Lan,sv004806@uni.edu.vn
2020104807,Bùi Thị Lan,sv004807@uni.edu.vn
2021104808,Đỗ Thị Lan,sv004808@uni.edu.vn
2022104809,Hồ Thị Lan,sv004809@uni.edu.vn
2023104810,Nguyễn Văn Lan,sv004810@uni.edu.vn
2024104811,Trần Văn Lan,sv004811@uni.edu.vn
2019104812,Lê Văn Lan,sv004812@uni.edu.vn
2020104813,Phạm Văn Lan,sv004813@uni.edu.vn
2021104814,Hoàng Văn Lan,sv004814@uni.edu.vn
2022104815,Vũ Văn Lan,sv004815@uni.edu.vn
2023104816,Đặng Văn Lan,sv004816@uni.edu.vn
2024104817,Bùi Văn Lan,sv004817@uni.edu.vn
2019104818,Đỗ Văn Lan,sv004818@uni.edu.vn
2020104819,Hồ Văn Lan,sv004819@uni.edu.vn
2021104820,Nguyễn Minh Lan,sv004820@uni.edu.vn
2022104821,Trần Minh Lan,sv004821@uni.edu.vn
2023104822,Lê Minh Lan,sv004822@uni.edu.vn
2024104823,Phạm Minh Lan,sv004823@uni.edu.vn
2019104824,Hoàng Minh Lan,sv004824@uni.edu.vn
2020104825,Vũ Minh Lan,sv004825@uni.edu.vn
2021104826,Đặng Minh Lan,sv004826@uni.edu.vn
2022104827,Bùi Minh Lan,sv004827@uni.edu.vn
2023104828,Đỗ Minh Lan,sv004828@uni.edu.vn
2024104829,Hồ Minh Lan,sv004829@uni.edu.vn
2019104830,Nguyễn Quốc Lan,sv004830@uni.edu.vn
2020104831,Trần Quốc Lan,sv004831@uni.edu.vn
2021104832,Lê Quốc Lan,sv004832@uni.edu.vn
2022104833,Phạm Quốc Lan,sv004833@uni.edu.vn
2023104834,Hoàng Quốc Lan,sv004834@uni.edu.vn
2024104835,Vũ Quốc Lan,sv004835@uni.edu.vn
2019104836,Đặng Quốc Lan,sv004836@uni.edu.vn
2020104837,Bùi Quốc Lan,sv004837@uni.edu.vn
2021104838,Đỗ Quốc Lan,sv004838@uni.edu.vn
2022104839,Hồ Quốc Lan,sv004839@uni.edu.vn
2023104840,Nguyễn Anh Lan,sv004840@uni.edu.vn
2024104841,Trần Anh Lan,sv004841@uni.edu.vn
2019104842,Lê Anh Lan,sv004842@uni.edu.vn
2020104843,Phạm Anh Lan,sv004843@uni.edu.vn
2021104844,Hoàng Anh Lan,sv004844@uni.edu.vn
2022104845,Vũ Anh Lan,sv004845@uni.edu.vn
2023104846,Đặng Anh Lan,sv004846@uni.edu.vn
2024104847,Bùi Anh Lan,sv004847@uni.edu.vn
2019104848,Đỗ Anh Lan,sv004848@uni.edu.vn
2020104849,Hồ Anh Lan,sv004849@uni.edu.vn
2021104850,Nguyễn Tuấn Lan,sv004850@uni.edu.vn
2022104851,Trần Tuấn Lan,sv004851@uni.edu.vn
2023104852,Lê Tuấn Lan,sv004852@uni.edu.vn
2024104853,Phạm Tuấn Lan,sv004853@uni.edu.vn
2019104854,Hoàng Tuấn Lan,sv004854@uni.edu.vn
2020104855,Vũ Tuấn Lan,sv004855@uni.edu.vn
2021104856,Đặng Tuấn Lan,sv004856@uni.edu.vn
2022104857,Bùi Tuấn Lan,sv004857@uni.edu.vn
2023104858,Đỗ Tuấn Lan,sv004858@uni.edu.vn
2024104859,Hồ Tuấn Lan,sv004859@uni.edu.vn
2019104860,Nguyễn Hữu Lan,sv004860@uni.edu.vn
2020104861,Trần Hữu Lan,sv004861@uni.edu.vn
2021104862,Lê Hữu Lan,sv004862@uni.edu.vn
2022104863,Phạm Hữu Lan,sv004863@uni.edu.vn
2023104864,Hoàng Hữu Lan,sv004864@uni.edu.vn
2024104865,Vũ Hữu Lan,sv004865@uni.edu.vn
2019104866,Đặng Hữu Lan,sv004866@uni.edu.vn
2020104867,Bùi Hữu Lan,sv004867@uni.edu.vn
2021104868,Đỗ Hữu Lan,sv004868@uni.edu.vn
2022104869,Hồ Hữu Lan,sv004869@uni.edu.vn
2023104870,Nguyễn Thành Lan,sv004870@uni.edu.vn
2024104871,Trần Thành Lan,sv004871@uni.edu.vn
2019104872,Lê Thành Lan,sv004872@uni.edu.vn
2020104873,Phạm Thành Lan,sv004873@uni.edu.vn
2021104874,Hoàng Thành Lan,sv004874@uni.edu.vn
2022104875,Vũ Thành Lan,sv004875@uni.edu.vn
2023104876,Đặng Thành Lan,sv004876@uni.edu.vn
2024104877,Bùi Thành Lan,sv004877@uni.edu.vn
2019104878,Đỗ Thành Lan,sv004878@uni.edu.vn
2020104879,Hồ Thành Lan,sv004879@uni.edu.vn
2021104880,Nguyễn Ngọc Lan,sv004880@uni.edu.vn
2022104881,Trần Ngọc Lan,sv004881@uni.edu.vn
2023104882,Lê Ngọc Lan,sv004882@uni.edu.vn
2024104883,Phạm Ngọc Lan,sv004883@uni.edu.vn
2019104884,Hoàng Ngọc Lan,sv004884@uni.edu.vn
2020104885,Vũ Ngọc Lan,sv004885@uni.edu.vn
2021104886,Đặng Ngọc Lan,sv004886@uni.edu.vn
2022104887,Bùi Ngọc Lan,sv004887@uni.edu.vn
2023104888,Đỗ Ngọc Lan,sv004888@uni.edu.vn
2024104889,Hồ Ngọc Lan,sv004889@uni.edu.vn
2019104890,Nguyễn Lan,sv004890@uni.edu.vn
2020104891,Trần Lan,sv004891@uni.edu.vn
2021104892,Lê Lan,sv004892@uni.edu.vn
2022104893,Phạm Lan,sv004893@uni.edu.vn
2023104894,Hoàng Lan,sv004894@uni.edu.vn
2024104895,Vũ Lan,sv004895@uni.edu.vn
2019104896,Đặng Lan,sv004896@uni.edu.vn
2020104897,Bùi Lan,sv004897@uni.edu.vn
2021104898,Đỗ Lan,sv004898@uni.edu.vn
2022104899,Hồ Lan,sv004899@uni.edu.vn
2023104900,Nguyễn Thị Linh,sv004900@uni.edu.vn
2024104901,Trần Thị Linh,sv004901@uni.edu.vn
2019104902,Lê Thị Linh,sv004902@uni.edu.vn
2020104903,Phạm Thị Linh,sv004903@uni.edu.vn
2021104904,Hoàng Thị Linh,sv004904@uni.edu.vn
2022104905,Vũ Thị Linh,sv004905@uni.edu.vn
2023104906,Đặng Thị Linh,sv004906@uni.edu.vn
2024104907,Bùi Thị Linh,sv004907@uni.edu.vn
2019104908,Đỗ Thị Linh,sv004908@uni.edu.vn
2020104909,Hồ Thị Linh,sv004909@uni.edu.vn
2021104910,Nguyễn Văn Linh,sv004910@uni.edu.vn
2022104911,Trần Văn Linh,sv004911@uni.edu.vn
2023104912,Lê Văn Linh,sv004912@uni.edu.vn
2024104913,Phạm Văn Linh,sv004913@uni.edu.vn
2019104914,Hoàng Văn Linh,sv004914@uni.edu.vn
2020104915,Vũ Văn Linh,sv004915@uni.edu.vn
2021104916,Đặng Văn Linh,sv004916@uni.edu.vn
2022104917,Bùi Văn Linh,sv004917@uni.edu.vn
2023104918,Đỗ Văn Linh,sv004918@uni.edu.vn
2024104919,Hồ Văn Linh,sv004919@uni.edu.vn
2019104920,Nguyễn Minh Linh,sv004920@uni.edu.vn
2020104921,Trần Minh Linh,sv004921@uni.edu.vn
2021104922,Lê Minh Linh,sv004922@uni.edu.vn
2022104923,Phạm Minh Linh,sv004923@uni.edu.vn
2023104924,Hoàng Minh Linh,sv004924@uni.edu.vn
2024104925,Vũ Minh Linh,sv004925@uni.edu.vn
2019104926,Đặng Minh Linh,sv004926@uni.edu.vn
2020104927,Bùi Minh Linh,sv004927@uni.edu.vn
2021104928,Đỗ Minh Linh,sv004928@uni.edu.vn
2022104929,Hồ Minh Linh,sv004929@uni.edu.vn
2023104930,Nguyễn Quốc Linh,sv004930@uni.edu.vn
2024104931,Trần Quốc Linh,sv004931@uni.edu.vn
2019104932,Lê Quốc Linh,sv004932@uni.edu.vn
2020104933,Phạm Quốc Linh,sv004933@uni.edu.vn
2021104934,Hoàng Quốc Linh,sv004934@uni.edu.vn
2022104935,Vũ Quốc Linh,sv004935@uni.edu.vn
2023104936,Đặng Quốc Linh,sv004936@uni.edu.vn
2024104937,Bùi Quốc Linh,sv004937@uni.edu.vn
2019104938,Đỗ Quốc Linh,sv004938@uni.edu.vn
2020104939,Hồ Quốc Linh,sv004939@uni.edu.vn
2021104940,Nguyễn Anh Linh,sv004940@uni.edu.vn
2022104941,Trần Anh Linh,sv004941@uni.edu.vn
2023104942,Lê Anh Linh,sv004942@uni.edu.vn
2024104943,Phạm Anh Linh,sv004943@uni.edu.vn
2019104944,Hoàng Anh Linh,sv004944@uni.edu.vn
2020104945,Vũ Anh Linh,sv004945@uni.edu.vn
2021104946,Đặng Anh Linh,sv004946@uni.edu.vn
2022104947,Bùi Anh Linh,sv004947@uni.edu.vn
2023104948,Đỗ Anh Linh,sv004948@uni.edu.vn
2024104949,Hồ Anh Linh,sv004949@uni.edu.vn
2019104950,Nguyễn Tuấn Linh,sv004950@uni.edu.vn
2020104951,Trần Tuấn Linh,sv004951@uni.edu.vn
2021104952,Lê Tuấn Linh,sv004952@uni.edu.vn
2022104953,Phạm Tuấn Linh,sv004953@uni.edu.vn
2023104954,Hoàng Tuấn Linh,sv004954@uni.edu.vn
2024104955,Vũ Tuấn Linh,sv004955@uni.edu.vn
2019104956,Đặng Tuấn Linh,sv004956@uni.edu.vn
2020104957,Bùi Tuấn Linh,sv004957@uni.edu.vn
2021104958,Đỗ Tuấn Linh,sv004958@uni.edu.vn
2022104959,Hồ Tuấn Linh,sv004959@uni.edu.vn
2023104960,Nguyễn Hữu Linh,sv004960@uni.edu.vn
2024104961,Trần Hữu Linh,sv004961@uni.edu.vn
2019104962,Lê Hữu Linh,sv004962@uni.edu.vn
2020104963,Phạm Hữu Linh,sv004963@uni.edu.vn
2021104964,Hoàng Hữu Linh,sv004964@uni.edu.vn
2022104965,Vũ Hữu Linh,sv004965@uni.edu.vn
2023104966,Đặng Hữu Linh,sv004966@uni.edu.vn
2024104967,Bùi Hữu Linh,sv004967@uni.edu.vn
2019104968,Đỗ Hữu Linh,sv004968@uni.edu.vn
2020104969,Hồ Hữu Linh,sv004969@uni.edu.vn
2021104970,Nguyễn Thành Linh,sv004970@uni.edu.vn
2022104971,Trần Thành Linh,sv004971@uni.edu.vn
2023104972,Lê Thành Linh,sv004972@uni.edu.vn
2024104973,Phạm Thành Linh,sv004973@uni.edu.vn
2019104974,Hoàng Thành Linh,sv004974@uni.edu.vn
2020104975,Vũ Thành Linh,sv004975@uni.edu.vn
2021104976,Đặng Thành Linh,sv004976@uni.edu.vn
2022104977,Bùi Thành Linh,sv004977@uni.edu.vn
2023104978,Đỗ Thành Linh,sv004978@uni.edu.vn
2024104979,Hồ Thành Linh,sv004979@uni.edu.vn
2019104980,Nguyễn Ngọc Linh,sv004980@uni.edu.vn
2020104981,Trần Ngọc Linh,sv004981@uni.edu.vn
2021104982,Lê Ngọc Linh,sv004982@uni.edu.vn
2022104983,Phạm Ngọc Linh,sv004983@uni.edu.vn
2023104984,Hoàng Ngọc Linh,sv004984@uni.edu.vn
2024104985,Vũ Ngọc Linh,sv004985@uni.edu.vn
2019104986,Đặng Ngọc Linh,sv004986@uni.edu.vn
2020104987,Bùi Ngọc Linh,sv004987@uni.edu.vn
2021104988,Đỗ Ngọc Linh,sv004988@uni.edu.vn
2022104989,Hồ Ngọc Linh,sv004989@uni.edu.vn
2023104990,Nguyễn Linh,sv004990@uni.edu.vn
2024104991,Trần Linh,sv004991@uni.edu.vn
2019104992,Lê Linh,sv004992@uni.edu.vn
2020104993,Phạm Linh,sv004993@uni.edu.vn
2021104994,Hoàng Linh,sv004994@uni.edu.vn
2022104995,Vũ Linh,sv004995@uni.edu.vn
2023104996,Đặng Linh,sv004996@uni.edu.vn
2024104997,Bùi Linh,sv004997@uni.edu.vn
2019104998,Đỗ Linh,sv004998@uni.edu.vn
2020104999,Hồ Linh,sv004999@uni.edu.vn
,Nguyễn Thị Mai,sv005000@uni.edu.vn
2022105001,Trần Thị Mai,sv005001@uni.edu.vn
2023105002,Lê Thị Mai,sv005002@uni.edu.vn
2024105003,Phạm Thị Mai,sv005003@uni.edu.vn
2019105004,Hoàng Thị Mai,sv005004@uni.edu.vn
2020105005,Vũ Thị Mai,sv005005@uni.edu.vn
2021105006,Đặng Thị Mai,sv005006@uni.edu.vn
2022105007,Bùi Thị Mai,sv005007@uni.edu.vn
2023105008,Đỗ Thị Mai,sv005008@uni.edu.vn
2024105009,Hồ Thị Mai,sv005009@uni.edu.vn
2019105010,Nguyễn Văn Mai,sv005010@uni.edu.vn
2020105011,Trần Văn Mai,sv005011@uni.edu.vn
2021105012,Lê Văn Mai,sv005012@uni.edu.vn
2022105013,Phạm Văn Mai,sv005013@uni.edu.vn
2023105014,Hoàng Văn Mai,sv005014@uni.edu.vn
2024105015,Vũ Văn Mai,sv005015@uni.edu.vn
2019105016,Đặng Văn Mai,sv005016@uni.edu.vn
2020105017,Bùi Văn Mai,sv005017@uni.edu.vn
2021105018,Đỗ Văn Mai,sv005018@uni.edu.vn
2022105019,Hồ Văn Mai,sv005019@uni.edu.vn
2023105020,Nguyễn Minh Mai,sv005020@uni.edu.vn
2024105021,Trần Minh Mai,sv005021@uni.edu.vn
2019105022,Lê Minh Mai,sv005022@uni.edu.vn
2020105023,Phạm Minh Mai,sv005023@uni.edu.vn
2021105024,Hoàng Minh Mai,sv005024@uni.edu.vn
2022105025,Vũ Minh Mai,sv005025@uni.edu.vn
2023105026,Đặng Minh Mai,sv005026@uni.edu.vn
2024105027,Bùi Minh Mai,sv005027@uni.edu.vn
2019105028,Đỗ Minh Mai,sv005028@uni.edu.vn
2020105029,Hồ Minh Mai,sv005029@uni.edu.vn
2021105030,Nguyễn Quốc Mai,sv005030@uni.edu.vn
2022105031,Trần Quốc Mai,sv005031@uni.edu.vn
2023105032,Lê Quốc Mai,sv005032@uni.edu.vn
2024105033,Phạm Quốc Mai,sv005033@uni.edu.vn
2019105034,Hoàng Quốc Mai,sv005034@uni.edu.vn
2020105035,Vũ Quốc Mai,sv005035@uni.edu.vn
2021105036,Đặng Quốc Mai,sv005036@uni.edu.vn
2022105037,Bùi Quốc Mai,sv005037@uni.edu.vn
2023105038,Đỗ Quốc Mai,sv005038@uni.edu.vn
2024105039,Hồ Quốc Mai,sv005039@uni.edu.vn
2019105040,Nguyễn Anh Mai,sv005040@uni.edu.vn
2020105041,Trần Anh Mai,sv005041@uni.edu.vn
2021105042,Lê Anh Mai,sv005042@uni.edu.vn
2022105043,Phạm Anh Mai,sv005043@uni.edu.vn
2023105044,Hoàng Anh Mai,sv005044@uni.edu.vn
2024105045,Vũ Anh Mai,sv005045@uni.edu.vn
2019105046,Đặng Anh Mai,sv005046@uni.edu.vn
2020105047,Bùi Anh Mai,sv005047@uni.edu.vn
2021105048,Đỗ Anh Mai,sv005048@uni.edu.vn
2022105049,Hồ Anh Mai,sv005049@uni.edu.vn
2023105050,Nguyễn Tuấn Mai,sv005050@uni.edu.vn
2024105051,Trần Tuấn Mai,sv005051@uni.edu.vn
2019105052,Lê Tuấn Mai,sv005052@uni.edu.vn
2020105053,Phạm Tuấn Mai,sv005053@uni.edu.vn
2021105054,Hoàng Tuấn Mai,sv005054@uni.edu.vn
2022105055,Vũ Tuấn Mai,sv005055@uni.edu.vn
2023105056,Đặng Tuấn Mai,sv005056@uni.edu.vn
2024105057,Bùi Tuấn Mai,sv005057@uni.edu.vn
2019105058,Đỗ Tuấn Mai,sv005058@uni.edu.vn
2020105059,Hồ Tuấn Mai,sv005059@uni.edu.vn
2021105060,Nguyễn Hữu Mai,sv005060@uni.edu.vn
2022105061,Trần Hữu Mai,sv005061@uni.edu.vn
2023105062,Lê Hữu Mai,sv005062@uni.edu.vn
2024105063,Phạm Hữu Mai,sv005063@uni.edu.vn
2019105064,Hoàng Hữu Mai,sv005064@uni.edu.vn
2020105065,Vũ Hữu Mai,sv005065@uni.edu.vn
2021105066,Đặng Hữu Mai,sv005066@uni.edu.vn
2022105067,Bùi Hữu Mai,sv005067@uni.edu.vn
2023105068,Đỗ Hữu Mai,sv005068@uni.edu.vn
2024105069,Hồ Hữu Mai,sv005069@uni.edu.vn
2019105070,Nguyễn Thành Mai,sv005070@uni.edu.vn
2020105071,Trần Thành Mai,sv005071@uni.edu.vn
2021105072,Lê Thành Mai,sv005072@uni.edu.vn
2022105073,Phạm Thành Mai,sv005073@uni.edu.vn
2023105074,Hoàng Thành Mai,sv005074@uni.edu.vn
2024105075,Vũ Thành Mai,sv005075@uni.edu.vn
2019105076,Đặng Thành Mai,sv005076@uni.edu.vn
2020105077,Bùi Thành Mai,sv005077@uni.edu.vn
2021105078,Đỗ Thành Mai,sv005078@uni.edu.vn
2022105079,Hồ Thành Mai,sv005079@uni.edu.vn
2023105080,Nguyễn Ngọc Mai,sv005080@uni.edu.vn
2024105081,Trần Ngọc Mai,sv005081@uni.edu.vn
2019105082,Lê Ngọc Mai,sv005082@uni.edu.vn
2020105083,Phạm Ngọc Mai,sv005083@uni.edu.vn
2021105084,Hoàng Ngọc Mai,sv005084@uni.edu.vn
2022105085,Vũ Ngọc Mai,sv005085@uni.edu.vn
2023105086,Đặng Ngọc Mai,sv005086@uni.edu.vn
2024105087,Bùi Ngọc Mai,sv005087@uni.edu.vn
2019105088,Đỗ Ngọc Mai,sv005088@uni.edu.vn
2020105089,Hồ Ngọc Mai,sv005089@uni.edu.vn
2021105090,Nguyễn Mai,sv005090@uni.edu.vn
2022105091,Trần Mai,sv005091@uni.edu.vn
2023105092,Lê Mai,sv005092@uni.edu.vn
2024105093,Phạm Mai,sv005093@uni.edu.vn
2019105094,Hoàng Mai,sv005094@uni.edu.vn
2020105095,Vũ Mai,sv005095@uni.edu.vn
2021105096,Đặng Mai,sv005096@uni.edu.vn
2022105097,Bùi Mai,sv005097@uni.edu.vn
2023105098,Đỗ Mai,sv005098@uni.edu.vn
2024105099,Hồ Mai,sv005099@uni.edu.vn
2019105100,Nguyễn Thị Nam,sv005100@uni.edu.vn
2020105101,Trần Thị Nam,sv005101@uni.edu.vn
2021105102,Lê Thị Nam,sv005102@uni.edu.vn
2022105103,Phạm Thị Nam,sv005103@uni.edu.vn
2023105104,Hoàng Thị Nam,sv005104@uni.edu.vn
2024105105,Vũ Thị Nam,sv005105@uni.edu.vn
2019105106,Đặng Thị Nam,sv005106@uni.edu.vn
2020105107,Bùi Thị Nam,sv005107@uni.edu.vn
2021105108,Đỗ Thị Nam,sv005108@uni.edu.vn
2022105109,Hồ Thị Nam,sv005109@uni.edu.vn
2023105110,Nguyễn Văn Nam,sv005110@uni.edu.vn
2024105111,Trần Văn Nam,sv005111@uni.edu.vn
2019105112,Lê Văn Nam,sv005112@uni.edu.vn
2020105113,Phạm Văn Nam,sv005113@uni.edu.vn
2021105114,Hoàng Văn Nam,sv005114@uni.edu.vn
2022105115,Vũ Văn Nam,sv005115@uni.edu.vn
2023105116,Đặng Văn Nam,sv005116@uni.edu.vn
2024105117,Bùi Văn Nam,sv005117@uni.edu.vn
2019105118,Đỗ Văn Nam,sv005118@uni.edu.vn
2020105119,Hồ Văn Nam,sv005119@uni.edu.vn
2021105120,Nguyễn Minh Nam,sv005120@uni.edu.vn
2022105121,Trần Minh Nam,sv005121@uni.edu.vn
2023105122,Lê Minh Nam,sv005122@uni.edu.vn
2024105123,Phạm Minh Nam,sv005123@uni.edu.vn
2019105124,Hoàng Minh Nam,sv005124@uni.edu.vn
2020105125,Vũ Minh Nam,sv005125@uni.edu.vn
2021105126,Đặng Minh Nam,sv005126@uni.edu.vn
2022105127,Bùi Minh Nam,sv005127@uni.edu.vn
2023105128,Đỗ Minh Nam,sv005128@uni.edu.vn
2024105129,Hồ Minh Nam,sv005129@uni.edu.vn
2019105130,Nguyễn Quốc Nam,sv005130@uni.edu.vn
2020105131,Trần Quốc Nam,sv005131@uni.edu.vn
2021105132,Lê Quốc Nam,sv005132@uni.edu.vn
2022105133,Phạm Quốc Nam,sv005133@uni.edu.vn
2023105134,Hoàng Quốc Nam,sv005134@uni.edu.vn
2024105135,Vũ Quốc Nam,sv005135@uni.edu.vn
2019105136,Đặng Quốc Nam,sv005136@uni.edu.vn
2020105137,Bùi Quốc Nam,sv005137@uni.edu.vn
2021105138,Đỗ Quốc Nam,sv005138@uni.edu.vn
2022105139,Hồ Quốc Nam,sv005139@uni.edu.vn
2023105140,Nguyễn Anh Nam,sv005140@uni.edu.vn
2024105141,Trần Anh Nam,sv005141@uni.edu.vn
2019105142,Lê Anh Nam,sv005142@uni.edu.vn
2020105143,Phạm Anh Nam,sv005143@uni.edu.vn
2021105144,Hoàng Anh Nam,sv005144@uni.edu.vn
2022105145,Vũ Anh Nam,sv005145@uni.edu.vn
2023105146,Đặng Anh Nam,sv005146@uni.edu.vn
2024105147,Bùi Anh Nam,sv005147@uni.edu.vn
2019105148,Đỗ Anh Nam,sv005148@uni.edu.vn
2020105149,Hồ Anh Nam,sv005149@uni.edu.vn
2021105150,Nguyễn Tuấn Nam,sv005150@uni.edu.vn
2022105151,Trần Tuấn Nam,sv005151@uni.edu.vn
2023105152,Lê Tuấn Nam,sv005152@uni.edu.vn
2024105153,Phạm Tuấn Nam,sv005153@uni.edu.vn
2019105154,Hoàng Tuấn Nam,sv005154@uni.edu.vn
2020105155,Vũ Tuấn Nam,sv005155@uni.edu.vn
2021105156,Đặng Tuấn Nam,sv005156@uni.edu.vn
2022105157,Bùi Tuấn Nam,sv005157@uni.edu.vn
2023105158,Đỗ Tuấn Nam,sv005158@uni.edu.vn
2024105159,Hồ Tuấn Nam,sv005159@uni.edu.vn
2019105160,Nguyễn Hữu Nam,sv005160@uni.edu.vn
2020105161,Trần Hữu Nam,sv005161@uni.edu.vn
2021105162,Lê Hữu Nam,sv005162@uni.edu.vn
2022105163,Phạm Hữu Nam,sv005163@uni.edu.vn
2023105164,Hoàng Hữu Nam,sv005164@uni.edu.vn
2024105165,Vũ Hữu Nam,sv005165@uni.edu.vn
2019105166,Đặng Hữu Nam,sv005166@uni.edu.vn
2020105167,Bùi Hữu Nam,sv005167@uni.edu.vn
2021105168,Đỗ Hữu Nam,sv005168@uni.edu.vn
2022105169,Hồ Hữu Nam,sv005169@uni.edu.vn
2023105170,Nguyễn Thành Nam,sv005170@uni.edu.vn
2024105171,Trần Thành Nam,sv005171@uni.edu.vn
2019105172,Lê Thành Nam,sv005172@uni.edu.vn
2020105173,Phạm Thành Nam,sv005173@uni.edu.vn
2021105174,Hoàng Thành Nam,sv005174@uni.edu.vn
2022105175,Vũ Thành Nam,sv005175@uni.edu.vn
2023105176,Đặng Thành Nam,sv005176@uni.edu.vn
2024105177,Bùi Thành Nam,sv005177@uni.edu.vn
2019105178,Đỗ Thành Nam,sv005178@uni.edu.vn
2020105179,Hồ Thành Nam,sv005179@uni.edu.vn
2021105180,Nguyễn Ngọc Nam,sv005180@uni.edu.vn
2022105181,Trần Ngọc Nam,sv005181@uni.edu.vn
2023105182,Lê Ngọc Nam,sv005182@uni.edu.vn
2024105183,Phạm Ngọc Nam,sv005183@uni.edu.vn
2019105184,Hoàng Ngọc Nam,sv005184@uni.edu.vn
2020105185,Vũ Ngọc Nam,sv005185@uni.edu.vn
2021105186,Đặng Ngọc Nam,sv005186@uni.edu.vn
2022105187,Bùi Ngọc Nam,sv005187@uni.edu.vn
2023105188,Đỗ Ngọc Nam,sv005188@uni.edu.vn
2024105189,Hồ Ngọc Nam,sv005189@uni.edu.vn
2019105190,Nguyễn Nam,sv005190@uni.edu.vn
2020105191,Trần Nam,sv005191@uni.edu.vn
2021105192,Lê Nam,sv005192@uni.edu.vn
2022105193,Phạm Nam,sv005193@uni.edu.vn
2023105194,Hoàng Nam,sv005194@uni.edu.vn
2024105195,Vũ Nam,sv005195@uni.edu.vn
2019105196,Đặng Nam,sv005196@uni.edu.vn
2020105197,Bùi Nam,sv005197@uni.edu.vn
2021105198,Đỗ Nam,sv005198@uni.edu.vn
2022105199,Hồ Nam,sv005199@uni.edu.vn
2023105200,Nguyễn Thị Phong,sv005200@uni.edu.vn
2024105201,Trần Thị Phong,sv005201@uni.edu.vn
2019105202,Lê Thị Phong,sv005202@uni.edu.vn
2020105203,Phạm Thị Phong,sv005203@uni.edu.vn
2021105204,Hoàng Thị Phong,sv005204@uni.edu.vn
2022105205,Vũ Thị Phong,sv005205@uni.edu.vn
2023105206,Đặng Thị Phong,sv005206@uni.edu.vn
2024105207,Bùi Thị Phong,sv005207@uni.edu.vn
2019105208,Đỗ Thị Phong,sv005208@uni.edu.vn
2020105209,Hồ Thị Phong,sv005209@uni.edu.vn
2021105210,Nguyễn Văn Phong,sv005210@uni.edu.vn
2022105211,Trần Văn Phong,sv005211@uni.edu.vn
2023105212,Lê Văn Phong,sv005212@uni.edu.vn
2024105213,Phạm Văn Phong,sv005213@uni.edu.vn
2019105214,Hoàng Văn Phong,sv005214@uni.edu.vn
2020105215,Vũ Văn Phong,sv005215@uni.edu.vn
2021105216,Đặng Văn Phong,sv005216@uni.edu.vn
2022105217,Bùi Văn Phong,sv005217@uni.edu.vn
2023105218,Đỗ Văn Phong,sv005218@uni.edu.vn
2024105219,Hồ Văn Phong,sv005219@uni.edu.vn
2019105220,Nguyễn Minh Phong,sv005220@uni.edu.vn
2020105221,Trần Minh Phong,sv005221@uni.edu.vn
2021105222,Lê Minh Phong,sv005222@uni.edu.vn
2022105223,Phạm Minh Phong,sv005223@uni.edu.vn
2023105224,Hoàng Minh Phong,sv005224@uni.edu.vn
2024105225,Vũ Minh Phong,sv005225@uni.edu.vn
2019105226,Đặng Minh Phong,sv005226@uni.edu.vn
2020105227,Bùi Minh Phong,sv005227@uni.edu.vn
2021105228,Đỗ Minh Phong,sv005228@uni.edu.vn
2022105229,Hồ Minh Phong,sv005229@uni.edu.vn
2023105230,Nguyễn Quốc Phong,sv005230@uni.edu.vn
2024105231,Trần Quốc Phong,sv005231@uni.edu.vn
2019105232,Lê Quốc Phong,sv005232@uni.edu.vn
2020105233,Phạm Quốc Phong,sv005233@uni.edu.vn
2021105234,Hoàng Quốc Phong,sv005234@uni.edu.vn
2022105235,Vũ Quốc Phong,sv005235@uni.edu.vn
2023105236,Đặng Quốc Phong,sv005236@uni.edu.vn
2024105237,Bùi Quốc Phong,sv005237@uni.edu.vn
2019105238,Đỗ Quốc Phong,sv005238@uni.edu.vn
2020105239,Hồ Quốc Phong,sv005239@uni.edu.vn
2021105240,Nguyễn Anh Phong,sv005240@uni.edu.vn
2022105241,Trần Anh Phong,sv005241@uni.edu.vn
2023105242,Lê Anh Phong,sv005242@uni.edu.vn
2024105243,Phạm Anh Phong,sv005243@uni.edu.vn
2019105244,Hoàng Anh Phong,sv005244@uni.edu.vn
2020105245,Vũ Anh Phong,sv005245@uni.edu.vn
2021105246,Đặng Anh Phong,sv005246@uni.edu.vn
2022105247,Bùi Anh Phong,sv005247@uni.edu.vn
2023105248,Đỗ Anh Phong,sv005248@uni.edu.vn
2024105249,Hồ Anh Phong,sv005249@uni.edu.vn
2019105250,Nguyễn Tuấn Phong,sv005250@uni.edu.vn
2020105251,Trần Tuấn Phong,sv005251@uni.edu.vn
2021105252,Lê Tuấn Phong,sv005252@uni.edu.vn
2022105253,Phạm Tuấn Phong,sv005253@uni.edu.vn
2023105254,Hoàng Tuấn Phong,sv005254@uni.edu.vn
2024105255,Vũ Tuấn Phong,sv005255@uni.edu.vn
2019105256,Đặng Tuấn Phong,sv005256@uni.edu.vn
2020105257,Bùi Tuấn Phong,sv005257@uni.edu.vn
2021105258,Đỗ Tuấn Phong,sv005258@uni.edu.vn
2022105259,Hồ Tuấn Phong,sv005259@uni.edu.vn
2023105260,Nguyễn Hữu Phong,sv005260@uni.edu.vn
2024105261,Trần Hữu Phong,sv005261@uni.edu.vn
2019105262,Lê Hữu Phong,sv005262@uni.edu.vn
2020105263,Phạm Hữu Phong,sv005263@uni.edu.vn
2021105264,Hoàng Hữu Phong,sv005264@uni.edu.vn
2022105265,Vũ Hữu Phong,sv005265@uni.edu.vn
2023105266,Đặng Hữu Phong,sv005266@uni.edu.vn
2024105267,Bùi Hữu Phong,sv005267@uni.edu.vn
2019105268,Đỗ Hữu Phong,sv005268@uni.edu.vn
2020105269,Hồ Hữu Phong,sv005269@uni.edu.vn
2021105270,Nguyễn Thành Phong,sv005270@uni.edu.vn
2022105271,Trần Thành Phong,sv005271@uni.edu.vn
2023105272,Lê Thành Phong,sv005272@uni.edu.vn
2024105273,Phạm Thành Phong,sv005273@uni.edu.vn
2019105274,Hoàng Thành Phong,sv005274@uni.edu.vn
2020105275,Vũ Thành Phong,sv005275@uni.edu.vn
2021105276,Đặng Thành Phong,sv005276@uni.edu.vn
2022105277,Bùi Thành Phong,sv005277@uni.edu.vn
2023105278,Đỗ Thành Phong,sv005278@uni.edu.vn
2024105279,Hồ Thành Phong,sv005279@uni.edu.vn
2019105280,Nguyễn Ngọc Phong,sv005280@uni.edu.vn
2020105281,Trần Ngọc Phong,sv005281@uni.edu.vn
2021105282,Lê Ngọc Phong,sv005282@uni.edu.vn
2022105283,Phạm Ngọc Phong,sv005283@uni.edu.vn
2023105284,Hoàng Ngọc Phong,sv005284@uni.edu.vn
2024105285,Vũ Ngọc Phong,sv005285@uni.edu.vn
2019105286,Đặng Ngọc Phong,sv005286@uni.edu.vn
2020105287,Bùi Ngọc Phong,sv005287@uni.edu.vn
2021105288,Đỗ Ngọc Phong,sv005288@uni.edu.vn
2022105289,Hồ Ngọc Phong,sv005289@uni.edu.vn
2023105290,Nguyễn Phong,sv005290@uni.edu.vn
2024105291,Trần Phong,sv005291@uni.edu.vn
2019105292,Lê Phong,sv005292@uni.edu.vn
2020105293,Phạm Phong,sv005293@uni.edu.vn
2021105294,Hoàng Phong,sv005294@uni.edu.vn
2022105295,Vũ Phong,sv005295@uni.edu.vn
2023105296,Đặng Phong,sv005296@uni.edu.vn
2024105297,Bùi Phong,sv005297@uni.edu.vn
2019105298,Đỗ Phong,sv005298@uni.edu.vn
2020105299,Hồ Phong,sv005299@uni.edu.vn
2021105300,Nguyễn Thị Quân,sv005300@uni.edu.vn
2022105301,Trần Thị Quân,sv005301@uni.edu.vn
2023105302,Lê Thị Quân,sv005302@uni.edu.vn
2024105303,Phạm Thị Quân,sv005303@uni.edu.vn
2019105304,Hoàng Thị Quân,sv005304@uni.edu.vn
2020105305,Vũ Thị Quân,sv005305@uni.edu.vn
2021105306,Đặng Thị Quân,sv005306@uni.edu.vn
2022105307,Bùi Thị Quân,sv005307@uni.edu.vn
2023105308,Đỗ Thị Quân,sv005308@uni.edu.vn
2024105309,Hồ Thị Quân,sv005309@uni.edu.vn
2019105310,Nguyễn Văn Quân,sv005310@uni.edu.vn
2020105311,Trần Văn Quân,sv005311@uni.edu.vn
2021105312,Lê Văn Quân,sv005312@uni.edu.vn
2022105313,Phạm Văn Quân,sv005313@uni.edu.vn
2023105314,Hoàng Văn Quân,sv005314@uni.edu.vn
2024105315,Vũ Văn Quân,sv005315@uni.edu.vn
2019105316,Đặng Văn Quân,sv005316@uni.edu.vn
2020105317,Bùi Văn Quân,sv005317@uni.edu.vn
2021105318,Đỗ Văn Quân,sv005318@uni.edu.vn
2022105319,Hồ Văn Quân,sv005319@uni.edu.vn
2023105320,Nguyễn Minh Quân,sv005320@uni.edu.vn
2024105321,Trần Minh Quân,sv005321@uni.edu.vn
2019105322,Lê Minh Quân,sv005322@uni.edu.vn
2020105323,Phạm Minh Quân,sv005323@uni.edu.vn
2021105324,Hoàng Minh Quân,sv005324@uni.edu.vn
2022105325,Vũ Minh Quân,sv005325@uni.edu.vn
2023105326,Đặng Minh Quân,sv005326@uni.edu.vn
2024105327,Bùi Minh Quân,sv005327@uni.edu.vn
2019105328,Đỗ Minh Quân,sv005328@uni.edu.vn
2020105329,Hồ Minh Quân,sv005329@uni.edu.vn
2021105330,Nguyễn Quốc Quân,sv005330@uni.edu.vn
2022105331,Trần Quốc Quân,sv005331@uni.edu.vn
2023105332,Lê Quốc Quân,sv005332@uni.edu.vn
2024105333,Phạm Quốc Quân,sv005333@uni.edu.vn
2019105334,Hoàng Quốc Quân,sv005334@uni.edu.vn
2020105335,Vũ Quốc Quân,sv005335@uni.edu.vn
2021105336,Đặng Quốc Quân,sv005336@uni.edu.vn
2022105337,Bùi Quốc Quân,sv005337@uni.edu.vn
2023105338,Đỗ Quốc Quân,sv005338@uni.edu.vn
2024105339,Hồ Quốc Quân,sv005339@uni.edu.vn
2019105340,Nguyễn Anh Quân,sv005340@uni.edu.vn
2020105341,Trần Anh Quân,sv005341@uni.edu.vn
2021105342,Lê Anh Quân,sv005342@uni.edu.vn
2022105343,Phạm Anh Quân,sv005343@uni.edu.vn
2023105344,Hoàng Anh Quân,sv005344@uni.edu.vn
2024105345,Vũ Anh Quân,sv005345@uni.edu.vn
2019105346,Đặng Anh Quân,sv005346@uni.edu.vn
2020105347,Bùi Anh Quân,sv005347@uni.edu.vn
2021105348,Đỗ Anh Quân,sv005348@uni.edu.vn
2022105349,Hồ Anh Quân,sv005349@uni.edu.vn
2023105350,Nguyễn Tuấn Quân,sv005350@uni.edu.vn
2024105351,Trần Tuấn Quân,sv005351@uni.edu.vn
2019105352,Lê Tuấn Quân,sv005352@uni.edu.vn
2020105353,Phạm Tuấn Quân,sv005353@uni.edu.vn
2021105354,Hoàng Tuấn Quân,sv005354@uni.edu.vn
2022105355,Vũ Tuấn Quân,sv005355@uni.edu.vn
2023105356,Đặng Tuấn Quân,sv005356@uni.edu.vn
2024105357,Bùi Tuấn Quân,sv005357@uni.edu.vn
2019105358,Đỗ Tuấn Quân,sv005358@uni.edu.vn
2020105359,Hồ Tuấn Quân,sv005359@uni.edu.vn
2021105360,Nguyễn Hữu Quân,sv005360@uni.edu.vn
2022105361,Trần Hữu Quân,sv005361@uni.edu.vn
2023105362,Lê Hữu Quân,sv005362@uni.edu.vn
2024105363,Phạm Hữu Quân,sv005363@uni.edu.vn
2019105364,Hoàng Hữu Quân,sv005364@uni.edu.vn
2020105365,Vũ Hữu Quân,sv005365@uni.edu.vn
2021105366,Đặng Hữu Quân,sv005366@uni.edu.vn
2022105367,Bùi Hữu Quân,sv005367@uni.edu.vn
2023105368,Đỗ Hữu Quân,sv005368@uni.edu.vn
2024105369,Hồ Hữu Quân,sv005369@uni.edu.vn
2019105370,Nguyễn Thành Quân,sv005370@uni.edu.vn
2020105371,Trần Thành Quân,sv005371@uni.edu.vn
2021105372,Lê Thành Quân,sv005372@uni.edu.vn
2022105373,Phạm Thành Quân,sv005373@uni.edu.vn
2023105374,Hoàng Thành Quân,sv005374@uni.edu.vn
2024105375,Vũ Thành Quân,sv005375@uni.edu.vn
2019105376,Đặng Thành Quân,sv005376@uni.edu.vn
2020105377,Bùi Thành Quân,sv005377@uni.edu.vn
2021105378,Đỗ Thành Quân,sv005378@uni.edu.vn
2022105379,Hồ Thành Quân,sv005379@uni.edu.vn
2023105380,Nguyễn Ngọc Quân,sv005380@uni.edu.vn
2024105381,Trần Ngọc Quân,sv005381@uni.edu.vn
2019105382,Lê Ngọc Quân,sv005382@uni.edu.vn
2020105383,Phạm Ngọc Quân,sv005383@uni.edu.vn
2021105384,Hoàng Ngọc Quân,sv005384@uni.edu.vn
2022105385,Vũ Ngọc Quân,sv005385@uni.edu.vn
2023105386,Đặng Ngọc Quân,sv005386@uni.edu.vn
2024105387,Bùi Ngọc Quân,sv005387@uni.edu.vn
2019105388,Đỗ Ngọc Quân,sv005388@uni.edu.vn
2020105389,Hồ Ngọc Quân,sv005389@uni.edu.vn
2021105390,Nguyễn Quân,sv005390@uni.edu.vn
2022105391,Trần Quân,sv005391@uni.edu.vn
2023105392,Lê Quân,sv005392@uni.edu.vn
2024105393,Phạm Quân,sv005393@uni.edu.vn
2019105394,Hoàng Quân,sv005394@uni.edu.vn
2020105395,Vũ Quân,sv005395@uni.edu.vn
2021105396,Đặng Quân,sv005396@uni.edu.vn
2022105397,Bùi Quân,sv005397@uni.edu.vn
2023105398,Đỗ Quân,sv005398@uni.edu.vn
2024105399,Hồ Quân,sv005399@uni.edu.vn
2019105400,Nguyễn Thị Sơn,sv005400@uni.edu.vn
2020105401,Trần Thị Sơn,sv005401@uni.edu.vn
2021105402,Lê Thị Sơn,sv005402@uni.edu.vn
2022105403,Phạm Thị Sơn,sv005403@uni.edu.vn
2023105404,Hoàng Thị Sơn,sv005404@uni.edu.vn
2024105405,Vũ Thị Sơn,sv005405@uni.edu.vn
2019105406,Đặng Thị Sơn,sv005406@uni.edu.vn
2020105407,Bùi Thị Sơn,sv005407@uni.edu.vn
2021105408,Đỗ Thị Sơn,sv005408@uni.edu.vn
2022105409,Hồ Thị Sơn,sv005409@uni.edu.vn
2023105410,Nguyễn Văn Sơn,sv005410@uni.edu.vn
2024105411,Trần Văn Sơn,sv005411@uni.edu.vn
2019105412,Lê Văn Sơn,sv005412@uni.edu.vn
2020105413,Phạm Văn Sơn,sv005413@uni.edu.vn
2021105414,Hoàng Văn Sơn,sv005414@uni.edu.vn
2022105415,Vũ Văn Sơn,sv005415@uni.edu.vn
2023105416,Đặng Văn Sơn,sv005416@uni.edu.vn
2024105417,Bùi Văn Sơn,sv005417@uni.edu.vn
2019105418,Đỗ Văn Sơn,sv005418@uni.edu.vn
2020105419,Hồ Văn Sơn,sv005419@uni.edu.vn
2021105420,Nguyễn Minh Sơn,sv005420@uni.edu.vn
2022105421,Trần Minh Sơn,sv005421@uni.edu.vn
2023105422,Lê Minh Sơn,sv005422@uni.edu.vn
2024105423,Phạm Minh Sơn,sv005423@uni.edu.vn
2019105424,Hoàng Minh Sơn,sv005424@uni.edu.vn
2020105425,Vũ Minh Sơn,sv005425@uni.edu.vn
2021105426,Đặng Minh Sơn,sv005426@uni.edu.vn
2022105427,Bùi Minh Sơn,sv005427@uni.edu.vn
2023105428,Đỗ Minh Sơn,sv005428@uni.edu.vn
2024105429,Hồ Minh Sơn,sv005429@uni.edu.vn
2019105430,Nguyễn Quốc Sơn,sv005430@uni.edu.vn
2020105431,Trần Quốc Sơn,sv005431@uni.edu.vn
2021105432,Lê Quốc Sơn,sv005432@uni.edu.vn
2022105433,Phạm Quốc Sơn,sv005433@uni.edu.vn
2023105434,Hoàng Quốc Sơn,sv005434@uni.edu.vn
2024105435,Vũ Quốc Sơn,sv005435@uni.edu.vn
2019105436,Đặng Quốc Sơn,sv005436@uni.edu.vn
2020105437,Bùi Quốc Sơn,sv005437@uni.edu.vn
2021105438,Đỗ Quốc Sơn,sv005438@uni.edu.vn
2022105439,Hồ Quốc Sơn,sv005439@uni.edu.vn
2023105440,Nguyễn Anh Sơn,sv005440@uni.edu.vn
2024105441,Trần Anh Sơn,sv005441@uni.edu.vn
2019105442,Lê Anh Sơn,sv005442@uni.edu.vn
2020105443,Phạm Anh Sơn,sv005443@uni.edu.vn
2021105444,Hoàng Anh Sơn,sv005444@uni.edu.vn
2022105445,Vũ Anh Sơn,sv005445@uni.edu.vn
2023105446,Đặng Anh Sơn,sv005446@uni.edu.vn
2024105447,Bùi Anh Sơn,sv005447@uni.edu.vn
2019105448,Đỗ Anh Sơn,sv005448@uni.edu.vn
2020105449,Hồ Anh Sơn,sv005449@uni.edu.vn
2021105450,Nguyễn Tuấn Sơn,sv005450@uni.edu.vn
2022105451,Trần Tuấn Sơn,sv005451@uni.edu.vn
2023105452,Lê Tuấn Sơn,sv005452@uni.edu.vn
2024105453,Phạm Tuấn Sơn,sv005453@uni.edu.vn
2019105454,Hoàng Tuấn Sơn,sv005454@uni.edu.vn
2020105455,Vũ Tuấn Sơn,sv005455@uni.edu.vn
2021105456,Đặng Tuấn Sơn,sv005456@uni.edu.vn
2022105457,Bùi Tuấn Sơn,sv005457@uni.edu.vn
2023105458,Đỗ Tuấn Sơn,sv005458@uni.edu.vn
2024105459,Hồ Tuấn Sơn,sv005459@uni.edu.vn
2019105460,Nguyễn Hữu Sơn,sv005460@uni.edu.vn
2020105461,Trần Hữu Sơn,sv005461@uni.edu.vn
2021105462,Lê Hữu Sơn,sv005462@uni.edu.vn
2022105463,Phạm Hữu Sơn,sv005463@uni.edu.vn
2023105464,Hoàng Hữu Sơn,sv005464@uni.edu.vn
2024105465,Vũ Hữu Sơn,sv005465@uni.edu.vn
2019105466,Đặng Hữu Sơn,sv005466@uni.edu.vn
2020105467,Bùi Hữu Sơn,sv005467@uni.edu.vn
2021105468,Đỗ Hữu Sơn,sv005468@uni.edu.vn
2022105469,Hồ Hữu Sơn,sv005469@uni.edu.vn
2023105470,Nguyễn Thành Sơn,sv005470@uni.edu.vn
2024105471,Trần Thành Sơn,sv005471@uni.edu.vn
2019105472,Lê Thành Sơn,sv005472@uni.edu.vn
2020105473,Phạm Thành Sơn,sv005473@uni.edu.vn
2021105474,Hoàng Thành Sơn,sv005474@uni.edu.vn
2022105475,Vũ Thành Sơn,sv005475@uni.edu.vn
2023105476,Đặng Thành Sơn,sv005476@uni.edu.vn
2024105477,Bùi Thành Sơn,sv005477@uni.edu.vn
2019105478,Đỗ Thành Sơn,sv005478@uni.edu.vn
2020105479,Hồ Thành Sơn,sv005479@uni.edu.vn
2021105480,Nguyễn Ngọc Sơn,sv005480@uni.edu.vn
2022105481,Trần Ngọc Sơn,sv005481@uni.edu.vn
2023105482,Lê Ngọc Sơn,sv005482@uni.edu.vn
2024105483,Phạm Ngọc Sơn,sv005483@uni.edu.vn
2019105484,Hoàng Ngọc Sơn,sv005484@uni.edu.vn
2020105485,Vũ Ngọc Sơn,sv005485@uni.edu.vn
2021105486,Đặng Ngọc Sơn,sv005486@uni.edu.vn
2022105487,Bùi Ngọc Sơn,sv005487@uni.edu.vn
2023105488,Đỗ Ngọc Sơn,sv005488@uni.edu.vn
2024105489,Hồ Ngọc Sơn,sv005489@uni.edu.vn
2019105490,Nguyễn Sơn,sv005490@uni.edu.vn
2020105491,Trần Sơn,sv005491@uni.edu.vn
2021105492,Lê Sơn,sv005492@uni.edu.vn
2022105493,Phạm Sơn,sv005493@uni.edu.vn
2023105494,Hoàng Sơn,sv005494@uni.edu.vn
2024105495,Vũ Sơn,sv005495@uni.edu.vn
2019105496,Đặng Sơn,sv005496@uni.edu.vn
2020105497,Bùi Sơn,sv005497@uni.edu.vn
2021105498,Đỗ Sơn,sv005498@uni.edu.vn
2022105499,Hồ Sơn,sv005499@uni.edu.vn
2023105500,Nguyễn Thị Tâm,sv005500@uni.edu.vn
2024105501,Trần Thị Tâm,sv005501@uni.edu.vn
2019105502,Lê Thị Tâm,sv005502@uni.edu.vn
2020105503,Phạm Thị Tâm,sv005503@uni.edu.vn
2021105504,Hoàng Thị Tâm,sv005504@uni.edu.vn
2022105505,Vũ Thị Tâm,sv005505@uni.edu.vn
2023105506,Đặng Thị Tâm,sv005506@uni.edu.vn
2024105507,Bùi Thị Tâm,sv005507@uni.edu.vn
2019105508,Đỗ Thị Tâm,sv005508@uni.edu.vn
2020105509,Hồ Thị Tâm,sv005509@uni.edu.vn
2021105510,Nguyễn Văn Tâm,sv005510@uni.edu.vn
2022105511,Trần Văn Tâm,sv005511@uni.edu.vn
2023105512,Lê Văn Tâm,sv005512@uni.edu.vn
2024105513,Phạm Văn Tâm,sv005513@uni.edu.vn
2019105514,Hoàng Văn Tâm,sv005514@uni.edu.vn
2020105515,Vũ Văn Tâm,sv005515@uni.edu.vn
2021105516,Đặng Văn Tâm,sv005516@uni.edu.vn
2022105517,Bùi Văn Tâm,sv005517@uni.edu.vn
2023105518,Đỗ Văn Tâm,sv005518@uni.edu.vn
2024105519,Hồ Văn Tâm,sv005519@uni.edu.vn
2019105520,Nguyễn Minh Tâm,sv005520@uni.edu.vn
2020105521,Trần Minh Tâm,sv005521@uni.edu.vn
2021105522,Lê Minh Tâm,sv005522@uni.edu.vn
2022105523,Phạm Minh Tâm,sv005523@uni.edu.vn
2023105524,Hoàng Minh Tâm,sv005524@uni.edu.vn
2024105525,Vũ Minh Tâm,sv005525@uni.edu.vn
2019105526,Đặng Minh Tâm,sv005526@uni.edu.vn
2020105527,Bùi Minh Tâm,sv005527@uni.edu.vn
2021105528,Đỗ Minh Tâm,sv005528@uni.edu.vn
2022105529,Hồ Minh Tâm,sv005529@uni.edu.vn
2023105530,Nguyễn Quốc Tâm,sv005530@uni.edu.vn
2024105531,Trần Quốc Tâm,sv005531@uni.edu.vn
2019105532,Lê Quốc Tâm,sv005532@uni.edu.vn
2020105533,Phạm Quốc Tâm,sv005533@uni.edu.vn
2021105534,Hoàng Quốc Tâm,sv005534@uni.edu.vn
2022105535,Vũ Quốc Tâm,sv005535@uni.edu.vn
2023105536,Đặng Quốc Tâm,sv005536@uni.edu.vn
2024105537,Bùi Quốc Tâm,sv005537@uni.edu.vn
2019105538,Đỗ Quốc Tâm,sv005538@uni.edu.vn
2020105539,Hồ Quốc Tâm,sv005539@uni.edu.vn
2021105540,Nguyễn Anh Tâm,sv005540@uni.edu.vn
2022105541,Trần Anh Tâm,sv005541@uni.edu.vn
2023105542,Lê Anh Tâm,sv005542@uni.edu.vn
2024105543,Phạm Anh Tâm,sv005543@uni.edu.vn
2019105544,Hoàng Anh Tâm,sv005544@uni.edu.vn
2020105545,Vũ Anh Tâm,sv005545@uni.edu.vn
2021105546,Đặng Anh Tâm,sv005546@uni.edu.vn
2022105547,Bùi Anh Tâm,sv005547@uni.edu.vn
2023105548,Đỗ Anh Tâm,sv005548@uni.edu.vn
2024105549,Hồ Anh Tâm,sv005549@uni.edu.vn
2019105550,Nguyễn Tuấn Tâm,sv005550@uni.edu.vn
2020105551,Trần Tuấn Tâm,sv005551@uni.edu.vn
2021105552,Lê Tuấn Tâm,sv005552@uni.edu.vn
2022105553,Phạm Tuấn Tâm,sv005553@uni.edu.vn
2023105554,Hoàng Tuấn Tâm,sv005554@uni.edu.vn
2024105555,Vũ Tuấn Tâm,sv005555@uni.edu.vn
2019105556,Đặng Tuấn Tâm,sv005556@uni.edu.vn
2020105557,Bùi Tuấn Tâm,sv005557@uni.edu.vn
2021105558,Đỗ Tuấn Tâm,sv005558@uni.edu.vn
2022105559,Hồ Tuấn Tâm,sv005559@uni.edu.vn
2023105560,Nguyễn Hữu Tâm,sv005560@uni.edu.vn
2024105561,Trần Hữu Tâm,sv005561@uni.edu.vn
2019105562,Lê Hữu Tâm,sv005562@uni.edu.vn
2020105563,Phạm Hữu Tâm,sv005563@uni.edu.vn
2021105564,Hoàng Hữu Tâm,sv005564@uni.edu.vn
2022105565,Vũ Hữu Tâm,sv005565@uni.edu.vn
2023105566,Đặng Hữu Tâm,sv005566@uni.edu.vn
2024105567,Bùi Hữu Tâm,sv005567@uni.edu.vn
2019105568,Đỗ Hữu Tâm,sv005568@uni.edu.vn
2020105569,Hồ Hữu Tâm,sv005569@uni.edu.vn
2021105570,Nguyễn Thành Tâm,sv005570@uni.edu.vn
2022105571,Trần Thành Tâm,sv005571@uni.edu.vn
2023105572,Lê Thành Tâm,sv005572@uni.edu.vn
2024105573,Phạm Thành Tâm,sv005573@uni.edu.vn
2019105574,Hoàng Thành Tâm,sv005574@uni.edu.vn
2020105575,Vũ Thành Tâm,sv005575@uni.edu.vn
2021105576,Đặng Thành Tâm,sv005576@uni.edu.vn
2022105577,Bùi Thành Tâm,sv005577@uni.edu.vn
2023105578,Đỗ Thành Tâm,sv005578@uni.edu.vn
2024105579,Hồ Thành Tâm,sv005579@uni.edu.vn
2019105580,Nguyễn Ngọc Tâm,sv005580@uni.edu.vn
2020105581,Trần Ngọc Tâm,sv005581@uni.edu.vn
2021105582,Lê Ngọc Tâm,sv005582@uni.edu.vn
2022105583,Phạm Ngọc Tâm,sv005583@uni.edu.vn
2023105584,Hoàng Ngọc Tâm,sv005584@uni.edu.vn
2024105585,Vũ Ngọc Tâm,sv005585@uni.edu.vn
2019105586,Đặng Ngọc Tâm,sv005586@uni.edu.vn
2020105587,Bùi Ngọc Tâm,sv005587@uni.edu.vn
2021105588,Đỗ Ngọc Tâm,sv005588@uni.edu.vn
2022105589,Hồ Ngọc Tâm,sv005589@uni.edu.vn
2023105590,Nguyễn Tâm,sv005590@uni.edu.vn
2024105591,Trần Tâm,sv005591@uni.edu.vn
2019105592,Lê Tâm,sv005592@uni.edu.vn
2020105593,Phạm Tâm,sv005593@uni.edu.vn
2021105594,Hoàng Tâm,sv005594@uni.edu.vn
2022105595,Vũ Tâm,sv005595@uni.edu.vn
2023105596,Đặng Tâm,sv005596@uni.edu.vn
2024105597,Bùi Tâm,sv005597@uni.edu.vn
2019105598,Đỗ Tâm,sv005598@uni.edu.vn
2020105599,Hồ Tâm,sv005599@uni.edu.vn
2021105600,Nguyễn Thị Thảo,sv005600@uni.edu.vn
2022105601,Trần Thị Thảo,sv005601@uni.edu.vn
2023105602,Lê Thị Thảo,sv005602@uni.edu.vn
2024105603,Phạm Thị Thảo,sv005603@uni.edu.vn
2019105604,Hoàng Thị Thảo,sv005604@uni.edu.vn
2020105605,Vũ Thị Thảo,sv005605@uni.edu.vn
2021105606,Đặng Thị Thảo,sv005606@uni.edu.vn
2022105607,Bùi Thị Thảo,sv005607@uni.edu.vn
2023105608,Đỗ Thị Thảo,sv005608@uni.edu.vn
2024105609,Hồ Thị Thảo,sv005609@uni.edu.vn
2019105610,Nguyễn Văn Thảo,sv005610@uni.edu.vn
2020105611,Trần Văn Thảo,sv005611@uni.edu.vn
2021105612,Lê Văn Thảo,sv005612@uni.edu.vn
2022105613,Phạm Văn Thảo,sv005613@uni.edu.vn
2023105614,Hoàng Văn Thảo,sv005614@uni.edu.vn
2024105615,Vũ Văn Thảo,sv005615@uni.edu.vn
2019105616,Đặng Văn Thảo,sv005616@uni.edu.vn
2020105617,Bùi Văn Thảo,sv005617@uni.edu.vn
2021105618,Đỗ Văn Thảo,sv005618@uni.edu.vn
2022105619,Hồ Văn Thảo,sv005619@uni.edu.vn
2023105620,Nguyễn Minh Thảo,sv005620@uni.edu.vn
2024105621,Trần Minh Thảo,sv005621@uni.edu.vn
2019105622,Lê Minh Thảo,sv005622@uni.edu.vn
2020105623,Phạm Minh Thảo,sv005623@uni.edu.vn
2021105624,Hoàng Minh Thảo,sv005624@uni.edu.vn
2022105625,Vũ Minh Thảo,sv005625@uni.edu.vn
2023105626,Đặng Minh Thảo,sv005626@uni.edu.vn
2024105627,Bùi Minh Thảo,sv005627@uni.edu.vn
2019105628,Đỗ Minh Thảo,sv005628@uni.edu.vn
2020105629,Hồ Minh Thảo,sv005629@uni.edu.vn
2021105630,Nguyễn Quốc Thảo,sv005630@uni.edu.vn
2022105631,Trần Quốc Thảo,sv005631@uni.edu.vn
2023105632,Lê Quốc Thảo,sv005632@uni.edu.vn
2024105633,Phạm Quốc Thảo,sv005633@uni.edu.vn
2019105634,Hoàng Quốc Thảo,sv005634@uni.edu.vn
2020105635,Vũ Quốc Thảo,sv005635@uni.edu.vn
2021105636,Đặng Quốc Thảo,sv005636@uni.edu.vn
2022105637,Bùi Quốc Thảo,sv005637@uni.edu.vn
2023105638,Đỗ Quốc Thảo,sv005638@uni.edu.vn
2024105639,Hồ Quốc Thảo,sv005639@uni.edu.vn
2019105640,Nguyễn Anh Thảo,sv005640@uni.edu.vn
2020105641,Trần Anh Thảo,sv005641@uni.edu.vn
2021105642,Lê Anh Thảo,sv005642@uni.edu.vn
2022105643,Phạm Anh Thảo,sv005643@uni.edu.vn
2023105644,Hoàng Anh Thảo,sv005644@uni.edu.vn
2024105645,Vũ Anh Thảo,sv005645@uni.edu.vn
2019105646,Đặng Anh Thảo,sv005646@uni.edu.vn
2020105647,Bùi Anh Thảo,sv005647@uni.edu.vn
2021105648,Đỗ Anh Thảo,sv005648@uni.edu.vn
2022105649,Hồ Anh Thảo,sv005649@uni.edu.vn
2023105650,Nguyễn Tuấn Thảo,sv005650@uni.edu.vn
2024105651,Trần Tuấn Thảo,sv005651@uni.edu.vn
2019105652,Lê Tuấn Thảo,sv005652@uni.edu.vn
2020105653,Phạm Tuấn Thảo,sv005653@uni.edu.vn
2021105654,Hoàng Tuấn Thảo,sv005654@uni.edu.vn
2022105655,Vũ Tuấn Thảo,sv005655@uni.edu.vn
2023105656,Đặng Tuấn Thảo,sv005656@uni.edu.vn
2024105657,Bùi Tuấn Thảo,sv005657@uni.edu.vn
2019105658,Đỗ Tuấn Thảo,sv005658@uni.edu.vn
2020105659,Hồ Tuấn Thảo,sv005659@uni.edu.vn
2021105660,Nguyễn Hữu Thảo,sv005660@uni.edu.vn
2022105661,Trần Hữu Thảo,sv005661@uni.edu.vn
2023105662,Lê Hữu Thảo,sv005662@uni.edu.vn
2024105663,Phạm Hữu Thảo,sv005663@uni.edu.vn
2019105664,Hoàng Hữu Thảo,sv005664@uni.edu.vn
2020105665,Vũ Hữu Thảo,sv005665@uni.edu.vn
2021105666,Đặng Hữu Thảo,sv005666@uni.edu.vn
2022105667,Bùi Hữu Thảo,sv005667@uni.edu.vn
2023105668,Đỗ Hữu Thảo,sv005668@uni.edu.vn
2024105669,Hồ Hữu Thảo,sv005669@uni.edu.vn
2019105670,Nguyễn Thành Thảo,sv005670@uni.edu.vn
2020105671,Trần Thành Thảo,sv005671@uni.edu.vn
2021105672,Lê Thành Thảo,sv005672@uni.edu.vn
2022105673,Phạm Thành Thảo,sv005673@uni.edu.vn
2023105674,Hoàng Thành Thảo,sv005674@uni.edu.vn
2024105675,Vũ Thành Thảo,sv005675@uni.edu.vn
2019105676,Đặng Thành Thảo,sv005676@uni.edu.vn
2020105677,Bùi Thành Thảo,sv005677@uni.edu.vn
2021105678,Đỗ Thành Thảo,sv005678@uni.edu.vn
2022105679,Hồ Thành Thảo,sv005679@uni.edu.vn
2023105680,Nguyễn Ngọc Thảo,sv005680@uni.edu.vn
2024105681,Trần Ngọc Thảo,sv005681@uni.edu.vn
2019105682,Lê Ngọc Thảo,sv005682@uni.edu.vn
2020105683,Phạm Ngọc Thảo,sv005683@uni.edu.vn
2021105684,Hoàng Ngọc Thảo,sv005684@uni.edu.vn
2022105685,Vũ Ngọc Thảo,sv005685@uni.edu.vn
2023105686,Đặng Ngọc Thảo,sv005686@uni.edu.vn
2024105687,Bùi Ngọc Thảo,sv005687@uni.edu.vn
2019105688,Đỗ Ngọc Thảo,sv005688@uni.edu.vn
2020105689,Hồ Ngọc Thảo,sv005689@uni.edu.vn
2021105690,Nguyễn Thảo,sv005690@uni.edu.vn
2022105691,Trần Thảo,sv005691@uni.edu.vn
2023105692,Lê Thảo,sv005692@uni.edu.vn
2024105693,Phạm Thảo,sv005693@uni.edu.vn
2019105694,Hoàng Thảo,sv005694@uni.edu.vn
2020105695,Vũ Thảo,sv005695@uni.edu.vn
2021105696,Đặng Thảo,sv005696@uni.edu.vn
2022105697,Bùi Thảo,sv005697@uni.edu.vn
2023105698,Đỗ Thảo,sv005698@uni.edu.vn
2024105699,Hồ Thảo,sv005699@uni.edu.vn
2019105700,Nguyễn Thị Uyên,sv005700@uni.edu.vn
2020105701,Trần Thị Uyên,sv005701@uni.edu.vn
2021105702,Lê Thị Uyên,sv005702@uni.edu.vn
2022105703,Phạm Thị Uyên,sv005703@uni.edu.vn
2023105704,Hoàng Thị Uyên,sv005704@uni.edu.vn
2024105705,Vũ Thị Uyên,sv005705@uni.edu.vn
2019105706,Đặng Thị Uyên,sv005706@uni.edu.vn
2020105707,Bùi Thị Uyên,sv005707@uni.edu.vn
2021105708,Đỗ Thị Uyên,sv005708@uni.edu.vn
2022105709,Hồ Thị Uyên,sv005709@uni.edu.vn
2023105710,Nguyễn Văn Uyên,sv005710@uni.edu.vn
2024105711,Trần Văn Uyên,sv005711@uni.edu.vn
2019105712,Lê Văn Uyên,sv005712@uni.edu.vn
2020105713,Phạm Văn Uyên,sv005713@uni.edu.vn
2021105714,Hoàng Văn Uyên,sv005714@uni.edu.vn
2022105715,Vũ Văn Uyên,sv005715@uni.edu.vn
2023105716,Đặng Văn Uyên,sv005716@uni.edu.vn
2024105717,Bùi Văn Uyên,sv005717@uni.edu.vn
2019105718,Đỗ Văn Uyên,sv005718@uni.edu.vn
2020105719,Hồ Văn Uyên,sv005719@uni.edu.vn
2021105720,Nguyễn Minh Uyên,sv005720@uni.edu.vn
2022105721,Trần Minh Uyên,sv005721@uni.edu.vn
2023105722,Lê Minh Uyên,sv005722@uni.edu.vn
2024105723,Phạm Minh Uyên,sv005723@uni.edu.vn
2019105724,Hoàng Minh Uyên,sv005724@uni.edu.vn
2020105725,Vũ Minh Uyên,sv005725@uni.edu.vn
2021105726,Đặng Minh Uyên,sv005726@uni.edu.vn
2022105727,Bùi Minh Uyên,sv005727@uni.edu.vn
2023105728,Đỗ Minh Uyên,sv005728@uni.edu.vn
2024105729,Hồ Minh Uyên,sv005729@uni.edu.vn
2019105730,Nguyễn Quốc Uyên,sv005730@uni.edu.vn
2020105731,Trần Quốc Uyên,sv005731@uni.edu.vn
2021105732,Lê Quốc Uyên,sv005732@uni.edu.vn
2022105733,Phạm Quốc Uyên,sv005733@uni.edu.vn
2023105734,Hoàng Quốc Uyên,sv005734@uni.edu.vn
2024105735,Vũ Quốc Uyên,sv005735@uni.edu.vn
2019105736,Đặng Quốc Uyên,sv005736@uni.edu.vn
2020105737,Bùi Quốc Uyên,sv005737@uni.edu.vn
2021105738,Đỗ Quốc Uyên,sv005738@uni.edu.vn
2022105739,Hồ Quốc Uyên,sv005739@uni.edu.vn
2023105740,Nguyễn Anh Uyên,sv005740@uni.edu.vn
2024105741,Trần Anh Uyên,sv005741@uni.edu.vn
2019105742,Lê Anh Uyên,sv005742@uni.edu.vn
2020105743,Phạm Anh Uyên,sv005743@uni.edu.vn
2021105744,Hoàng Anh Uyên,sv005744@uni.edu.vn
2022105745,Vũ Anh Uyên,sv005745@uni.edu.vn
2023105746,Đặng Anh Uyên,sv005746@uni.edu.vn
2024105747,Bùi Anh Uyên,sv005747@uni.edu.vn
2019105748,Đỗ Anh Uyên,sv005748@uni.edu.vn
2020105749,Hồ Anh Uyên,sv005749@uni.edu.vn
2021105750,Nguyễn Tuấn Uyên,sv005750@uni.edu.vn
2022105751,Trần Tuấn Uyên,sv005751@uni.edu.vn
2023105752,Lê Tuấn Uyên,sv005752@uni.edu.vn
2024105753,Phạm Tuấn Uyên,sv005753@uni.edu.vn
2019105754,Hoàng Tuấn Uyên,sv005754@uni.edu.vn
2020105755,Vũ Tuấn Uyên,sv005755@uni.edu.vn
2021105756,Đặng Tuấn Uyên,sv005756@uni.edu.vn
2022105757,Bùi Tuấn Uyên,sv005757@uni.edu.vn
2023105758,Đỗ Tuấn Uyên,sv005758@uni.edu.vn
2024105759,Hồ Tuấn Uyên,sv005759@uni.edu.vn
2019105760,Nguyễn Hữu Uyên,sv005760@uni.edu.vn
2020105761,Trần Hữu Uyên,sv005761@uni.edu.vn
2021105762,Lê Hữu Uyên,sv005762@uni.edu.vn
2022105763,Phạm Hữu Uyên,sv005763@uni.edu.vn
2023105764,Hoàng Hữu Uyên,sv005764@uni.edu.vn
2024105765,Vũ Hữu Uyên,sv005765@uni.edu.vn
2019105766,Đặng Hữu Uyên,sv005766@uni.edu.vn
2020105767,Bùi Hữu Uyên,sv005767@uni.edu.vn
2021105768,Đỗ Hữu Uyên,sv005768@uni.edu.vn
2022105769,Hồ Hữu Uyên,sv005769@uni.edu.vn
2023105770,Nguyễn Thành Uyên,sv005770@uni.edu.vn
2024105771,Trần Thành Uyên,sv005771@uni.edu.vn
2019105772,Lê Thành Uyên,sv005772@uni.edu.vn
2020105773,Phạm Thành Uyên,sv005773@uni.edu.vn
2021105774,Hoàng Thành Uyên,sv005774@uni.edu.vn
2022105775,Vũ Thành Uyên,sv005775@uni.edu.vn
2023105776,Đặng Thành Uyên,sv005776@uni.edu.vn
2024105777,Bùi Thành Uyên,sv005777@uni.edu.vn
2019105778,Đỗ Thành Uyên,sv005778@uni.edu.vn
2020105779,Hồ Thành Uyên,sv005779@uni.edu.vn
2021105780,Nguyễn Ngọc Uyên,sv005780@uni.edu.vn
2022105781,Trần Ngọc Uyên,sv005781@uni.edu.vn
2023105782,Lê Ngọc Uyên,sv005782@uni.edu.vn
2024105783,Phạm Ngọc Uyên,sv005783@uni.edu.vn
2019105784,Hoàng Ngọc Uyên,sv005784@uni.edu.vn
2020105785,Vũ Ngọc Uyên,sv005785@uni.edu.vn
2021105786,Đặng Ngọc Uyên,sv005786@uni.edu.vn
2022105787,Bùi Ngọc Uyên,sv005787@uni.edu.vn
2023105788,Đỗ Ngọc Uyên,sv005788@uni.edu.vn
2024105789,Hồ Ngọc Uyên,sv005789@uni.edu.vn
2019105790,Nguyễn Uyên,sv005790@uni.edu.vn
2020105791,Trần Uyên,sv005791@uni.edu.vn
2021105792,Lê Uyên,sv005792@uni.edu.vn
2022105793,Phạm Uyên,sv005793@uni.edu.vn
2023105794,Hoàng Uyên,sv005794@uni.edu.vn
2024105795,Vũ Uyên,sv005795@uni.edu.vn
2019105796,Đặng Uyên,sv005796@uni.edu.vn
2020105797,Bùi Uyên,sv005797@uni.edu.vn
2021105798,Đỗ Uyên,sv005798@uni.edu.vn
2022105799,Hồ Uyên,sv005799@uni.edu.vn
2023105800,Nguyễn Thị Việt,sv005800@uni.edu.vn
2024105801,Trần Thị Việt,sv005801@uni.edu.vn
2019105802,Lê Thị Việt,sv005802@uni.edu.vn
2020105803,Phạm Thị Việt,sv005803@uni.edu.vn
2021105804,Hoàng Thị Việt,sv005804@uni.edu.vn
2022105805,Vũ Thị Việt,sv005805@uni.edu.vn
2023105806,Đặng Thị Việt,sv005806@uni.edu.vn
2024105807,Bùi Thị Việt,sv005807@uni.edu.vn
2019105808,Đỗ Thị Việt,sv005808@uni.edu.vn
2020105809,Hồ Thị Việt,sv005809@uni.edu.vn
2021105810,Nguyễn Văn Việt,sv005810@uni.edu.vn
2022105811,Trần Văn Việt,sv005811@uni.edu.vn
2023105812,Lê Văn Việt,sv005812@uni.edu.vn
2024105813,Phạm Văn Việt,sv005813@uni.edu.vn
2019105814,Hoàng Văn Việt,sv005814@uni.edu.vn
2020105815,Vũ Văn Việt,sv005815@uni.edu.vn
2021105816,Đặng Văn Việt,sv005816@uni.edu.vn
2022105817,Bùi Văn Việt,sv005817@uni.edu.vn
2023105818,Đỗ Văn Việt,sv005818@uni.edu.vn
2024105819,Hồ Văn Việt,sv005819@uni.edu.vn
2019105820,Nguyễn Minh Việt,sv005820@uni.edu.vn
2020105821,Trần Minh Việt,sv005821@uni.edu.vn
2021105822,Lê Minh Việt,sv005822@uni.edu.vn
2022105823,Phạm Minh Việt,sv005823@uni.edu.vn
2023105824,Hoàng Minh Việt,sv005824@uni.edu.vn
2024105825,Vũ Minh Việt,sv005825@uni.edu.vn
2019105826,Đặng Minh Việt,sv005826@uni.edu.vn
2020105827,Bùi Minh Việt,sv005827@uni.edu.vn
2021105828,Đỗ Minh Việt,sv005828@uni.edu.vn
2022105829,Hồ Minh Việt,sv005829@uni.edu.vn
2023105830,Nguyễn Quốc Việt,sv005830@uni.edu.vn
2024105831,Trần Quốc Việt,sv005831@uni.edu.vn
2019105832,Lê Quốc Việt,sv005832@uni.edu.vn
2020105833,Phạm Quốc Việt,sv005833@uni.edu.vn
2021105834,Hoàng Quốc Việt,sv005834@uni.edu.vn
2022105835,Vũ Quốc Việt,sv005835@uni.edu.vn
2023105836,Đặng Quốc Việt,sv005836@uni.edu.vn
2024105837,Bùi Quốc Việt,sv005837@uni.edu.vn
2019105838,Đỗ Quốc Việt,sv005838@uni.edu.vn
2020105839,Hồ Quốc Việt,sv005839@uni.edu.vn
2021105840,Nguyễn Anh Việt,sv005840@uni.edu.vn
2022105841,Trần Anh Việt,sv005841@uni.edu.vn
2023105842,Lê Anh Việt,sv005842@uni.edu.vn
2024105843,Phạm Anh Việt,sv005843@uni.edu.vn
2019105844,Hoàng Anh Việt,sv005844@uni.edu.vn
2020105845,Vũ Anh Việt,sv005845@uni.edu.vn
2021105846,Đặng Anh Việt,sv005846@uni.edu.vn
2022105847,Bùi Anh Việt,sv005847@uni.edu.vn
2023105848,Đỗ Anh Việt,sv005848@uni.edu.vn
2024105849,Hồ Anh Việt,sv005849@uni.edu.vn
2019105850,Nguyễn Tuấn Việt,sv005850@uni.edu.vn
2020105851,Trần Tuấn Việt,sv005851@uni.edu.vn
2021105852,Lê Tuấn Việt,sv005852@uni.edu.vn
2022105853,Phạm Tuấn Việt,sv005853@uni.edu.vn
2023105854,Hoàng Tuấn Việt,sv005854@uni.edu.vn
2024105855,Vũ Tuấn Việt,sv005855@uni.edu.vn
2019105856,Đặng Tuấn Việt,sv005856@uni.edu.vn
2020105857,Bùi Tuấn Việt,sv005857@uni.edu.vn
2021105858,Đỗ Tuấn Việt,sv005858@uni.edu.vn
2022105859,Hồ Tuấn Việt,sv005859@uni.edu.vn
2023105860,Nguyễn Hữu Việt,sv005860@uni.edu.vn
2024105861,Trần Hữu Việt,sv005861@uni.edu.vn
2019105862,Lê Hữu Việt,sv005862@uni.edu.vn
2020105863,Phạm Hữu Việt,sv005863@uni.edu.vn
2021105864,Hoàng Hữu Việt,sv005864@uni.edu.vn
2022105865,Vũ Hữu Việt,sv005865@uni.edu.vn
2023105866,Đặng Hữu Việt,sv005866@uni.edu.vn
2024105867,Bùi Hữu Việt,sv005867@uni.edu.vn
2019105868,Đỗ Hữu Việt,sv005868@uni.edu.vn
2020105869,Hồ Hữu Việt,sv005869@uni.edu.vn
2021105870,Nguyễn Thành Việt,sv005870@uni.edu.vn
2022105871,Trần Thành Việt,sv005871@uni.edu.vn
2023105872,Lê Thành Việt,sv005872@uni.edu.vn
2024105873,Phạm Thành Việt,sv005873@uni.edu.vn
2019105874,Hoàng Thành Việt,sv005874@uni.edu.vn
2020105875,Vũ Thành Việt,sv005875@uni.edu.vn
2021105876,Đặng Thành Việt,sv005876@uni.edu.vn
2022105877,Bùi Thành Việt,sv005877@uni.edu.vn
2023105878,Đỗ Thành Việt,sv005878@uni.edu.vn
2024105879,Hồ Thành Việt,sv005879@uni.edu.vn
2019105880,Nguyễn Ngọc Việt,sv005880@uni.edu.vn
2020105881,Trần Ngọc Việt,sv005881@uni.edu.vn
2021105882,Lê Ngọc Việt,sv005882@uni.edu.vn
2022105883,Phạm Ngọc Việt,sv005883@uni.edu.vn
2023105884,Hoàng Ngọc Việt,sv005884@uni.edu.vn
2024105885,Vũ Ngọc Việt,sv005885@uni.edu.vn
2019105886,Đặng Ngọc Việt,sv005886@uni.edu.vn
2020105887,Bùi Ngọc Việt,sv005887@uni.edu.vn
2021105888,Đỗ Ngọc Việt,sv005888@uni.edu.vn
2022105889,Hồ Ngọc Việt,sv005889@uni.edu.vn
2023105890,Nguyễn Việt,sv005890@uni.edu.vn
2024105891,Trần Việt,sv005891@uni.edu.vn
2019105892,Lê Việt,sv005892@uni.edu.vn
2020105893,Phạm Việt,sv005893@uni.edu.vn
2021105894,Hoàng Việt,sv005894@uni.edu.vn
2022105895,Vũ Việt,sv005895@uni.edu.vn
2023105896,Đặng Việt,sv005896@uni.edu.vn
2024105897,Bùi Việt,sv005897@uni.edu.vn
2019105898,Đỗ Việt,sv005898@uni.edu.vn
2020105899,Hồ Việt,sv005899@uni.edu.vn
2021105900,Nguyễn Thị Yến,sv005900@uni.edu.vn
2022105901,Trần Thị Yến,sv005901@uni.edu.vn
2023105902,Lê Thị Yến,sv005902@uni.edu.vn
2024105903,Phạm Thị Yến,sv005903@uni.edu.vn
2019105904,Hoàng Thị Yến,sv005904@uni.edu.vn
2020105905,Vũ Thị Yến,sv005905@uni.edu.vn
2021105906,Đặng Thị Yến,sv005906@uni.edu.vn
2022105907,Bùi Thị Yến,sv005907@uni.edu.vn
2023105908,Đỗ Thị Yến,sv005908@uni.edu.vn
2024105909,Hồ Thị Yến,sv005909@uni.edu.vn
2019105910,Nguyễn Văn Yến,sv005910@uni.edu.vn
2020105911,Trần Văn Yến,sv005911@uni.edu.vn
2021105912,Lê Văn Yến,sv005912@uni.edu.vn
2022105913,Phạm Văn Yến,sv005913@uni.edu.vn
2023105914,Hoàng Văn Yến,sv005914@uni.edu.vn
2024105915,Vũ Văn Yến,sv005915@uni.edu.vn
2019105916,Đặng Văn Yến,sv005916@uni.edu.vn
2020105917,Bùi Văn Yến,sv005917@uni.edu.vn
2021105918,Đỗ Văn Yến,sv005918@uni.edu.vn
2022105919,Hồ Văn Yến,sv005919@uni.edu.vn
2023105920,Nguyễn Minh Yến,sv005920@uni.edu.vn
2024105921,Trần Minh Yến,sv005921@uni.edu.vn
2019105922,Lê Minh Yến,sv005922@uni.edu.vn
2020105923,Phạm Minh Yến,sv005923@uni.edu.vn
2021105924,Hoàng Minh Yến,sv005924@uni.edu.vn
2022105925,Vũ Minh Yến,sv005925@uni.edu.vn
2023105926,Đặng Minh Yến,sv005926@uni.edu.vn
2024105927,Bùi Minh Yến,sv005927@uni.edu.vn
2019105928,Đỗ Minh Yến,sv005928@uni.edu.vn
2020105929,Hồ Minh Yến,sv005929@uni.edu.vn
2021105930,Nguyễn Quốc Yến,sv005930@uni.edu.vn
2022105931,Trần Quốc Yến,sv005931@uni.edu.vn
2023105932,Lê Quốc Yến,sv005932@uni.edu.vn
2024105933,Phạm Quốc Yến,sv005933@uni.edu.vn
2019105934,Hoàng Quốc Yến,sv005934@uni.edu.vn
2020105935,Vũ Quốc Yến,sv005935@uni.edu.vn
2021105936,Đặng Quốc Yến,sv005936@uni.edu.vn
2022105937,Bùi Quốc Yến,sv005937@uni.edu.vn
2023105938,Đỗ Quốc Yến,sv005938@uni.edu.vn
2024105939,Hồ Quốc Yến,sv005939@uni.edu.vn
2019105940,Nguyễn Anh Yến,sv005940@uni.edu.vn
2020105941,Trần Anh Yến,sv005941@uni.edu.vn
2021105942,Lê Anh Yến,sv005942@uni.edu.vn
2022105943,Phạm Anh Yến,sv005943@uni.edu.vn
2023105944,Hoàng Anh Yến,sv005944@uni.edu.vn
2024105945,Vũ Anh Yến,sv005945@uni.edu.vn
2019105946,Đặng Anh Yến,sv005946@uni.edu.vn
2020105947,Bùi Anh Yến,sv005947@uni.edu.vn
2021105948,Đỗ Anh Yến,sv005948@uni.edu.vn
2022105949,Hồ Anh Yến,sv005949@uni.edu.vn
2023105950,Nguyễn Tuấn Yến,sv005950@uni.edu.vn
2024105951,Trần Tuấn Yến,sv005951@uni.edu.vn
2019105952,Lê Tuấn Yến,sv005952@uni.edu.vn
2020105953,Phạm Tuấn Yến,sv005953@uni.edu.vn
2021105954,Hoàng Tuấn Yến,sv005954@uni.edu.vn
2022105955,Vũ Tuấn Yến,sv005955@uni.edu.vn
2023105956,Đặng Tuấn Yến,sv005956@uni.edu.vn
2024105957,Bùi Tuấn Yến,sv005957@uni.edu.vn
2019105958,Đỗ Tuấn Yến,sv005958@uni.edu.vn
2020105959,Hồ Tuấn Yến,sv005959@uni.edu.vn
2021105960,Nguyễn Hữu Yến,sv005960@uni.edu.vn
2022105961,Trần Hữu Yến,sv005961@uni.edu.vn
2023105962,Lê Hữu Yến,sv005962@uni.edu.vn
2024105963,Phạm Hữu Yến,sv005963@uni.edu.vn
2019105964,Hoàng Hữu Yến,sv005964@uni.edu.vn
2020105965,Vũ Hữu Yến,sv005965@uni.edu.vn
2021105966,Đặng Hữu Yến,sv005966@uni.edu.vn
2022105967,Bùi Hữu Yến,sv005967@uni.edu.vn
2023105968,Đỗ Hữu Yến,sv005968@uni.edu.vn
2024105969,Hồ Hữu Yến,sv005969@uni.edu.vn
2019105970,Nguyễn Thành Yến,sv005970@uni.edu.vn
2020105971,Trần Thành Yến,sv005971@uni.edu.vn
2021105972,Lê Thành Yến,sv005972@uni.edu.vn
2022105973,Phạm Thành Yến,sv005973@uni.edu.vn
2023105974,Hoàng Thành Yến,sv005974@uni.edu.vn
2024105975,Vũ Thành Yến,sv005975@uni.edu.vn
2019105976,Đặng Thành Yến,sv005976@uni.edu.vn
2020105977,Bùi Thành Yến,sv005977@uni.edu.vn
2021105978,Đỗ Thành Yến,sv005978@uni.edu.vn
2022105979,Hồ Thành Yến,sv005979@uni.edu.vn
2023105980,Nguyễn Ngọc Yến,sv005980@uni.edu.vn
2024105981,Trần Ngọc Yến,sv005981@uni.edu.vn
2019105982,Lê Ngọc Yến,sv005982@uni.edu.vn
2020105983,Phạm Ngọc Yến,sv005983@uni.edu.vn
2021105984,Hoàng Ngọc Yến,sv005984@uni.edu.vn
2022105985,Vũ Ngọc Yến,sv005985@uni.edu.vn
2023105986,Đặng Ngọc Yến,sv005986@uni.edu.vn
2024105987,Bùi Ngọc Yến,sv005987@uni.edu.vn
2019105988,Đỗ Ngọc Yến,sv005988@uni.edu.vn
2020105989,Hồ Ngọc Yến,sv005989@uni.edu.vn
2021105990,Nguyễn Yến,sv005990@uni.edu.vn
2022105991,Trần Yến,sv005991@uni.edu.vn
2023105992,Lê Yến,sv005992@uni.edu.vn
2024105993,Phạm Yến,sv005993@uni.edu.vn
2019105994,Hoàng Yến,sv005994@uni.edu.vn
2020105995,Vũ Yến,sv005995@uni.edu.vn
2021105996,Đặng Yến,sv005996@uni.edu.vn
2022105997,Bùi Yến,sv005997@uni.edu.vn
2023105998,Đỗ Yến,sv005998@uni.edu.vn
2024105999,Hồ Yến,sv005999@uni.edu.vn
2019106000,Nguyễn Thị An,sv006000@uni.edu.vn
2020106001,Trần Thị An,sv006001@uni.edu.vn
2021106002,Lê Thị An,sv006002@uni.edu.vn
2022106003,Phạm Thị An,sv006003@uni.edu.vn
2023106004,Hoàng Thị An,sv006004@uni.edu.vn
2024106005,Vũ Thị An,sv006005@uni.edu.vn
2019106006,Đặng Thị An,sv006006@uni.edu.vn
2020106007,Bùi Thị An,sv006007@uni.edu.vn
2021106008,Đỗ Thị An,sv006008@uni.edu.vn
2022106009,Hồ Thị An,sv006009@uni.edu.vn
2023106010,Nguyễn Văn An,sv006010@uni.edu.vn
2024106011,Trần Văn An,sv006011@uni.edu.vn
2019106012,Lê Văn An,sv006012@uni.edu.vn
2020106013,Phạm Văn An,sv006013@uni.edu.vn
2021106014,Hoàng Văn An,sv006014@uni.edu.vn
2022106015,Vũ Văn An,sv006015@uni.edu.vn
2023106016,Đặng Văn An,sv006016@uni.edu.vn
2024106017,Bùi Văn An,sv006017@uni.edu.vn
2019106018,Đỗ Văn An,sv006018@uni.edu.vn
2020106019,Hồ Văn An,sv006019@uni.edu.vn
2021106020,Nguyễn Minh An,sv006020@uni.edu.vn
2022106021,Trần Minh An,sv006021@uni.edu.vn
2023106022,Lê Minh An,sv006022@uni.edu.vn
2024106023,Phạm Minh An,sv006023@uni.edu.vn
2019106024,Hoàng Minh An,sv006024@uni.edu.vn
2020106025,Vũ Minh An,sv006025@uni.edu.vn
2021106026,Đặng Minh An,sv006026@uni.edu.vn
2022106027,Bùi Minh An,sv006027@uni.edu.vn
2023106028,Đỗ Minh An,sv006028@uni.edu.vn
2024106029,Hồ Minh An,sv006029@uni.edu.vn
2019106030,Nguyễn Quốc An,sv006030@uni.edu.vn
2020106031,Trần Quốc An,sv006031@uni.edu.vn
2021106032,Lê Quốc An,sv006032@uni.edu.vn
2022106033,Phạm Quốc An,sv006033@uni.edu.vn
2023106034,Hoàng Quốc An,sv006034@uni.edu.vn
2024106035,Vũ Quốc An,sv006035@uni.edu.vn
2019106036,Đặng Quốc An,sv006036@uni.edu.vn
2020106037,Bùi Quốc An,sv006037@uni.edu.vn
2021106038,Đỗ Quốc An,sv006038@uni.edu.vn
2022106039,Hồ Quốc An,sv006039@uni.edu.vn
2023106040,Nguyễn Anh An,sv006040@uni.edu.vn
2024106041,Trần Anh An,sv006041@uni.edu.vn
2019106042,Lê Anh An,sv006042@uni.edu.vn
2020106043,Phạm Anh An,sv006043@uni.edu.vn
2021106044,Hoàng Anh An,sv006044@uni.edu.vn
2022106045,Vũ Anh An,sv006045@uni.edu.vn
2023106046,Đặng Anh An,sv006046@uni.edu.vn
2024106047,Bùi Anh An,sv006047@uni.edu.vn
2019106048,Đỗ Anh An,sv006048@uni.edu.vn
2020106049,Hồ Anh An,sv006049@uni.edu.vn
2021106050,Nguyễn Tuấn An,sv006050@uni.edu.vn
2022106051,Trần Tuấn An,sv006051@uni.edu.vn
2023106052,Lê Tuấn An,sv006052@uni.edu.vn
2024106053,Phạm Tuấn An,sv006053@uni.edu.vn
2019106054,Hoàng Tuấn An,sv006054@uni.edu.vn
2020106055,Vũ Tuấn An,sv006055@uni.edu.vn
2021106056,Đặng Tuấn An,sv006056@uni.edu.vn
2022106057,Bùi Tuấn An,sv006057@uni.edu.vn
2023106058,Đỗ Tuấn An,sv006058@uni.edu.vn
2024106059,Hồ Tuấn An,sv006059@uni.edu.vn
2019106060,Nguyễn Hữu An,sv006060@uni.edu.vn
2020106061,Trần Hữu An,sv006061@uni.edu.vn
2021106062,Lê Hữu An,sv006062@uni.edu.vn
2022106063,Phạm Hữu An,sv006063@uni.edu.vn
2023106064,Hoàng Hữu An,sv006064@uni.edu.vn
2024106065,Vũ Hữu An,sv006065@uni.edu.vn
2019106066,Đặng Hữu An,sv006066@uni.edu.vn
2020106067,Bùi Hữu An,sv006067@uni.edu.vn
2021106068,Đỗ Hữu An,sv006068@uni.edu.vn
2022106069,Hồ Hữu An,sv006069@uni.edu.vn
2023106070,Nguyễn Thành An,sv006070@uni.edu.vn
2024106071,Trần Thành An,sv006071@uni.edu.vn
2019106072,Lê Thành An,sv006072@uni.edu.vn
2020106073,Phạm Thành An,sv006073@uni.edu.vn
2021106074,Hoàng Thành An,sv006074@uni.edu.vn
2022106075,Vũ Thành An,sv006075@uni.edu.vn
2023106076,Đặng Thành An,sv006076@uni.edu.vn
2024106077,Bùi Thành An,sv006077@uni.edu.vn
2019106078,Đỗ Thành An,sv006078@uni.edu.vn
2020106079,Hồ Thành An,sv006079@uni.edu.vn
2021106080,Nguyễn Ngọc An,sv006080@uni.edu.vn
2022106081,Trần Ngọc An,sv006081@uni.edu.vn
2023106082,Lê Ngọc An,sv006082@uni.edu.vn
2024106083,Phạm Ngọc An,sv006083@uni.edu.vn
2019106084,Hoàng Ngọc An,sv006084@uni.edu.vn
2020106085,Vũ Ngọc An,sv006085@uni.edu.vn
2021106086,Đặng Ngọc An,sv006086@uni.edu.vn
2022106087,Bùi Ngọc An,sv006087@uni.edu.vn
2023106088,Đỗ Ngọc An,sv006088@uni.edu.vn
2024106089,Hồ Ngọc An,sv006089@uni.edu.vn
2019106090,Nguyễn An,sv006090@uni.edu.vn
2020106091,Trần An,sv006091@uni.edu.vn
2021106092,Lê An,sv006092@uni.edu.vn
2022106093,Phạm An,sv006093@uni.edu.vn
2023106094,Hoàng An,sv006094@uni.edu.vn
2024106095,Vũ An,sv006095@uni.edu.vn
2019106096,Đặng An,sv006096@uni.edu.vn
2020106097,Bùi An,sv006097@uni.edu.vn
2021106098,Đỗ An,sv006098@uni.edu.vn
2022106099,Hồ An,sv006099@uni.edu.vn
2023106100,Nguyễn Thị Bình,sv006100@uni.edu.vn
2024106101,Trần Thị Bình,sv006101@uni.edu.vn
2019106102,Lê Thị Bình,sv006102@uni.edu.vn
2020106103,Phạm Thị Bình,sv006103@uni.edu.vn
2021106104,Hoàng Thị Bình,sv006104@uni.edu.vn
2022106105,Vũ Thị Bình,sv006105@uni.edu.vn
2023106106,Đặng Thị Bình,sv006106@uni.edu.vn
2024106107,Bùi Thị Bình,sv006107@uni.edu.vn
2019106108,Đỗ Thị Bình,sv006108@uni.edu.vn
2020106109,Hồ Thị Bình,sv006109@uni.edu.vn
2021106110,Nguyễn Văn Bình,sv006110@uni.edu.vn
2022106111,Trần Văn Bình,sv006111@uni.edu.vn
2023106112,Lê Văn Bình,sv006112@uni.edu.vn
2024106113,Phạm Văn Bình,sv006113@uni.edu.vn
2019106114,Hoàng Văn Bình,sv006114@uni.edu.vn
2020106115,Vũ Văn Bình,sv006115@uni.edu.vn
2021106116,Đặng Văn Bình,sv006116@uni.edu.vn
2022106117,Bùi Văn Bình,sv006117@uni.edu.vn
2023106118,Đỗ Văn Bình,sv006118@uni.edu.vn
2024106119,Hồ Văn Bình,sv006119@uni.edu.vn
2019106120,Nguyễn Minh Bình,sv006120@uni.edu.vn
2020106121,Trần Minh Bình,sv006121@uni.edu.vn
2021106122,Lê Minh Bình,sv006122@uni.edu.vn
2022106123,Phạm Minh Bình,sv006123@uni.edu.vn
2023106124,Hoàng Minh Bình,sv006124@uni.edu.vn
2024106125,Vũ Minh Bình,sv006125@uni.edu.vn
2019106126,Đặng Minh Bình,sv006126@uni.edu.vn
2020106127,Bùi Minh Bình,sv006127@uni.edu.vn
2021106128,Đỗ Minh Bình,sv006128@uni.edu.vn
2022106129,Hồ Minh Bình,sv006129@uni.edu.vn
2023106130,Nguyễn Quốc Bình,sv006130@uni.edu.vn
2024106131,Trần Quốc Bình,sv006131@uni.edu.vn
2019106132,Lê Quốc Bình,sv006132@uni.edu.vn
2020106133,Phạm Quốc Bình,sv006133@uni.edu.vn
2021106134,Hoàng Quốc Bình,sv006134@uni.edu.vn
2022106135,Vũ Quốc Bình,sv006135@uni.edu.vn
2023106136,Đặng Quốc Bình,sv006136@uni.edu.vn
2024106137,Bùi Quốc Bình,sv006137@uni.edu.vn
2019106138,Đỗ Quốc Bình,sv006138@uni.edu.vn
2020106139,Hồ Quốc Bình,sv006139@uni.edu.vn
2021106140,Nguyễn Anh Bình,sv006140@uni.edu.vn
2022106141,Trần Anh Bình,sv006141@uni.edu.vn
2023106142,Lê Anh Bình,sv006142@uni.edu.vn
2024106143,Phạm Anh Bình,sv006143@uni.edu.vn
2019106144,Hoàng Anh Bình,sv006144@uni.edu.vn
2020106145,Vũ Anh Bình,sv006145@uni.edu.vn
2021106146,Đặng Anh Bình,sv006146@uni.edu.vn
2022106147,Bùi Anh Bình,sv006147@uni.edu.vn
2023106148,Đỗ Anh Bình,sv006148@uni.edu.vn
2024106149,Hồ Anh Bình,sv006149@uni.edu.vn
2019106150,Nguyễn Tuấn Bình,sv006150@uni.edu.vn
2020106151,Trần Tuấn Bình,sv006151@uni.edu.vn
2021106152,Lê Tuấn Bình,sv006152@uni.edu.vn
2022106153,Phạm Tuấn Bình,sv006153@uni.edu.vn
2023106154,Hoàng Tuấn Bình,sv006154@uni.edu.vn
2024106155,Vũ Tuấn Bình,sv006155@uni.edu.vn
2019106156,Đặng Tuấn Bình,sv006156@uni.edu.vn
2020106157,Bùi Tuấn Bình,sv006157@uni.edu.vn
2021106158,Đỗ Tuấn Bình,sv006158@uni.edu.vn
2022106159,Hồ Tuấn Bình,sv006159@uni.edu.vn
2023106160,Nguyễn Hữu Bình,sv006160@uni.edu.vn
2024106161,Trần Hữu Bình,sv006161@uni.edu.vn
2019106162,Lê Hữu Bình,sv006162@uni.edu.vn
2020106163,Phạm Hữu Bình,sv006163@uni.edu.vn
2021106164,Hoàng Hữu Bình,sv006164@uni.edu.vn
2022106165,Vũ Hữu Bình,sv006165@uni.edu.vn
2023106166,Đặng Hữu Bình,sv006166@uni.edu.vn
2024106167,Bùi Hữu Bình,sv006167@uni.edu.vn
2019106168,Đỗ Hữu Bình,sv006168@uni.edu.vn
2020106169,Hồ Hữu Bình,sv006169@uni.edu.vn
2021106170,Nguyễn Thành Bình,sv006170@uni.edu.vn
2022106171,Trần Thành Bình,sv006171@uni.edu.vn
2023106172,Lê Thành Bình,sv006172@uni.edu.vn
2024106173,Phạm Thành Bình,sv006173@uni.edu.vn
2019106174,Hoàng Thành Bình,sv006174@uni.edu.vn
2020106175,Vũ Thành Bình,sv006175@uni.edu.vn
2021106176,Đặng Thành Bình,sv006176@uni.edu.vn
2022106177,Bùi Thành Bình,sv006177@uni.edu.vn
2023106178,Đỗ Thành Bình,sv006178@uni.edu.vn
2024106179,Hồ Thành Bình,sv006179@uni.edu.vn
2019106180,Nguyễn Ngọc Bình,sv006180@uni.edu.vn
2020106181,Trần Ngọc Bình,sv006181@uni.edu.vn
2021106182,Lê Ngọc Bình,sv006182@uni.edu.vn
2022106183,Phạm Ngọc Bình,sv006183@uni.edu.vn
2023106184,Hoàng Ngọc Bình,sv006184@uni.edu.vn
2024106185,Vũ Ngọc Bình,sv006185@uni.edu.vn
2019106186,Đặng Ngọc Bình,sv006186@uni.edu.vn
2020106187,Bùi Ngọc Bình,sv006187@uni.edu.vn
2021106188,Đỗ Ngọc Bình,sv006188@uni.edu.vn
2022106189,Hồ Ngọc Bình,sv006189@uni.edu.vn
2023106190,Nguyễn Bình,sv006190@uni.edu.vn
2024106191,Trần Bình,sv006191@uni.edu.vn
2019106192,Lê Bình,sv006192@uni.edu.vn
2020106193,Phạm Bình,sv006193@uni.edu.vn
2021106194,Hoàng Bình,sv006194@uni.edu.vn
2022106195,Vũ Bình,sv006195@uni.edu.vn
2023106196,Đặng Bình,sv006196@uni.edu.vn
2024106197,Bùi Bình,sv006197@uni.edu.vn
2019106198,Đỗ Bình,sv006198@uni.edu.vn
2020106199,Hồ Bình,sv006199@uni.edu.vn
2021106200,Nguyễn Thị Chi,sv006200@uni.edu.vn
2022106201,Trần Thị Chi,sv006201@uni.edu.vn
2023106202,Lê Thị Chi,sv006202@uni.edu.vn
2024106203,Phạm Thị Chi,sv006203@uni.edu.vn
2019106204,Hoàng Thị Chi,sv006204@uni.edu.vn
2020106205,Vũ Thị Chi,sv006205@uni.edu.vn
2021106206,Đặng Thị Chi,sv006206@uni.edu.vn
2022106207,Bùi Thị Chi,sv006207@uni.edu.vn
2023106208,Đỗ Thị Chi,sv006208@uni.edu.vn
2024106209,Hồ Thị Chi,sv006209@uni.edu.vn
2019106210,Nguyễn Văn Chi,sv006210@uni.edu.vn
2020106211,Trần Văn Chi,sv006211@uni.edu.vn
2021106212,Lê Văn Chi,sv006212@uni.edu.vn
2022106213,Phạm Văn Chi,sv006213@uni.edu.vn
2023106214,Hoàng Văn Chi,sv006214@uni.edu.vn
2024106215,Vũ Văn Chi,sv006215@uni.edu.vn
2019106216,Đặng Văn Chi,sv006216@uni.edu.vn
2020106217,Bùi Văn Chi,sv006217@uni.edu.vn
2021106218,Đỗ Văn Chi,sv006218@uni.edu.vn
2022106219,Hồ Văn Chi,sv006219@uni.edu.vn
2023106220,Nguyễn Minh Chi,sv006220@uni.edu.vn
2024106221,Trần Minh Chi,sv006221@uni.edu.vn
2019106222,Lê Minh Chi,sv006222@uni.edu.vn
2020106223,Phạm Minh Chi,sv006223@uni.edu.vn
2021106224,Hoàng Minh Chi,sv006224@uni.edu.vn
2022106225,Vũ Minh Chi,sv006225@uni.edu.vn
2023106226,Đặng Minh Chi,sv006226@uni.edu.vn
2024106227,Bùi Minh Chi,sv006227@uni.edu.vn
2019106228,Đỗ Minh Chi,sv006228@uni.edu.vn
2020106229,Hồ Minh Chi,sv006229@uni.edu.vn
2021106230,Nguyễn Quốc Chi,sv006230@uni.edu.vn
2022106231,Trần Quốc Chi,sv006231@uni.edu.vn
2023106232,Lê Quốc Chi,sv006232@uni.edu.vn
2024106233,Phạm Quốc Chi,sv006233@uni.edu.vn
2019106234,Hoàng Quốc Chi,sv006234@uni.edu.vn
2020106235,Vũ Quốc Chi,sv006235@uni.edu.vn
2021106236,Đặng Quốc Chi,sv006236@uni.edu.vn
2022106237,Bùi Quốc Chi,sv006237@uni.edu.vn
2023106238,Đỗ Quốc Chi,sv006238@uni.edu.vn
2024106239,Hồ Quốc Chi,sv006239@uni.edu.vn
2019106240,Nguyễn Anh Chi,sv006240@uni.edu.vn
2020106241,Trần Anh Chi,sv006241@uni.edu.vn
2021106242,Lê Anh Chi,sv006242@uni.edu.vn
2022106243,Phạm Anh Chi,sv006243@uni.edu.vn
2023106244,Hoàng Anh Chi,sv006244@uni.edu.vn
2024106245,Vũ Anh Chi,sv006245@uni.edu.vn
2019106246,Đặng Anh Chi,sv006246@uni.edu.vn
2020106247,Bùi Anh Chi,sv006247@uni.edu.vn
2021106248,Đỗ Anh Chi,sv006248@uni.edu.vn
2022106249,Hồ Anh Chi,sv006249@uni.edu.vn
2023106250,Nguyễn Tuấn Chi,sv006250@uni.edu.vn
2024106251,Trần Tuấn Chi,sv006251@uni.edu.vn
2019106252,Lê Tuấn Chi,sv006252@uni.edu.vn
2020106253,Phạm Tuấn Chi,sv006253@uni.edu.vn
2021106254,Hoàng Tuấn Chi,sv006254@uni.edu.vn
2022106255,Vũ Tuấn Chi,sv006255@uni.edu.vn
2023106256,Đặng Tuấn Chi,sv006256@uni.edu.vn
2024106257,Bùi Tuấn Chi,sv006257@uni.edu.vn
2019106258,Đỗ Tuấn Chi,sv006258@uni.edu.vn
2020106259,Hồ Tuấn Chi,sv006259@uni.edu.vn
2021106260,Nguyễn Hữu Chi,sv006260@uni.edu.vn
2022106261,Trần Hữu Chi,sv006261@uni.edu.vn
2023106262,Lê Hữu Chi,sv006262@uni.edu.vn
2024106263,Phạm Hữu Chi,sv006263@uni.edu.vn
2019106264,Hoàng Hữu Chi,sv006264@uni.edu.vn
2020106265,Vũ Hữu Chi,sv006265@uni.edu.vn
2021106266,Đặng Hữu Chi,sv006266@uni.edu.vn
2022106267,Bùi Hữu Chi,sv006267@uni.edu.vn
2023106268,Đỗ Hữu Chi,sv006268@uni.edu.vn
2024106269,Hồ Hữu Chi,sv006269@uni.edu.vn
2019106270,Nguyễn Thành Chi,sv006270@uni.edu.vn
2020106271,Trần Thành Chi,sv006271@uni.edu.vn
2021106272,Lê Thành Chi,sv006272@uni.edu.vn
2022106273,Phạm Thành Chi,sv006273@uni.edu.vn
2023106274,Hoàng Thành Chi,sv006274@uni.edu.vn
2024106275,Vũ Thành Chi,sv006275@uni.edu.vn
2019106276,Đặng Thành Chi,sv006276@uni.edu.vn
2020106277,Bùi Thành Chi,sv006277@uni.edu.vn
2021106278,Đỗ Thành Chi,sv006278@uni.edu.vn
2022106279,Hồ Thành Chi,sv006279@uni.edu.vn
2023106280,Nguyễn Ngọc Chi,sv006280@uni.edu.vn
2024106281,Trần Ngọc Chi,sv006281@uni.edu.vn
2019106282,Lê Ngọc Chi,sv006282@uni.edu.vn
2020106283,Phạm Ngọc Chi,sv006283@uni.edu.vn
2021106284,Hoàng Ngọc Chi,sv006284@uni.edu.vn
2022106285,Vũ Ngọc Chi,sv006285@uni.edu.vn
2023106286,Đặng Ngọc Chi,sv006286@uni.edu.vn
2024106287,Bùi Ngọc Chi,sv006287@uni.edu.vn
2019106288,Đỗ Ngọc Chi,sv006288@uni.edu.vn
2020106289,Hồ Ngọc Chi,sv006289@uni.edu.vn
2021106290,Nguyễn Chi,sv006290@uni.edu.vn
2022106291,Trần Chi,sv006291@uni.edu.vn
2023106292,Lê Chi,sv006292@uni.edu.vn
2024106293,Phạm Chi,sv006293@uni.edu.vn
2019106294,Hoàng Chi,sv006294@uni.edu.vn
2020106295,Vũ Chi,sv006295@uni.edu.vn
2021106296,Đặng Chi,sv006296@uni.edu.vn
2022106297,Bùi Chi,sv006297@uni.edu.vn
2023106298,Đỗ Chi,sv006298@uni.edu.vn
2024106299,Hồ Chi,sv006299@uni.edu.vn
2019106300,Nguyễn Thị Dũng,sv006300@uni.edu.vn
2020106301,Trần Thị Dũng,sv006301@uni.edu.vn
2021106302,Lê Thị Dũng,sv006302@uni.edu.vn
2022106303,Phạm Thị Dũng,sv006303@uni.edu.vn
2023106304,Hoàng Thị Dũng,sv006304@uni.edu.vn
2024106305,Vũ Thị Dũng,sv006305@uni.edu.vn
2019106306,Đặng Thị Dũng,sv006306@uni.edu.vn
2020106307,Bùi Thị Dũng,sv006307@uni.edu.vn
2021106308,Đỗ Thị Dũng,sv006308@uni.edu.vn
2022106309,Hồ Thị Dũng,sv006309@uni.edu.vn
2023106310,Nguyễn Văn Dũng,sv006310@uni.edu.vn
2024106311,Trần Văn Dũng,sv006311@uni.edu.vn
2019106312,Lê Văn Dũng,sv006312@uni.edu.vn
2020106313,Phạm Văn Dũng,sv006313@uni.edu.vn
2021106314,Hoàng Văn Dũng,sv006314@uni.edu.vn
2022106315,Vũ Văn Dũng,sv006315@uni.edu.vn
2023106316,Đặng Văn Dũng,sv006316@uni.edu.vn
2024106317,Bùi Văn Dũng,sv006317@uni.edu.vn
2019106318,Đỗ Văn Dũng,sv006318@uni.edu.vn
2020106319,Hồ Văn Dũng,sv006319@uni.edu.vn
2021106320,Nguyễn Minh Dũng,sv006320@uni.edu.vn
2022106321,Trần Minh Dũng,sv006321@uni.edu.vn
2023106322,Lê Minh Dũng,sv006322@uni.edu.vn
2024106323,Phạm Minh Dũng,sv006323@uni.edu.vn
2019106324,Hoàng Minh Dũng,sv006324@uni.edu.vn
2020106325,Vũ Minh Dũng,sv006325@uni.edu.vn
2021106326,Đặng Minh Dũng,sv006326@uni.edu.vn
2022106327,Bùi Minh Dũng,sv006327@uni.edu.vn
2023106328,Đỗ Minh Dũng,sv006328@uni.edu.vn
2024106329,Hồ Minh Dũng,sv006329@uni.edu.vn
2019106330,Nguyễn Quốc Dũng,sv006330@uni.edu.vn
2020106331,Trần Quốc Dũng,sv006331@uni.edu.vn
2021106332,Lê Quốc Dũng,sv006332@uni.edu.vn
2022106333,Phạm Quốc Dũng,sv006333@uni.edu.vn
2023106334,Hoàng Quốc Dũng,sv006334@uni.edu.vn
2024106335,Vũ Quốc Dũng,sv006335@uni.edu.vn
2019106336,Đặng Quốc Dũng,sv006336@uni.edu.vn
2020106337,Bùi Quốc Dũng,sv006337@uni.edu.vn
2021106338,Đỗ Quốc Dũng,sv006338@uni.edu.vn
2022106339,Hồ Quốc Dũng,sv006339@uni.edu.vn
2023106340,Nguyễn Anh Dũng,sv006340@uni.edu.vn
2024106341,Trần Anh Dũng,sv006341@uni.edu.vn
2019106342,Lê Anh Dũng,sv006342@uni.edu.vn
2020106343,Phạm Anh Dũng,sv006343@uni.edu.vn
2021106344,Hoàng Anh Dũng,sv006344@uni.edu.vn
2022106345,Vũ Anh Dũng,sv006345@uni.edu.vn
2023106346,Đặng Anh Dũng,sv006346@uni.edu.vn
2024106347,Bùi Anh Dũng,sv006347@uni.edu.vn
2019106348,Đỗ Anh Dũng,sv006348@uni.edu.vn
2020106349,Hồ Anh Dũng,sv006349@uni.edu.vn
2021106350,Nguyễn Tuấn Dũng,sv006350@uni.edu.vn
2022106351,Trần Tuấn Dũng,sv006351@uni.edu.vn
2023106352,Lê Tuấn Dũng,sv006352@uni.edu.vn
2024106353,Phạm Tuấn Dũng,sv006353@uni.edu.vn
2019106354,Hoàng Tuấn Dũng,sv006354@uni.edu.vn
2020106355,Vũ Tuấn Dũng,sv006355@uni.edu.vn
2021106356,Đặng Tuấn Dũng,sv006356@uni.edu.vn
2022106357,Bùi Tuấn Dũng,sv006357@uni.edu.vn
2023106358,Đỗ Tuấn Dũng,sv006358@uni.edu.vn
2024106359,Hồ Tuấn Dũng,sv006359@uni.edu.vn
2019106360,Nguyễn Hữu Dũng,sv006360@uni.edu.vn
2020106361,Trần Hữu Dũng,sv006361@uni.edu.vn
2021106362,Lê Hữu Dũng,sv006362@uni.edu.vn
2022106363,Phạm Hữu Dũng,sv006363@uni.edu.vn
2023106364,Hoàng Hữu Dũng,sv006364@uni.edu.vn
2024106365,Vũ Hữu Dũng,sv006365@uni.edu.vn
2019106366,Đặng Hữu Dũng,sv006366@uni.edu.vn
2020106367,Bùi Hữu Dũng,sv006367@uni.edu.vn
2021106368,Đỗ Hữu Dũng,sv006368@uni.edu.vn
2022106369,Hồ Hữu Dũng,sv006369@uni.edu.vn
2023106370,Nguyễn Thành Dũng,sv006370@uni.edu.vn
2024106371,Trần Thành Dũng,sv006371@uni.edu.vn
2019106372,Lê Thành Dũng,sv006372@uni.edu.vn
2020106373,Phạm Thành Dũng,sv006373@uni.edu.vn
2021106374,Hoàng Thành Dũng,sv006374@uni.edu.vn
2022106375,Vũ Thành Dũng,sv006375@uni.edu.vn
2023106376,Đặng Thành Dũng,sv006376@uni.edu.vn
2024106377,Bùi Thành Dũng,sv006377@uni.edu.vn
2019106378,Đỗ Thành Dũng,sv006378@uni.edu.vn
2020106379,Hồ Thành Dũng,sv006379@uni.edu.vn
2021106380,Nguyễn Ngọc Dũng,sv006380@uni.edu.vn
2022106381,Trần Ngọc Dũng,sv006381@uni.edu.vn
2023106382,Lê Ngọc Dũng,sv006382@uni.edu.vn
2024106383,Phạm Ngọc Dũng,sv006383@uni.edu.vn
2019106384,Hoàng Ngọc Dũng,sv006384@uni.edu.vn
2020106385,Vũ Ngọc Dũng,sv006385@uni.edu.vn
2021106386,Đặng Ngọc Dũng,sv006386@uni.edu.vn
2022106387,Bùi Ngọc Dũng,sv006387@uni.edu.vn
2023106388,Đỗ Ngọc Dũng,sv006388@uni.edu.vn
2024106389,Hồ Ngọc Dũng,sv006389@uni.edu.vn
2019106390,Nguyễn Dũng,sv006390@uni.edu.vn
2020106391,Trần Dũng,sv006391@uni.edu.vn
2021106392,Lê Dũng,sv006392@uni.edu.vn
2022106393,Phạm Dũng,sv006393@uni.edu.vn
2023106394,Hoàng Dũng,sv006394@uni.edu.vn
2024106395,Vũ Dũng,sv006395@uni.edu.vn
2019106396,Đặng Dũng,sv006396@uni.edu.vn
2020106397,Bùi Dũng,sv006397@uni.edu.vn
2021106398,Đỗ Dũng,sv006398@uni.edu.vn
2022106399,Hồ Dũng,sv006399@uni.edu.vn
2023106400,Nguyễn Thị Giang,sv006400@uni.edu.vn
2024106401,Trần Thị Giang,sv006401@uni.edu.vn
2019106402,Lê Thị Giang,sv006402@uni.edu.vn
2020106403,Phạm Thị Giang,sv006403@uni.edu.vn
2021106404,Hoàng Thị Giang,sv006404@uni.edu.vn
2022106405,Vũ Thị Giang,sv006405@uni.edu.vn
2023106406,Đặng Thị Giang,sv006406@uni.edu.vn
2024106407,Bùi Thị Giang,sv006407@uni.edu.vn
2019106408,Đỗ Thị Giang,sv006408@uni.edu.vn
2020106409,Hồ Thị Giang,sv006409@uni.edu.vn
2021106410,Nguyễn Văn Giang,sv006410@uni.edu.vn
2022106411,Trần Văn Giang,sv006411@uni.edu.vn
2023106412,Lê Văn Giang,sv006412@uni.edu.vn
2024106413,Phạm Văn Giang,sv006413@uni.edu.vn
2019106414,Hoàng Văn Giang,sv006414@uni.edu.vn
2020106415,Vũ Văn Giang,sv006415@uni.edu.vn
2021106416,Đặng Văn Giang,sv006416@uni.edu.vn
2022106417,Bùi Văn Giang,sv006417@uni.edu.vn
2023106418,Đỗ Văn Giang,sv006418@uni.edu.vn
2024106419,Hồ Văn Giang,sv006419@uni.edu.vn
2019106420,Nguyễn Minh Giang,sv006420@uni.edu.vn
2020106421,Trần Minh Giang,sv006421@uni.edu.vn
2021106422,Lê Minh Giang,sv006422@uni.edu.vn
2022106423,Phạm Minh Giang,sv006423@uni.edu.vn
2023106424,Hoàng Minh Giang,sv006424@uni.edu.vn
2024106425,Vũ Minh Giang,sv006425@uni.edu.vn
2019106426,Đặng Minh Giang,sv006426@uni.edu.vn
2020106427,Bùi Minh Giang,sv006427@uni.edu.vn
2021106428,Đỗ Minh Giang,sv006428@uni.edu.vn
2022106429,Hồ Minh Giang,sv006429@uni.edu.vn
2023106430,Nguyễn Quốc Giang,sv006430@uni.edu.vn
2024106431,Trần Quốc Giang,sv006431@uni.edu.vn
2019106432,Lê Quốc Giang,sv006432@uni.edu.vn
2020106433,Phạm Quốc Giang,sv006433@uni.edu.vn
2021106434,Hoàng Quốc Giang,sv006434@uni.edu.vn
2022106435,Vũ Quốc Giang,sv006435@uni.edu.vn
2023106436,Đặng Quốc Giang,sv006436@uni.edu.vn
2024106437,Bùi Quốc Giang,sv006437@uni.edu.vn
2019106438,Đỗ Quốc Giang,sv006438@uni.edu.vn
2020106439,Hồ Quốc Giang,sv006439@uni.edu.vn
2021106440,Nguyễn Anh Giang,sv006440@uni.edu.vn
2022106441,Trần Anh Giang,sv006441@uni.edu.vn
2023106442,Lê Anh Giang,sv006442@uni.edu.vn
2024106443,Phạm Anh Giang,sv006443@uni.edu.vn
2019106444,Hoàng Anh Giang,sv006444@uni.edu.vn
2020106445,Vũ Anh Giang,sv006445@uni.edu.vn
2021106446,Đặng Anh Giang,sv006446@uni.edu.vn
2022106447,Bùi Anh Giang,sv006447@uni.edu.vn
2023106448,Đỗ Anh Giang,sv006448@uni.edu.vn
2024106449,Hồ Anh Giang,sv006449@uni.edu.vn
2019106450,Nguyễn Tuấn Giang,sv006450@uni.edu.vn
2020106451,Trần Tuấn Giang,sv006451@uni.edu.vn
2021106452,Lê Tuấn Giang,sv006452@uni.edu.vn
2022106453,Phạm Tuấn Giang,sv006453@uni.edu.vn
2023106454,Hoàng Tuấn Giang,sv006454@uni.edu.vn
2024106455,Vũ Tuấn Giang,sv006455@uni.edu.vn
2019106456,Đặng Tuấn Giang,sv006456@uni.edu.vn
2020106457,Bùi Tuấn Giang,sv006457@uni.edu.vn
2021106458,Đỗ Tuấn Giang,sv006458@uni.edu.vn
2022106459,Hồ Tuấn Giang,sv006459@uni.edu.vn
2023106460,Nguyễn Hữu Giang,sv006460@uni.edu.vn
2024106461,Trần Hữu Giang,sv006461@uni.edu.vn
2019106462,Lê Hữu Giang,sv006462@uni.edu.vn
2020106463,Phạm Hữu Giang,sv006463@uni.edu.vn
2021106464,Hoàng Hữu Giang,sv006464@uni.edu.vn
2022106465,Vũ Hữu Giang,sv006465@uni.edu.vn
2023106466,Đặng Hữu Giang,sv006466@uni.edu.vn
2024106467,Bùi Hữu Giang,sv006467@uni.edu.vn
2019106468,Đỗ Hữu Giang,sv006468@uni.edu.vn
2020106469,Hồ Hữu Giang,sv006469@uni.edu.vn
2021106470,Nguyễn Thành Giang,sv006470@uni.edu.vn
2022106471,Trần Thành Giang,sv006471@uni.edu.vn
2023106472,Lê Thành Giang,sv006472@uni.edu.vn
2024106473,Phạm Thành Giang,sv006473@uni.edu.vn
2019106474,Hoàng Thành Giang,sv006474@uni.edu.vn
2020106475,Vũ Thành Giang,sv006475@uni.edu.vn
2021106476,Đặng Thành Giang,sv006476@uni.edu.vn
2022106477,Bùi Thành Giang,sv006477@uni.edu.vn
2023106478,Đỗ Thành Giang,sv006478@uni.edu.vn
2024106479,Hồ Thành Giang,sv006479@uni.edu.vn
2019106480,Nguyễn Ngọc Giang,sv006480@uni.edu.vn
2020106481,Trần Ngọc Giang,sv006481@uni.edu.vn
2021106482,Lê Ngọc Giang,sv006482@uni.edu.vn
2022106483,Phạm Ngọc Giang,sv006483@uni.edu.vn
2023106484,Hoàng Ngọc Giang,sv006484@uni.edu.vn
2024106485,Vũ Ngọc Giang,sv006485@uni.edu.vn
2019106486,Đặng Ngọc Giang,sv006486@uni.edu.vn
2020106487,Bùi Ngọc Giang,sv006487@uni.edu.vn
2021106488,Đỗ Ngọc Giang,sv006488@uni.edu.vn
2022106489,Hồ Ngọc Giang,sv006489@uni.edu.vn
2023106490,Nguyễn Giang,sv006490@uni.edu.vn
2024106491,Trần Giang,sv006491@uni.edu.vn
2019106492,Lê Giang,sv006492@uni.edu.vn
2020106493,Phạm Giang,sv006493@uni.edu.vn
2021106494,Hoàng Giang,sv006494@uni.edu.vn
2022106495,Vũ Giang,sv006495@uni.edu.vn
2023106496,Đặng Giang,sv006496@uni.edu.vn
2024106497,Bùi Giang,sv006497@uni.edu.vn
2019106498,Đỗ Giang,sv006498@uni.edu.vn
2020106499,Hồ Giang,sv006499@uni.edu.vn
2021106500,Nguyễn Thị Hà,sv006500@uni.edu.vn
2022106501,Trần Thị Hà,sv006501@uni.edu.vn
2023106502,Lê Thị Hà,sv006502@uni.edu.vn
2024106503,Phạm Thị Hà,sv006503@uni.edu.vn
2019106504,Hoàng Thị Hà,sv006504@uni.edu.vn
2020106505,Vũ Thị Hà,sv006505@uni.edu.vn
2021106506,Đặng Thị Hà,sv006506@uni.edu.vn
2022106507,Bùi Thị Hà,sv006507@uni.edu.vn
2023106508,Đỗ Thị Hà,sv006508@uni.edu.vn
2024106509,Hồ Thị Hà,sv006509@uni.edu.vn
2019106510,Nguyễn Văn Hà,sv006510@uni.edu.vn
2020106511,Trần Văn Hà,sv006511@uni.edu.vn
2021106512,Lê Văn Hà,sv006512@uni.edu.vn
2022106513,Phạm Văn Hà,sv006513@uni.edu.vn
2023106514,Hoàng Văn Hà,sv006514@uni.edu.vn
2024106515,Vũ Văn Hà,sv006515@uni.edu.vn
2019106516,Đặng Văn Hà,sv006516@uni.edu.vn
2020106517,Bùi Văn Hà,sv006517@uni.edu.vn
2021106518,Đỗ Văn Hà,sv006518@uni.edu.vn
2022106519,Hồ Văn Hà,sv006519@uni.edu.vn
2023106520,Nguyễn Minh Hà,sv006520@uni.edu.vn
2024106521,Trần Minh Hà,sv006521@uni.edu.vn
2019106522,Lê Minh Hà,sv006522@uni.edu.vn
2020106523,Phạm Minh Hà,sv006523@uni.edu.vn
2021106524,Hoàng Minh Hà,sv006524@uni.edu.vn
2022106525,Vũ Minh Hà,sv006525@uni.edu.vn
2023106526,Đặng Minh Hà,sv006526@uni.edu.vn
2024106527,Bùi Minh Hà,sv006527@uni.edu.vn
2019106528,Đỗ Minh Hà,sv006528@uni.edu.vn
2020106529,Hồ Minh Hà,sv006529@uni.edu.vn
2021106530,Nguyễn Quốc Hà,sv006530@uni.edu.vn
2022106531,Trần Quốc Hà,sv006531@uni.edu.vn
2023106532,Lê Quốc Hà,sv006532@uni.edu.vn
2024106533,Phạm Quốc Hà,sv006533@uni.edu.vn
2019106534,Hoàng Quốc Hà,sv006534@uni.edu.vn
2020106535,Vũ Quốc Hà,sv006535@uni.edu.vn
2021106536,Đặng Quốc Hà,sv006536@uni.edu.vn
2022106537,Bùi Quốc Hà,sv006537@uni.edu.vn
2023106538,Đỗ Quốc Hà,sv006538@uni.edu.vn
2024106539,Hồ Quốc Hà,sv006539@uni.edu.vn
2019106540,Nguyễn Anh Hà,sv006540@uni.edu.vn
2020106541,Trần Anh Hà,sv006541@uni.edu.vn
2021106542,Lê Anh Hà,sv006542@uni.edu.vn
2022106543,Phạm Anh Hà,sv006543@uni.edu.vn
2023106544,Hoàng Anh Hà,sv006544@uni.edu.vn
2024106545,Vũ Anh Hà,sv006545@uni.edu.vn
2019106546,Đặng Anh Hà,sv006546@uni.edu.vn
2020106547,Bùi Anh Hà,sv006547@uni.edu.vn
2021106548,Đỗ Anh Hà,sv006548@uni.edu.vn
2022106549,Hồ Anh Hà,sv006549@uni.edu.vn
2023106550,Nguyễn Tuấn Hà,sv006550@uni.edu.vn
2024106551,Trần Tuấn Hà,sv006551@uni.edu.vn
2019106552,Lê Tuấn Hà,sv006552@uni.edu.vn
2020106553,Phạm Tuấn Hà,sv006553@uni.edu.vn
2021106554,Hoàng Tuấn Hà,sv006554@uni.edu.vn
2022106555,Vũ Tuấn Hà,sv006555@uni.edu.vn
2023106556,Đặng Tuấn Hà,sv006556@uni.edu.vn
2024106557,Bùi Tuấn Hà,sv006557@uni.edu.vn
2019106558,Đỗ Tuấn Hà,sv006558@uni.edu.vn
2020106559,Hồ Tuấn Hà,sv006559@uni.edu.vn
2021106560,Nguyễn Hữu Hà,sv006560@uni.edu.vn
2022106561,Trần Hữu Hà,sv006561@uni.edu.vn
2023106562,Lê Hữu Hà,sv006562@uni.edu.vn
2024106563,Phạm Hữu Hà,sv006563@uni.edu.vn
2019106564,Hoàng Hữu Hà,sv006564@uni.edu.vn
2020106565,Vũ Hữu Hà,sv006565@uni.edu.vn
2021106566,Đặng Hữu Hà,sv006566@uni.edu.vn
2022106567,Bùi Hữu Hà,sv006567@uni.edu.vn
2023106568,Đỗ Hữu Hà,sv006568@uni.edu.vn
2024106569,Hồ Hữu Hà,sv006569@uni.edu.vn
2019106570,Nguyễn Thành Hà,sv006570@uni.edu.vn
2020106571,Trần Thành Hà,sv006571@uni.edu.vn
2021106572,Lê Thành Hà,sv006572@uni.edu.vn
2022106573,Phạm Thành Hà,sv006573@uni.edu.vn
2023106574,Hoàng Thành Hà,sv006574@uni.edu.vn
2024106575,Vũ Thành Hà,sv006575@uni.edu.vn
2019106576,Đặng Thành Hà,sv006576@uni.edu.vn
2020106577,Bùi Thành Hà,sv006577@uni.edu.vn
2021106578,Đỗ Thành Hà,sv006578@uni.edu.vn
2022106579,Hồ Thành Hà,sv006579@uni.edu.vn
2023106580,Nguyễn Ngọc Hà,sv006580@uni.edu.vn
2024106581,Trần Ngọc Hà,sv006581@uni.edu.vn
2019106582,Lê Ngọc Hà,sv006582@uni.edu.vn
2020106583,Phạm Ngọc Hà,sv006583@uni.edu.vn
2021106584,Hoàng Ngọc Hà,sv006584@uni.edu.vn
2022106585,Vũ Ngọc Hà,sv006585@uni.edu.vn
2023106586,Đặng Ngọc Hà,sv006586@uni.edu.vn
2024106587,Bùi Ngọc Hà,sv006587@uni.edu.vn
2019106588,Đỗ Ngọc Hà,sv006588@uni.edu.vn
2020106589,Hồ Ngọc Hà,sv006589@uni.edu.vn
2021106590,Nguyễn Hà,sv006590@uni.edu.vn
2022106591,Trần Hà,sv006591@uni.edu.vn
2023106592,Lê Hà,sv006592@uni.edu.vn
2024106593,Phạm Hà,sv006593@uni.edu.vn
2019106594,Hoàng Hà,sv006594@uni.edu.vn
2020106595,Vũ Hà,sv006595@uni.edu.vn
2021106596,Đặng Hà,sv006596@uni.edu.vn
2022106597,Bùi Hà,sv006597@uni.edu.vn
2023106598,Đỗ Hà,sv006598@uni.edu.vn
2024106599,Hồ Hà,sv006599@uni.edu.vn
2019106600,Nguyễn Thị Hùng,sv006600@uni.edu.vn
2020106601,Trần Thị Hùng,sv006601@uni.edu.vn
2021106602,Lê Thị Hùng,sv006602@uni.edu.vn
2022106603,Phạm Thị Hùng,sv006603@uni.edu.vn
2023106604,Hoàng Thị Hùng,sv006604@uni.edu.vn
2024106605,Vũ Thị Hùng,sv006605@uni.edu.vn
2019106606,Đặng Thị Hùng,sv006606@uni.edu.vn
2020106607,Bùi Thị Hùng,sv006607@uni.edu.vn
2021106608,Đỗ Thị Hùng,sv006608@uni.edu.vn
2022106609,Hồ Thị Hùng,sv006609@uni.edu.vn
2023106610,Nguyễn Văn Hùng,sv006610@uni.edu.vn
2024106611,Trần Văn Hùng,sv006611@uni.edu.vn
2019106612,Lê Văn Hùng,sv006612@uni.edu.vn
2020106613,Phạm Văn Hùng,sv006613@uni.edu.vn
2021106614,Hoàng Văn Hùng,sv006614@uni.edu.vn
2022106615,Vũ Văn Hùng,sv006615@uni.edu.vn
2023106616,Đặng Văn Hùng,sv006616@uni.edu.vn
2024106617,Bùi Văn Hùng,sv006617@uni.edu.vn
2019106618,Đỗ Văn Hùng,sv006618@uni.edu.vn
2020106619,Hồ Văn Hùng,sv006619@uni.edu.vn
2021106620,Nguyễn Minh Hùng,sv006620@uni.edu.vn
2022106621,Trần Minh Hùng,sv006621@uni.edu.vn
2023106622,Lê Minh Hùng,sv006622@uni.edu.vn
2024106623,Phạm Minh Hùng,sv006623@uni.edu.vn
2019106624,Hoàng Minh Hùng,sv006624@uni.edu.vn
2020106625,Vũ Minh Hùng,sv006625@uni.edu.vn
2021106626,Đặng Minh Hùng,sv006626@uni.edu.vn
2022106627,Bùi Minh Hùng,sv006627@uni.edu.vn
2023106628,Đỗ Minh Hùng,sv006628@uni.edu.vn
2024106629,Hồ Minh Hùng,sv006629@uni.edu.vn
2019106630,Nguyễn Quốc Hùng,sv006630@uni.edu.vn
2020106631,Trần Quốc Hùng,sv006631@uni.edu.vn
2021106632,Lê Quốc Hùng,sv006632@uni.edu.vn
2022106633,Phạm Quốc Hùng,sv006633@uni.edu.vn
2023106634,Hoàng Quốc Hùng,sv006634@uni.edu.vn
2024106635,Vũ Quốc Hùng,sv006635@uni.edu.vn
2019106636,Đặng Quốc Hùng,sv006636@uni.edu.vn
2020106637,Bùi Quốc Hùng,sv006637@uni.edu.vn
2021106638,Đỗ Quốc Hùng,sv006638@uni.edu.vn
2022106639,Hồ Quốc Hùng,sv006639@uni.edu.vn
2023106640,Nguyễn Anh Hùng,sv006640@uni.edu.vn
2024106641,Trần Anh Hùng,sv006641@uni.edu.vn
2019106642,Lê Anh Hùng,sv006642@uni.edu.vn
2020106643,Phạm Anh Hùng,sv006643@uni.edu.vn
2021106644,Hoàng Anh Hùng,sv006644@uni.edu.vn
2022106645,Vũ Anh Hùng,sv006645@uni.edu.vn
2023106646,Đặng Anh Hùng,sv006646@uni.edu.vn
2024106647,Bùi Anh Hùng,sv006647@uni.edu.vn
2019106648,Đỗ Anh Hùng,sv006648@uni.edu.vn
2020106649,Hồ Anh Hùng,sv006649@uni.edu.vn
2021106650,Nguyễn Tuấn Hùng,sv006650@uni.edu.vn
2022106651,Trần Tuấn Hùng,sv006651@uni.edu.vn
2023106652,Lê Tuấn Hùng,sv006652@uni.edu.vn
2024106653,Phạm Tuấn Hùng,sv006653@uni.edu.vn
2019106654,Hoàng Tuấn Hùng,sv006654@uni.edu.vn
2020106655,Vũ Tuấn Hùng,sv006655@uni.edu.vn
2021106656,Đặng Tuấn Hùng,sv006656@uni.edu.vn
2022106657,Bùi Tuấn Hùng,sv006657@uni.edu.vn
2023106658,Đỗ Tuấn Hùng,sv006658@uni.edu.vn
2024106659,Hồ Tuấn Hùng,sv006659@uni.edu.vn
2019106660,Nguyễn Hữu Hùng,sv006660@uni.edu.vn
2020106661,Trần Hữu Hùng,sv006661@uni.edu.vn
2021106662,Lê Hữu Hùng,sv006662@uni.edu.vn
2022106663,Phạm Hữu Hùng,sv006663@uni.edu.vn
2023106664,Hoàng Hữu Hùng,sv006664@uni.edu.vn
2024106665,Vũ Hữu Hùng,sv006665@uni.edu.vn
2019106666,Đặng Hữu Hùng,sv006666@uni.edu.vn
2020106667,Bùi Hữu Hùng,sv006667@uni.edu.vn
2021106668,Đỗ Hữu Hùng,sv006668@uni.edu.vn
2022106669,Hồ Hữu Hùng,sv006669@uni.edu.vn
2023106670,Nguyễn Thành Hùng,sv006670@uni.edu.vn
2024106671,Trần Thành Hùng,sv006671@uni.edu.vn
2019106672,Lê Thành Hùng,sv006672@uni.edu.vn
2020106673,Phạm Thành Hùng,sv006673@uni.edu.vn
2021106674,Hoàng Thành Hùng,sv006674@uni.edu.vn
2022106675,Vũ Thành Hùng,sv006675@uni.edu.vn
2023106676,Đặng Thành Hùng,sv006676@uni.edu.vn
2024106677,Bùi Thành Hùng,sv006677@uni.edu.vn
2019106678,Đỗ Thành Hùng,sv006678@uni.edu.vn
2020106679,Hồ Thành Hùng,sv006679@uni.edu.vn
2021106680,Nguyễn Ngọc Hùng,sv006680@uni.edu.vn
2022106681,Trần Ngọc Hùng,sv006681@uni.edu.vn
2023106682,Lê Ngọc Hùng,sv006682@uni.edu.vn
2024106683,Phạm Ngọc Hùng,sv006683@uni.edu.vn
2019106684,Hoàng Ngọc Hùng,sv006684@uni.edu.vn
2020106685,Vũ Ngọc Hùng,sv006685@uni.edu.vn
2021106686,Đặng Ngọc Hùng,sv006686@uni.edu.vn
2022106687,Bùi Ngọc Hùng,sv006687@uni.edu.vn
2023106688,Đỗ Ngọc Hùng,sv006688@uni.edu.vn
2024106689,Hồ Ngọc Hùng,sv006689@uni.edu.vn
2019106690,Nguyễn Hùng,sv006690@uni.edu.vn
2020106691,Trần Hùng,sv006691@uni.edu.vn
2021106692,Lê Hùng,sv006692@uni.edu.vn
2022106693,Phạm Hùng,sv006693@uni.edu.vn
2023106694,Hoàng Hùng,sv006694@uni.edu.vn
2024106695,Vũ Hùng,sv006695@uni.edu.vn
2019106696,Đặng Hùng,sv006696@uni.edu.vn
2020106697,Bùi Hùng,sv006697@uni.edu.vn
2021106698,Đỗ Hùng,sv006698@uni.edu.vn
2022106699,Hồ Hùng,sv006699@uni.edu.vn
2023106700,Nguyễn Thị Khoa,sv006700@uni.edu.vn
2024106701,Trần Thị Khoa,sv006701@uni.edu.vn
2019106702,Lê Thị Khoa,sv006702@uni.edu.vn
2020106703,Phạm Thị Khoa,sv006703@uni.edu.vn
2021106704,Hoàng Thị Khoa,sv006704@uni.edu.vn
2022106705,Vũ Thị Khoa,sv006705@uni.edu.vn
2023106706,Đặng Thị Khoa,sv006706@uni.edu.vn
2024106707,Bùi Thị Khoa,sv006707@uni.edu.vn
2019106708,Đỗ Thị Khoa,sv006708@uni.edu.vn
2020106709,Hồ Thị Khoa,sv006709@uni.edu.vn
2021106710,Nguyễn Văn Khoa,sv006710@uni.edu.vn
2022106711,Trần Văn Khoa,sv006711@uni.edu.vn
2023106712,Lê Văn Khoa,sv006712@uni.edu.vn
2024106713,Phạm Văn Khoa,sv006713@uni.edu.vn
2019106714,Hoàng Văn Khoa,sv006714@uni.edu.vn
2020106715,Vũ Văn Khoa,sv006715@uni.edu.vn
2021106716,Đặng Văn Khoa,sv006716@uni.edu.vn
2022106717,Bùi Văn Khoa,sv006717@uni.edu.vn
2023106718,Đỗ Văn Khoa,sv006718@uni.edu.vn
2024106719,Hồ Văn Khoa,sv006719@uni.edu.vn
2019106720,Nguyễn Minh Khoa,sv006720@uni.edu.vn
2020106721,Trần Minh Khoa,sv006721@uni.edu.vn
2021106722,Lê Minh Khoa,sv006722@uni.edu.vn
2022106723,Phạm Minh Khoa,sv006723@uni.edu.vn
2023106724,Hoàng Minh Khoa,sv006724@uni.edu.vn
2024106725,Vũ Minh Khoa,sv006725@uni.edu.vn
2019106726,Đặng Minh Khoa,sv006726@uni.edu.vn
2020106727,Bùi Minh Khoa,sv006727@uni.edu.vn
2021106728,Đỗ Minh Khoa,sv006728@uni.edu.vn
2022106729,Hồ Minh Khoa,sv006729@uni.edu.vn
2023106730,Nguyễn Quốc Khoa,sv006730@uni.edu.vn
2024106731,Trần Quốc Khoa,sv006731@uni.edu.vn
2019106732,Lê Quốc Khoa,sv006732@uni.edu.vn
2020106733,Phạm Quốc Khoa,sv006733@uni.edu.vn
2021106734,Hoàng Quốc Khoa,sv006734@uni.edu.vn
2022106735,Vũ Quốc Khoa,sv006735@uni.edu.vn
2023106736,Đặng Quốc Khoa,sv006736@uni.edu.vn
2024106737,Bùi Quốc Khoa,sv006737@uni.edu.vn
2019106738,Đỗ Quốc Khoa,sv006738@uni.edu.vn
2020106739,Hồ Quốc Khoa,sv006739@uni.edu.vn
2021106740,Nguyễn Anh Khoa,sv006740@uni.edu.vn
2022106741,Trần Anh Khoa,sv006741@uni.edu.vn
2023106742,Lê Anh Khoa,sv006742@uni.edu.vn
2024106743,Phạm Anh Khoa,sv006743@uni.edu.vn
2019106744,Hoàng Anh Khoa,sv006744@uni.edu.vn
2020106745,Vũ Anh Khoa,sv006745@uni.edu.vn
2021106746,Đặng Anh Khoa,sv006746@uni.edu.vn
2022106747,Bùi Anh Khoa,sv006747@uni.edu.vn
2023106748,Đỗ Anh Khoa,sv006748@uni.edu.vn
2024106749,Hồ Anh Khoa,sv006749@uni.edu.vn
2019106750,Nguyễn Tuấn Khoa,sv006750@uni.edu.vn
2020106751,Trần Tuấn Khoa,sv006751@uni.edu.vn
2021106752,Lê Tuấn Khoa,sv006752@uni.edu.vn
2022106753,Phạm Tuấn Khoa,sv006753@uni.edu.vn
2023106754,Hoàng Tuấn Khoa,sv006754@uni.edu.vn
2024106755,Vũ Tuấn Khoa,sv006755@uni.edu.vn
2019106756,Đặng Tuấn Khoa,sv006756@uni.edu.vn
2020106757,Bùi Tuấn Khoa,sv006757@uni.edu.vn
2021106758,Đỗ Tuấn Khoa,sv006758@uni.edu.vn
2022106759,Hồ Tuấn Khoa,sv006759@uni.edu.vn
2023106760,Nguyễn Hữu Khoa,sv006760@uni.edu.vn
2024106761,Trần Hữu Khoa,sv006761@uni.edu.vn
2019106762,Lê Hữu Khoa,sv006762@uni.edu.vn
2020106763,Phạm Hữu Khoa,sv006763@uni.edu.vn
2021106764,Hoàng Hữu Khoa,sv006764@uni.edu.vn
2022106765,Vũ Hữu Khoa,sv006765@uni.edu.vn
2023106766,Đặng Hữu Khoa,sv006766@uni.edu.vn
2024106767,Bùi Hữu Khoa,sv006767@uni.edu.vn
2019106768,Đỗ Hữu Khoa,sv006768@uni.edu.vn
2020106769,Hồ Hữu Khoa,sv006769@uni.edu.vn
2021106770,Nguyễn Thành Khoa,sv006770@uni.edu.vn
2022106771,Trần Thành Khoa,sv006771@uni.edu.vn
2023106772,Lê Thành Khoa,sv006772@uni.edu.vn
2024106773,Phạm Thành Khoa,sv006773@uni.edu.vn
2019106774,Hoàng Thành Khoa,sv006774@uni.edu.vn
2020106775,Vũ Thành Khoa,sv006775@uni.edu.vn
2021106776,Đặng Thành Khoa,sv006776@uni.edu.vn
2022106777,Bùi Thành Khoa,sv006777@uni.edu.vn
2023106778,Đỗ Thành Khoa,sv006778@uni.edu.vn
2024106779,Hồ Thành Khoa,sv006779@uni.edu.vn
2019106780,Nguyễn Ngọc Khoa,sv006780@uni.edu.vn
2020106781,Trần Ngọc Khoa,sv006781@uni.edu.vn
2021106782,Lê Ngọc Khoa,sv006782@uni.edu.vn
2022106783,Phạm Ngọc Khoa,sv006783@uni.edu.vn
2023106784,Hoàng Ngọc Khoa,sv006784@uni.edu.vn
2024106785,Vũ Ngọc Khoa,sv006785@uni.edu.vn
2019106786,Đặng Ngọc Khoa,sv006786@uni.edu.vn
2020106787,Bùi Ngọc Khoa,sv006787@uni.edu.vn
2021106788,Đỗ Ngọc Khoa,sv006788@uni.edu.vn
2022106789,Hồ Ngọc Khoa,sv006789@uni.edu.vn
2023106790,Nguyễn Khoa,sv006790@uni.edu.vn
2024106791,Trần Khoa,sv006791@uni.edu.vn
2019106792,Lê Khoa,sv006792@uni.edu.vn
2020106793,Phạm Khoa,sv006793@uni.edu.vn
2021106794,Hoàng Khoa,sv006794@uni.edu.vn
2022106795,Vũ Khoa,sv006795@uni.edu.vn
2023106796,Đặng Khoa,sv006796@uni.edu.vn
2024106797,Bùi Khoa,sv006797@uni.edu.vn
2019106798,Đỗ Khoa,sv006798@uni.edu.vn
2020106799,Hồ Khoa,sv006799@uni.edu.vn
2021106800,Nguyễn Thị Lan,sv006800@uni.edu.vn
2022106801,Trần Thị Lan,sv006801@uni.edu.vn
2023106802,Lê Thị Lan,sv006802@uni.edu.vn
2024106803,Phạm Thị Lan,sv006803@uni.edu.vn
2019106804,Hoàng Thị Lan,sv006804@uni.edu.vn
2020106805,Vũ Thị Lan,sv006805@uni.edu.vn
2021106806,Đặng Thị Lan,sv006806@uni.edu.vn
2022106807,Bùi Thị Lan,sv006807@uni.edu.vn
2023106808,Đỗ Thị Lan,sv006808@uni.edu.vn
2024106809,Hồ Thị Lan,sv006809@uni.edu.vn
2019106810,Nguyễn Văn Lan,sv006810@uni.edu.vn
2020106811,Trần Văn Lan,sv006811@uni.edu.vn
2021106812,Lê Văn Lan,sv006812@uni.edu.vn
2022106813,Phạm Văn Lan,sv006813@uni.edu.vn
2023106814,Hoàng Văn Lan,sv006814@uni.edu.vn
2024106815,Vũ Văn Lan,sv006815@uni.edu.vn
2019106816,Đặng Văn Lan,sv006816@uni.edu.vn
2020106817,Bùi Văn Lan,sv006817@uni.edu.vn
2021106818,Đỗ Văn Lan,sv006818@uni.edu.vn
2022106819,Hồ Văn Lan,sv006819@uni.edu.vn
2023106820,Nguyễn Minh Lan,sv006820@uni.edu.vn
2024106821,Trần Minh Lan,sv006821@uni.edu.vn
2019106822,Lê Minh Lan,sv006822@uni.edu.vn
2020106823,Phạm Minh Lan,sv006823@uni.edu.vn
2021106824,Hoàng Minh Lan,sv006824@uni.edu.vn
2022106825,Vũ Minh Lan,sv006825@uni.edu.vn
2023106826,Đặng Minh Lan,sv006826@uni.edu.vn
2024106827,Bùi Minh Lan,sv006827@uni.edu.vn
2019106828,Đỗ Minh Lan,sv006828@uni.edu.vn
2020106829,Hồ Minh Lan,sv006829@uni.edu.vn
2021106830,Nguyễn Quốc Lan,sv006830@uni.edu.vn
2022106831,Trần Quốc Lan,sv006831@uni.edu.vn
2023106832,Lê Quốc Lan,sv006832@uni.edu.vn
2024106833,Phạm Quốc Lan,sv006833@uni.edu.vn
2019106834,Hoàng Quốc Lan,sv006834@uni.edu.vn
2020106835,Vũ Quốc Lan,sv006835@uni.edu.vn
2021106836,Đặng Quốc Lan,sv006836@uni.edu.vn
2022106837,Bùi Quốc Lan,sv006837@uni.edu.vn
2023106838,Đỗ Quốc Lan,sv006838@uni.edu.vn
2024106839,Hồ Quốc Lan,sv006839@uni.edu.vn
2019106840,Nguyễn Anh Lan,sv006840@uni.edu.vn
2020106841,Trần Anh Lan,sv006841@uni.edu.vn
2021106842,Lê Anh Lan,sv006842@uni.edu.vn
2022106843,Phạm Anh Lan,sv006843@uni.edu.vn
2023106844,Hoàng Anh Lan,sv006844@uni.edu.vn
2024106845,Vũ Anh Lan,sv006845@uni.edu.vn
2019106846,Đặng Anh Lan,sv006846@uni.edu.vn
2020106847,Bùi Anh Lan,sv006847@uni.edu.vn
2021106848,Đỗ Anh Lan,sv006848@uni.edu.vn
2022106849,Hồ Anh Lan,sv006849@uni.edu.vn
2023106850,Nguyễn Tuấn Lan,sv006850@uni.edu.vn
2024106851,Trần Tuấn Lan,sv006851@uni.edu.vn
2019106852,Lê Tuấn Lan,sv006852@uni.edu.vn
2020106853,Phạm Tuấn Lan,sv006853@uni.edu.vn
2021106854,Hoàng Tuấn Lan,sv006854@uni.edu.vn
2022106855,Vũ Tuấn Lan,sv006855@uni.edu.vn
2023106856,Đặng Tuấn Lan,sv006856@uni.edu.vn
2024106857,Bùi Tuấn Lan,sv006857@uni.edu.vn
2019106858,Đỗ Tuấn Lan,sv006858@uni.edu.vn
2020106859,Hồ Tuấn Lan,sv006859@uni.edu.vn
2021106860,Nguyễn Hữu Lan,sv006860@uni.edu.vn
2022106861,Trần Hữu Lan,sv006861@uni.edu.vn
2023106862,Lê Hữu Lan,sv006862@uni.edu.vn
2024106863,Phạm Hữu Lan,sv006863@uni.edu.vn
2019106864,Hoàng Hữu Lan,sv006864@uni.edu.vn
2020106865,Vũ Hữu Lan,sv006865@uni.edu.vn
2021106866,Đặng Hữu Lan,sv006866@uni.edu.vn
2022106867,Bùi Hữu Lan,sv006867@uni.edu.vn
2023106868,Đỗ Hữu Lan,sv006868@uni.edu.vn
2024106869,Hồ Hữu Lan,sv006869@uni.edu.vn
2019106870,Nguyễn Thành Lan,sv006870@uni.edu.vn
2020106871,Trần Thành Lan,sv006871@uni.edu.vn
2021106872,Lê Thành Lan,sv006872@uni.edu.vn
2022106873,Phạm Thành Lan,sv006873@uni.edu.vn
2023106874,Hoàng Thành Lan,sv006874@uni.edu.vn
2024106875,Vũ Thành Lan,sv006875@uni.edu.vn
2019106876,Đặng Thành Lan,sv006876@uni.edu.vn
2020106877,Bùi Thành Lan,sv006877@uni.edu.vn
2021106878,Đỗ Thành Lan,sv006878@uni.edu.vn
2022106879,Hồ Thành Lan,sv006879@uni.edu.vn
2023106880,Nguyễn Ngọc Lan,sv006880@uni.edu.vn
2024106881,Trần Ngọc Lan,sv006881@uni.edu.vn
2019106882,Lê Ngọc Lan,sv006882@uni.edu.vn
2020106883,Phạm Ngọc Lan,sv006883@uni.edu.vn
2021106884,Hoàng Ngọc Lan,sv006884@uni.edu.vn
2022106885,Vũ Ngọc Lan,sv006885@uni.edu.vn
2023106886,Đặng Ngọc Lan,sv006886@uni.edu.vn
2024106887,Bùi Ngọc Lan,sv006887@uni.edu.vn
2019106888,Đỗ Ngọc Lan,sv006888@uni.edu.vn
2020106889,Hồ Ngọc Lan,sv006889@uni.edu.vn
2021106890,Nguyễn Lan,sv006890@uni.edu.vn
2022106891,Trần Lan,sv006891@uni.edu.vn
2023106892,Lê Lan,sv006892@uni.edu.vn
2024106893,Phạm Lan,sv006893@uni.edu.vn
2019106894,Hoàng Lan,sv006894@uni.edu.vn
2020106895,Vũ Lan,sv006895@uni.edu.vn
2021106896,Đặng Lan,sv006896@uni.edu.vn
2022106897,Bùi Lan,sv006897@uni.edu.vn
2023106898,Đỗ Lan,sv006898@uni.edu.vn
2024106899,Hồ Lan,sv006899@uni.edu.vn
2019106900,Nguyễn Thị Linh,sv006900@uni.edu.vn
2020106901,Trần Thị Linh,sv006901@uni.edu.vn
2021106902,Lê Thị Linh,sv006902@uni.edu.vn
2022106903,Phạm Thị Linh,sv006903@uni.edu.vn
2023106904,Hoàng Thị Linh,sv006904@uni.edu.vn
2024106905,Vũ Thị Linh,sv006905@uni.edu.vn
2019106906,Đặng Thị Linh,sv006906@uni.edu.vn
2020106907,Bùi Thị Linh,sv006907@uni.edu.vn
2021106908,Đỗ Thị Linh,sv006908@uni.edu.vn
2022106909,Hồ Thị Linh,sv006909@uni.edu.vn
2023106910,Nguyễn Văn Linh,sv006910@uni.edu.vn
2024106911,Trần Văn Linh,sv006911@uni.edu.vn
2019106912,Lê Văn Linh,sv006912@uni.edu.vn
2020106913,Phạm Văn Linh,sv006913@uni.edu.vn
2021106914,Hoàng Văn Linh,sv006914@uni.edu.vn
2022106915,Vũ Văn Linh,sv006915@uni.edu.vn
2023106916,Đặng Văn Linh,sv006916@uni.edu.vn
2024106917,Bùi Văn Linh,sv006917@uni.edu.vn
2019106918,Đỗ Văn Linh,sv006918@uni.edu.vn
2020106919,Hồ Văn Linh,sv006919@uni.edu.vn
2021106920,Nguyễn Minh Linh,sv006920@uni.edu.vn
2022106921,Trần Minh Linh,sv006921@uni.edu.vn
2023106922,Lê Minh Linh,sv006922@uni.edu.vn
2024106923,Phạm Minh Linh,sv006923@uni.edu.vn
2019106924,Hoàng Minh Linh,sv006924@uni.edu.vn
2020106925,Vũ Minh Linh,sv006925@uni.edu.vn
2021106926,Đặng Minh Linh,sv006926@uni.edu.vn
2022106927,Bùi Minh Linh,sv006927@uni.edu.vn
2023106928,Đỗ Minh Linh,sv006928@uni.edu.vn
2024106929,Hồ Minh Linh,sv006929@uni.edu.vn
2019106930,Nguyễn Quốc Linh,sv006930@uni.edu.vn
2020106931,Trần Quốc Linh,sv006931@uni.edu.vn
2021106932,Lê Quốc Linh,sv006932@uni.edu.vn
2022106933,Phạm Quốc Linh,sv006933@uni.edu.vn
2023106934,Hoàng Quốc Linh,sv006934@uni.edu.vn
2024106935,Vũ Quốc Linh,sv006935@uni.edu.vn
2019106936,Đặng Quốc Linh,sv006936@uni.edu.vn
2020106937,Bùi Quốc Linh,sv006937@uni.edu.vn
2021106938,Đỗ Quốc Linh,sv006938@uni.edu.vn
2022106939,Hồ Quốc Linh,sv006939@uni.edu.vn
2023106940,Nguyễn Anh Linh,sv006940@uni.edu.vn
2024106941,Trần Anh Linh,sv006941@uni.edu.vn
2019106942,Lê Anh Linh,sv006942@uni.edu.vn
2020106943,Phạm Anh Linh,sv006943@uni.edu.vn
2021106944,Hoàng Anh Linh,sv006944@uni.edu.vn
2022106945,Vũ Anh Linh,sv006945@uni.edu.vn
2023106946,Đặng Anh Linh,sv006946@uni.edu.vn
2024106947,Bùi Anh Linh,sv006947@uni.edu.vn
2019106948,Đỗ Anh Linh,sv006948@uni.edu.vn
2020106949,Hồ Anh Linh,sv006949@uni.edu.vn
2021106950,Nguyễn Tuấn Linh,sv006950@uni.edu.vn
2022106951,Trần Tuấn Linh,sv006951@uni.edu.vn
2023106952,Lê Tuấn Linh,sv006952@uni.edu.vn
2024106953,Phạm Tuấn Linh,sv006953@uni.edu.vn
2019106954,Hoàng Tuấn Linh,sv006954@uni.edu.vn
2020106955,Vũ Tuấn Linh,sv006955@uni.edu.vn
2021106956,Đặng Tuấn Linh,sv006956@uni.edu.vn
2022106957,Bùi Tuấn Linh,sv006957@uni.edu.vn
2023106958,Đỗ Tuấn Linh,sv006958@uni.edu.vn
2024106959,Hồ Tuấn Linh,sv006959@uni.edu.vn
2019106960,Nguyễn Hữu Linh,sv006960@uni.edu.vn
2020106961,Trần Hữu Linh,sv006961@uni.edu.vn
2021106962,Lê Hữu Linh,sv006962@uni.edu.vn
2022106963,Phạm Hữu Linh,sv006963@uni.edu.vn
2023106964,Hoàng Hữu Linh,sv006964@uni.edu.vn
2024106965,Vũ Hữu Linh,sv006965@uni.edu.vn
2019106966,Đặng Hữu Linh,sv006966@uni.edu.vn
2020106967,Bùi Hữu Linh,sv006967@uni.edu.vn
2021106968,Đỗ Hữu Linh,sv006968@uni.edu.vn
2022106969,Hồ Hữu Linh,sv006969@uni.edu.vn
2023106970,Nguyễn Thành Linh,sv006970@uni.edu.vn
2024106971,Trần Thành Linh,sv006971@uni.edu.vn
2019106972,Lê Thành Linh,sv006972@uni.edu.vn
2020106973,Phạm Thành Linh,sv006973@uni.edu.vn
2021106974,Hoàng Thành Linh,sv006974@uni.edu.vn
2022106975,Vũ Thành Linh,sv006975@uni.edu.vn
2023106976,Đặng Thành Linh,sv006976@uni.edu.vn
2024106977,Bùi Thành Linh,sv006977@uni.edu.vn
2019106978,Đỗ Thành Linh,sv006978@uni.edu.vn
2020106979,Hồ Thành Linh,sv006979@uni.edu.vn
2021106980,Nguyễn Ngọc Linh,sv006980@uni.edu.vn
2022106981,Trần Ngọc Linh,sv006981@uni.edu.vn
2023106982,Lê Ngọc Linh,sv006982@uni.edu.vn
2024106983,Phạm Ngọc Linh,sv006983@uni.edu.vn
2019106984,Hoàng Ngọc Linh,sv006984@uni.edu.vn
2020106985,Vũ Ngọc Linh,sv006985@uni.edu.vn
2021106986,Đặng Ngọc Linh,sv006986@uni.edu.vn
2022106987,Bùi Ngọc Linh,sv006987@uni.edu.vn
2023106988,Đỗ Ngọc Linh,sv006988@uni.edu.vn
2024106989,Hồ Ngọc Linh,sv006989@uni.edu.vn
2019106990,Nguyễn Linh,sv006990@uni.edu.vn
2020106991,Trần Linh,sv006991@uni.edu.vn
2021106992,Lê Linh,sv006992@uni.edu.vn
2022106993,Phạm Linh,sv006993@uni.edu.vn
2023106994,Hoàng Linh,sv006994@uni.edu.vn
2024106995,Vũ Linh,sv006995@uni.edu.vn
2019106996,Đặng Linh,sv006996@uni.edu.vn
2020106997,Bùi Linh,sv006997@uni.edu.vn
2021106998,Đỗ Linh,sv006998@uni.edu.vn
2022106999,Hồ Linh,sv006999@uni.edu.vn
2023107000,Nguyễn Thị Mai,sv007000@uni.edu.vn
2024107001,Trần Thị Mai,sv007001@uni.edu.vn
2019107002,Lê Thị Mai,sv007002@uni.edu.vn
2020107003,Phạm Thị Mai,sv007003@uni.edu.vn
2021107004,Hoàng Thị Mai,sv007004@uni.edu.vn
2022107005,Vũ Thị Mai,sv007005@uni.edu.vn
2023107006,Đặng Thị Mai,sv007006@uni.edu.vn
2024107007,Bùi Thị Mai,sv007007@uni.edu.vn
2019107008,Đỗ Thị Mai,sv007008@uni.edu.vn
2020107009,Hồ Thị Mai,sv007009@uni.edu.vn
2021107010,Nguyễn Văn Mai,sv007010@uni.edu.vn
2022107011,Trần Văn Mai,sv007011@uni.edu.vn
2023107012,Lê Văn Mai,sv007012@uni.edu.vn
2024107013,Phạm Văn Mai,sv007013@uni.edu.vn
2019107014,Hoàng Văn Mai,sv007014@uni.edu.vn
2020107015,Vũ Văn Mai,sv007015@uni.edu.vn
2021107016,Đặng Văn Mai,sv007016@uni.edu.vn
2022107017,Bùi Văn Mai,sv007017@uni.edu.vn
2023107018,Đỗ Văn Mai,sv007018@uni.edu.vn
2024107019,Hồ Văn Mai,sv007019@uni.edu.vn
2019107020,Nguyễn Minh Mai,sv007020@uni.edu.vn
2020107021,Trần Minh Mai,sv007021@uni.edu.vn
2021107022,Lê Minh Mai,sv007022@uni.edu.vn
2022107023,Phạm Minh Mai,sv007023@uni.edu.vn
2023107024,Hoàng Minh Mai,sv007024@uni.edu.vn
2024107025,Vũ Minh Mai,sv007025@uni.edu.vn
2019107026,Đặng Minh Mai,sv007026@uni.edu.vn
2020107027,Bùi Minh Mai,sv007027@uni.edu.vn
2021107028,Đỗ Minh Mai,sv007028@uni.edu.vn
2022107029,Hồ Minh Mai,sv007029@uni.edu.vn
2023107030,Nguyễn Quốc Mai,sv007030@uni.edu.vn
2024107031,Trần Quốc Mai,sv007031@uni.edu.vn
2019107032,Lê Quốc Mai,sv007032@uni.edu.vn
2020107033,Phạm Quốc Mai,sv007033@uni.edu.vn
2021107034,Hoàng Quốc Mai,sv007034@uni.edu.vn
2022107035,Vũ Quốc Mai,sv007035@uni.edu.vn
2023107036,Đặng Quốc Mai,sv007036@uni.edu.vn
2024107037,Bùi Quốc Mai,sv007037@uni.edu.vn
2019107038,Đỗ Quốc Mai,sv007038@uni.edu.vn
2020107039,Hồ Quốc Mai,sv007039@uni.edu.vn
2021107040,Nguyễn Anh Mai,sv007040@uni.edu.vn
2022107041,Trần Anh Mai,sv007041@uni.edu.vn
2023107042,Lê Anh Mai,sv007042@uni.edu.vn
2024107043,Phạm Anh Mai,sv007043@uni.edu.vn
2019107044,Hoàng Anh Mai,sv007044@uni.edu.vn
2020107045,Vũ Anh Mai,sv007045@uni.edu.vn
2021107046,Đặng Anh Mai,sv007046@uni.edu.vn
2022107047,Bùi Anh Mai,sv007047@uni.edu.vn
2023107048,Đỗ Anh Mai,sv007048@uni.edu.vn
2024107049,Hồ Anh Mai,sv007049@uni.edu.vn
2019107050,Nguyễn Tuấn Mai,sv007050@uni.edu.vn
2020107051,Trần Tuấn Mai,sv007051@uni.edu.vn
2021107052,Lê Tuấn Mai,sv007052@uni.edu.vn
2022107053,Phạm Tuấn Mai,sv007053@uni.edu.vn
2023107054,Hoàng Tuấn Mai,sv007054@uni.edu.vn
2024107055,Vũ Tuấn Mai,sv007055@uni.edu.vn
2019107056,Đặng Tuấn Mai,sv007056@uni.edu.vn
2020107057,Bùi Tuấn Mai,sv007057@uni.edu.vn
2021107058,Đỗ Tuấn Mai,sv007058@uni.edu.vn
2022107059,Hồ Tuấn Mai,sv007059@uni.edu.vn
2023107060,Nguyễn Hữu Mai,sv007060@uni.edu.vn
2024107061,Trần Hữu Mai,sv007061@uni.edu.vn
2019107062,Lê Hữu Mai,sv007062@uni.edu.vn
2020107063,Phạm Hữu Mai,sv007063@uni.edu.vn
2021107064,Hoàng Hữu Mai,sv007064@uni.edu.vn
2022107065,Vũ Hữu Mai,sv007065@uni.edu.vn
2023107066,Đặng Hữu Mai,sv007066@uni.edu.vn
2024107067,Bùi Hữu Mai,sv007067@uni.edu.vn
2019107068,Đỗ Hữu Mai,sv007068@uni.edu.vn
2020107069,Hồ Hữu Mai,sv007069@uni.edu.vn
2021107070,Nguyễn Thành Mai,sv007070@uni.edu.vn
2022107071,Trần Thành Mai,sv007071@uni.edu.vn
2023107072,Lê Thành Mai,sv007072@uni.edu.vn
2024107073,Phạm Thành Mai,sv007073@uni.edu.vn
2019107074,Hoàng Thành Mai,sv007074@uni.edu.vn
2020107075,Vũ Thành Mai,sv007075@uni.edu.vn
2021107076,Đặng Thành Mai,sv007076@uni.edu.vn
2022107077,Bùi Thành Mai,sv007077@uni.edu.vn
2023107078,Đỗ Thành Mai,sv007078@uni.edu.vn
2024107079,Hồ Thành Mai,sv007079@uni.edu.vn
2019107080,Nguyễn Ngọc Mai,sv007080@uni.edu.vn
2020107081,Trần Ngọc Mai,sv007081@uni.edu.vn
2021107082,Lê Ngọc Mai,sv007082@uni.edu.vn
2022107083,Phạm Ngọc Mai,sv007083@uni.edu.vn
2023107084,Hoàng Ngọc Mai,sv007084@uni.edu.vn
2024107085,Vũ Ngọc Mai,sv007085@uni.edu.vn
2019107086,Đặng Ngọc Mai,sv007086@uni.edu.vn
2020107087,Bùi Ngọc Mai,sv007087@uni.edu.vn
2021107088,Đỗ Ngọc Mai,sv007088@uni.edu.vn
2022107089,Hồ Ngọc Mai,sv007089@uni.edu.vn
2023107090,Nguyễn Mai,sv007090@uni.edu.vn
2024107091,Trần Mai,sv007091@uni.edu.vn
2019107092,Lê Mai,sv007092@uni.edu.vn
2020107093,Phạm Mai,sv007093@uni.edu.vn
2021107094,Hoàng Mai,sv007094@uni.edu.vn
2022107095,Vũ Mai,sv007095@uni.edu.vn
2023107096,Đặng Mai,sv007096@uni.edu.vn
2024107097,Bùi Mai,sv007097@uni.edu.vn
2019107098,Đỗ Mai,sv007098@uni.edu.vn
2020107099,Hồ Mai,sv007099@uni.edu.vn
2021107100,Nguyễn Thị Nam,sv007100@uni.edu.vn
2022107101,Trần Thị Nam,sv007101@uni.edu.vn
2023107102,Lê Thị Nam,sv007102@uni.edu.vn
2024107103,Phạm Thị Nam,sv007103@uni.edu.vn
2019107104,Hoàng Thị Nam,sv007104@uni.edu.vn
2020107105,Vũ Thị Nam,sv007105@uni.edu.vn
2021107106,Đặng Thị Nam,sv007106@uni.edu.vn
2022107107,Bùi Thị Nam,sv007107@uni.edu.vn
2023107108,Đỗ Thị Nam,sv007108@uni.edu.vn
2024107109,Hồ Thị Nam,sv007109@uni.edu.vn
2019107110,Nguyễn Văn Nam,sv007110@uni.edu.vn
2020107111,Trần Văn Nam,sv007111@uni.edu.vn
2021107112,Lê Văn Nam,sv007112@uni.edu.vn
2022107113,Phạm Văn Nam,sv007113@uni.edu.vn
2023107114,Hoàng Văn Nam,sv007114@uni.edu.vn
2024107115,Vũ Văn Nam,sv007115@uni.edu.vn
2019107116,Đặng Văn Nam,sv007116@uni.edu.vn
2020107117,Bùi Văn Nam,sv007117@uni.edu.vn
2021107118,Đỗ Văn Nam,sv007118@uni.edu.vn
2022107119,Hồ Văn Nam,sv007119@uni.edu.vn
2023107120,Nguyễn Minh Nam,sv007120@uni.edu.vn
2024107121,Trần Minh Nam,sv007121@uni.edu.vn
2019107122,Lê Minh Nam,sv007122@uni.edu.vn
2020107123,Phạm Minh Nam,sv007123@uni.edu.vn
2021107124,Hoàng Minh Nam,sv007124@uni.edu.vn
2022107125,Vũ Minh Nam,sv007125@uni.edu.vn
2023107126,Đặng Minh Nam,sv007126@uni.edu.vn
2024107127,Bùi Minh Nam,sv007127@uni.edu.vn
2019107128,Đỗ Minh Nam,sv007128@uni.edu.vn
2020107129,Hồ Minh Nam,sv007129@uni.edu.vn
2021107130,Nguyễn Quốc Nam,sv007130@uni.edu.vn
2022107131,Trần Quốc Nam,sv007131@uni.edu.vn
2023107132,Lê Quốc Nam,sv007132@uni.edu.vn
2024107133,Phạm Quốc Nam,sv007133@uni.edu.vn
2019107134,Hoàng Quốc Nam,sv007134@uni.edu.vn
2020107135,Vũ Quốc Nam,sv007135@uni.edu.vn
2021107136,Đặng Quốc Nam,sv007136@uni.edu.vn
2022107137,Bùi Quốc Nam,sv007137@uni.edu.vn
2023107138,Đỗ Quốc Nam,sv007138@uni.edu.vn
2024107139,Hồ Quốc Nam,sv007139@uni.edu.vn
2019107140,Nguyễn Anh Nam,sv007140@uni.edu.vn
2020107141,Trần Anh Nam,sv007141@uni.edu.vn
2021107142,Lê Anh Nam,sv007142@uni.edu.vn
2022107143,Phạm Anh Nam,sv007143@uni.edu.vn
2023107144,Hoàng Anh Nam,sv007144@uni.edu.vn
2024107145,Vũ Anh Nam,sv007145@uni.edu.vn
2019107146,Đặng Anh Nam,sv007146@uni.edu.vn
2020107147,Bùi Anh Nam,sv007147@uni.edu.vn
2021107148,Đỗ Anh Nam,sv007148@uni.edu.vn
2022107149,Hồ Anh Nam,sv007149@uni.edu.vn
2023107150,Nguyễn Tuấn Nam,sv007150@uni.edu.vn
2024107151,Trần Tuấn Nam,sv007151@uni.edu.vn
2019107152,Lê Tuấn Nam,sv007152@uni.edu.vn
2020107153,Phạm Tuấn Nam,sv007153@uni.edu.vn
2021107154,Hoàng Tuấn Nam,sv007154@uni.edu.vn
2022107155,Vũ Tuấn Nam,sv007155@uni.edu.vn
2023107156,Đặng Tuấn Nam,sv007156@uni.edu.vn
2024107157,Bùi Tuấn Nam,sv007157@uni.edu.vn
2019107158,Đỗ Tuấn Nam,sv007158@uni.edu.vn
2020107159,Hồ Tuấn Nam,sv007159@uni.edu.vn
2021107160,Nguyễn Hữu Nam,sv007160@uni.edu.vn
2022107161,Trần Hữu Nam,sv007161@uni.edu.vn
2023107162,Lê Hữu Nam,sv007162@uni.edu.vn
2024107163,Phạm Hữu Nam,sv007163@uni.edu.vn
2019107164,Hoàng Hữu Nam,sv007164@uni.edu.vn
2020107165,Vũ Hữu Nam,sv007165@uni.edu.vn
2021107166,Đặng Hữu Nam,sv007166@uni.edu.vn
2022107167,Bùi Hữu Nam,sv007167@uni.edu.vn
2023107168,Đỗ Hữu Nam,sv007168@uni.edu.vn
2024107169,Hồ Hữu Nam,sv007169@uni.edu.vn
2019107170,Nguyễn Thành Nam,sv007170@uni.edu.vn
2020107171,Trần Thành Nam,sv007171@uni.edu.vn
2021107172,Lê Thành Nam,sv007172@uni.edu.vn
2022107173,Phạm Thành Nam,sv007173@uni.edu.vn
2023107174,Hoàng Thành Nam,sv007174@uni.edu.vn
2024107175,Vũ Thành Nam,sv007175@uni.edu.vn
2019107176,Đặng Thành Nam,sv007176@uni.edu.vn
2020107177,Bùi Thành Nam,sv007177@uni.edu.vn
2021107178,Đỗ Thành Nam,sv007178@uni.edu.vn
2022107179,Hồ Thành Nam,sv007179@uni.edu.vn
2023107180,Nguyễn Ngọc Nam,sv007180@uni.edu.vn
2024107181,Trần Ngọc Nam,sv007181@uni.edu.vn
2019107182,Lê Ngọc Nam,sv007182@uni.edu.vn
2020107183,Phạm Ngọc Nam,sv007183@uni.edu.vn
2021107184,Hoàng Ngọc Nam,sv007184@uni.edu.vn
2022107185,Vũ Ngọc Nam,sv007185@uni.edu.vn
2023107186,Đặng Ngọc Nam,sv007186@uni.edu.vn
2024107187,Bùi Ngọc Nam,sv007187@uni.edu.vn
2019107188,Đỗ Ngọc Nam,sv007188@uni.edu.vn
2020107189,Hồ Ngọc Nam,sv007189@uni.edu.vn
2021107190,Nguyễn Nam,sv007190@uni.edu.vn
2022107191,Trần Nam,sv007191@uni.edu.vn
2023107192,Lê Nam,sv007192@uni.edu.vn
2024107193,Phạm Nam,sv007193@uni.edu.vn
2019107194,Hoàng Nam,sv007194@uni.edu.vn
2020107195,Vũ Nam,sv007195@uni.edu.vn
2021107196,Đặng Nam,sv007196@uni.edu.vn
2022107197,Bùi Nam,sv007197@uni.edu.vn
2023107198,Đỗ Nam,sv007198@uni.edu.vn
2024107199,Hồ Nam,sv007199@uni.edu.vn
2019107200,Nguyễn Thị Phong,sv007200@uni.edu.vn
2020107201,Trần Thị Phong,sv007201@uni.edu.vn
2021107202,Lê Thị Phong,sv007202@uni.edu.vn
2022107203,Phạm Thị Phong,sv007203@uni.edu.vn
2023107204,Hoàng Thị Phong,sv007204@uni.edu.vn
2024107205,Vũ Thị Phong,sv007205@uni.edu.vn
2019107206,Đặng Thị Phong,sv007206@uni.edu.vn
2020107207,Bùi Thị Phong,sv007207@uni.edu.vn
2021107208,Đỗ Thị Phong,sv007208@uni.edu.vn
2022107209,Hồ Thị Phong,sv007209@uni.edu.vn
2023107210,Nguyễn Văn Phong,sv007210@uni.edu.vn
2024107211,Trần Văn Phong,sv007211@uni.edu.vn
2019107212,Lê Văn Phong,sv007212@uni.edu.vn
2020107213,Phạm Văn Phong,sv007213@uni.edu.vn
2021107214,Hoàng Văn Phong,sv007214@uni.edu.vn
2022107215,Vũ Văn Phong,sv007215@uni.edu.vn
2023107216,Đặng Văn Phong,sv007216@uni.edu.vn
2024107217,Bùi Văn Phong,sv007217@uni.edu.vn
2019107218,Đỗ Văn Phong,sv007218@uni.edu.vn
2020107219,Hồ Văn Phong,sv007219@uni.edu.vn
2021107220,Nguyễn Minh Phong,sv007220@uni.edu.vn
2022107221,Trần Minh Phong,sv007221@uni.edu.vn
2023107222,Lê Minh Phong,sv007222@uni.edu.vn
2024107223,Phạm Minh Phong,sv007223@uni.edu.vn
2019107224,Hoàng Minh Phong,sv007224@uni.edu.vn
2020107225,Vũ Minh Phong,sv007225@uni.edu.vn
2021107226,Đặng Minh Phong,sv007226@uni.edu.vn
2022107227,Bùi Minh Phong,sv007227@uni.edu.vn
2023107228,Đỗ Minh Phong,sv007228@uni.edu.vn
2024107229,Hồ Minh Phong,sv007229@uni.edu.vn
2019107230,Nguyễn Quốc Phong,sv007230@uni.edu.vn
2020107231,Trần Quốc Phong,sv007231@uni.edu.vn
2021107232,Lê Quốc Phong,sv007232@uni.edu.vn
2022107233,Phạm Quốc Phong,sv007233@uni.edu.vn
2023107234,Hoàng Quốc Phong,sv007234@uni.edu.vn
2024107235,Vũ Quốc Phong,sv007235@uni.edu.vn
2019107236,Đặng Quốc Phong,sv007236@uni.edu.vn
2020107237,Bùi Quốc Phong,sv007237@uni.edu.vn
2021107238,Đỗ Quốc Phong,sv007238@uni.edu.vn
2022107239,Hồ Quốc Phong,sv007239@uni.edu.vn
2023107240,Nguyễn Anh Phong,sv007240@uni.edu.vn
2024107241,Trần Anh Phong,sv007241@uni.edu.vn
2019107242,Lê Anh Phong,sv007242@uni.edu.vn
2020107243,Phạm Anh Phong,sv007243@uni.edu.vn
2021107244,Hoàng Anh Phong,sv007244@uni.edu.vn
2022107245,Vũ Anh Phong,sv007245@uni.edu.vn
2023107246,Đặng Anh Phong,sv007246@uni.edu.vn
2024107247,Bùi Anh Phong,sv007247@uni.edu.vn
2019107248,Đỗ Anh Phong,sv007248@uni.edu.vn
2020107249,Hồ Anh Phong,sv007249@uni.edu.vn
2021107250,Nguyễn Tuấn Phong,sv007250@uni.edu.vn
2022107251,Trần Tuấn Phong,sv007251@uni.edu.vn
2023107252,Lê Tuấn Phong,sv007252@uni.edu.vn
2024107253,Phạm Tuấn Phong,sv007253@uni.edu.vn
2019107254,Hoàng Tuấn Phong,sv007254@uni.edu.vn
2020107255,Vũ Tuấn Phong,sv007255@uni.edu.vn
2021107256,Đặng Tuấn Phong,sv007256@uni.edu.vn
2022107257,Bùi Tuấn Phong,sv007257@uni.edu.vn
2023107258,Đỗ Tuấn Phong,sv007258@uni.edu.vn
2024107259,Hồ Tuấn Phong,sv007259@uni.edu.vn
2019107260,Nguyễn Hữu Phong,sv007260@uni.edu.vn
2020107261,Trần Hữu Phong,sv007261@uni.edu.vn
2021107262,Lê Hữu Phong,sv007262@uni.edu.vn
2022107263,Phạm Hữu Phong,sv007263@uni.edu.vn
2023107264,Hoàng Hữu Phong,sv007264@uni.edu.vn
2024107265,Vũ Hữu Phong,sv007265@uni.edu.vn
2019107266,Đặng Hữu Phong,sv007266@uni.edu.vn
2020107267,Bùi Hữu Phong,sv007267@uni.edu.vn
2021107268,Đỗ Hữu Phong,sv007268@uni.edu.vn
2022107269,Hồ Hữu Phong,sv007269@uni.edu.vn
2023107270,Nguyễn Thành Phong,sv007270@uni.edu.vn
2024107271,Trần Thành Phong,sv007271@uni.edu.vn
2019107272,Lê Thành Phong,sv007272@uni.edu.vn
2020107273,Phạm Thành Phong,sv007273@uni.edu.vn
2021107274,Hoàng Thành Phong,sv007274@uni.edu.vn
2022107275,Vũ Thành Phong,sv007275@uni.edu.vn
2023107276,Đặng Thành Phong,sv007276@uni.edu.vn
2024107277,Bùi Thành Phong,sv007277@uni.edu.vn
2019107278,Đỗ Thành Phong,sv007278@uni.edu.vn
2020107279,Hồ Thành Phong,sv007279@uni.edu.vn
2021107280,Nguyễn Ngọc Phong,sv007280@uni.edu.vn
2022107281,Trần Ngọc Phong,sv007281@uni.edu.vn
2023107282,Lê Ngọc Phong,sv007282@uni.edu.vn
2024107283,Phạm Ngọc Phong,sv007283@uni.edu.vn
2019107284,Hoàng Ngọc Phong,sv007284@uni.edu.vn
2020107285,Vũ Ngọc Phong,sv007285@uni.edu.vn
2021107286,Đặng Ngọc Phong,sv007286@uni.edu.vn
2022107287,Bùi Ngọc Phong,sv007287@uni.edu.vn
2023107288,Đỗ Ngọc Phong,sv007288@uni.edu.vn
2024107289,Hồ Ngọc Phong,sv007289@uni.edu.vn
2019107290,Nguyễn Phong,sv007290@uni.edu.vn
2020107291,Trần Phong,sv007291@uni.edu.vn
2021107292,Lê Phong,sv007292@uni.edu.vn
2022107293,Phạm Phong,sv007293@uni.edu.vn
2023107294,Hoàng Phong,sv007294@uni.edu.vn
2024107295,Vũ Phong,sv007295@uni.edu.vn
2019107296,Đặng Phong,sv007296@uni.edu.vn
2020107297,Bùi Phong,sv007297@uni.edu.vn
2021107298,Đỗ Phong,sv007298@uni.edu.vn
2022107299,Hồ Phong,sv007299@uni.edu.vn
2023107300,Nguyễn Thị Quân,sv007300@uni.edu.vn
2024107301,Trần Thị Quân,sv007301@uni.edu.vn
2019107302,Lê Thị Quân,sv007302@uni.edu.vn
2020107303,Phạm Thị Quân,sv007303@uni.edu.vn
2021107304,Hoàng Thị Quân,sv007304@uni.edu.vn
2022107305,Vũ Thị Quân,sv007305@uni.edu.vn
2023107306,Đặng Thị Quân,sv007306@uni.edu.vn
2024107307,Bùi Thị Quân,sv007307@uni.edu.vn
2019107308,Đỗ Thị Quân,sv007308@uni.edu.vn
2020107309,Hồ Thị Quân,sv007309@uni.edu.vn
2021107310,Nguyễn Văn Quân,sv007310@uni.edu.vn
2022107311,Trần Văn Quân,sv007311@uni.edu.vn
2023107312,Lê Văn Quân,sv007312@uni.edu.vn
2024107313,Phạm Văn Quân,sv007313@uni.edu.vn
2019107314,Hoàng Văn Quân,sv007314@uni.edu.vn
2020107315,Vũ Văn Quân,sv007315@uni.edu.vn
2021107316,Đặng Văn Quân,sv007316@uni.edu.vn
2022107317,Bùi Văn Quân,sv007317@uni.edu.vn
2023107318,Đỗ Văn Quân,sv007318@uni.edu.vn
2024107319,Hồ Văn Quân,sv007319@uni.edu.vn
2019107320,Nguyễn Minh Quân,sv007320@uni.edu.vn
2020107321,Trần Minh Quân,sv007321@uni.edu.vn
2021107322,Lê Minh Quân,sv007322@uni.edu.vn
2022107323,Phạm Minh Quân,sv007323@uni.edu.vn
2023107324,Hoàng Minh Quân,sv007324@uni.edu.vn
2024107325,Vũ Minh Quân,sv007325@uni.edu.vn
2019107326,Đặng Minh Quân,sv007326@uni.edu.vn
2020107327,Bùi Minh Quân,sv007327@uni.edu.vn
2021107328,Đỗ Minh Quân,sv007328@uni.edu.vn
2022107329,Hồ Minh Quân,sv007329@uni.edu.vn
2023107330,Nguyễn Quốc Quân,sv007330@uni.edu.vn
2024107331,Trần Quốc Quân,sv007331@uni.edu.vn
2019107332,Lê Quốc Quân,sv007332@uni.edu.vn
2020107333,Phạm Quốc Quân,sv007333@uni.edu.vn
2021107334,Hoàng Quốc Quân,sv007334@uni.edu.vn
2022107335,Vũ Quốc Quân,sv007335@uni.edu.vn
2023107336,Đặng Quốc Quân,sv007336@uni.edu.vn
2024107337,Bùi Quốc Quân,sv007337@uni.edu.vn
2019107338,Đỗ Quốc Quân,sv007338@uni.edu.vn
2020107339,Hồ Quốc Quân,sv007339@uni.edu.vn
2021107340,Nguyễn Anh Quân,sv007340@uni.edu.vn
2022107341,Trần Anh Quân,sv007341@uni.edu.vn
2023107342,Lê Anh Quân,sv007342@uni.edu.vn
2024107343,Phạm Anh Quân,sv007343@uni.edu.vn
2019107344,Hoàng Anh Quân,sv007344@uni.edu.vn
2020107345,Vũ Anh Quân,sv007345@uni.edu.vn
2021107346,Đặng Anh Quân,sv007346@uni.edu.vn
2022107347,Bùi Anh Quân,sv007347@uni.edu.vn
2023107348,Đỗ Anh Quân,sv007348@uni.edu.vn
2024107349,Hồ Anh Quân,sv007349@uni.edu.vn
2019107350,Nguyễn Tuấn Quân,sv007350@uni.edu.vn
2020107351,Trần Tuấn Quân,sv007351@uni.edu.vn
2021107352,Lê Tuấn Quân,sv007352@uni.edu.vn
2022107353,Phạm Tuấn Quân,sv007353@uni.edu.vn
2023107354,Hoàng Tuấn Quân,sv007354@uni.edu.vn
2024107355,Vũ Tuấn Quân,sv007355@uni.edu.vn
2019107356,Đặng Tuấn Quân,sv007356@uni.edu.vn
2020107357,Bùi Tuấn Quân,sv007357@uni.edu.vn
2021107358,Đỗ Tuấn Quân,sv007358@uni.edu.vn
2022107359,Hồ Tuấn Quân,sv007359@uni.edu.vn
2023107360,Nguyễn Hữu Quân,sv007360@uni.edu.vn
2024107361,Trần Hữu Quân,sv007361@uni.edu.vn
2019107362,Lê Hữu Quân,sv007362@uni.edu.vn
2020107363,Phạm Hữu Quân,sv007363@uni.edu.vn
2021107364,Hoàng Hữu Quân,sv007364@uni.edu.vn
2022107365,Vũ Hữu Quân,sv007365@uni.edu.vn
2023107366,Đặng Hữu Quân,sv007366@uni.edu.vn
2024107367,Bùi Hữu Quân,sv007367@uni.edu.vn
2019107368,Đỗ Hữu Quân,sv007368@uni.edu.vn
2020107369,Hồ Hữu Quân,sv007369@uni.edu.vn
2021107370,Nguyễn Thành Quân,sv007370@uni.edu.vn
2022107371,Trần Thành Quân,sv007371@uni.edu.vn
2023107372,Lê Thành Quân,sv007372@uni.edu.vn
2024107373,Phạm Thành Quân,sv007373@uni.edu.vn
2019107374,Hoàng Thành Quân,sv007374@uni.edu.vn
2020107375,Vũ Thành Quân,sv007375@uni.edu.vn
2021107376,Đặng Thành Quân,sv007376@uni.edu.vn
2022107377,Bùi Thành Quân,sv007377@uni.edu.vn
2023107378,Đỗ Thành Quân,sv007378@uni.edu.vn
2024107379,Hồ Thành Quân,sv007379@uni.edu.vn
2019107380,Nguyễn Ngọc Quân,sv007380@uni.edu.vn
2020107381,Trần Ngọc Quân,sv007381@uni.edu.vn
2021107382,Lê Ngọc Quân,sv007382@uni.edu.vn
2022107383,Phạm Ngọc Quân,sv007383@uni.edu.vn
2023107384,Hoàng Ngọc Quân,sv007384@uni.edu.vn
2024107385,Vũ Ngọc Quân,sv007385@uni.edu.vn
2019107386,Đặng Ngọc Quân,sv007386@uni.edu.vn
2020107387,Bùi Ngọc Quân,sv007387@uni.edu.vn
2021107388,Đỗ Ngọc Quân,sv007388@uni.edu.vn
2022107389,Hồ Ngọc Quân,sv007389@uni.edu.vn
2023107390,Nguyễn Quân,sv007390@uni.edu.vn
2024107391,Trần Quân,sv007391@uni.edu.vn
2019107392,Lê Quân,sv007392@uni.edu.vn
2020107393,Phạm Quân,sv007393@uni.edu.vn
2021107394,Hoàng Quân,sv007394@uni.edu.vn
2022107395,Vũ Quân,sv007395@uni.edu.vn
2023107396,Đặng Quân,sv007396@uni.edu.vn
2024107397,Bùi Quân,sv007397@uni.edu.vn
2019107398,Đỗ Quân,sv007398@uni.edu.vn
2020107399,Hồ Quân,sv007399@uni.edu.vn
2021107400,Nguyễn Thị Sơn,sv007400@uni.edu.vn
2022107401,Trần Thị Sơn,sv007401@uni.edu.vn
2023107402,Lê Thị Sơn,sv007402@uni.edu.vn
2024107403,Phạm Thị Sơn,sv007403@uni.edu.vn
2019107404,Hoàng Thị Sơn,sv007404@uni.edu.vn
2020107405,Vũ Thị Sơn,sv007405@uni.edu.vn
2021107406,Đặng Thị Sơn,sv007406@uni.edu.vn
2022107407,Bùi Thị Sơn,sv007407@uni.edu.vn
2023107408,Đỗ Thị Sơn,sv007408@uni.edu.vn
2024107409,Hồ Thị Sơn,sv007409@uni.edu.vn
2019107410,Nguyễn Văn Sơn,sv007410@uni.edu.vn
2020107411,Trần Văn Sơn,sv007411@uni.edu.vn
2021107412,Lê Văn Sơn,sv007412@uni.edu.vn
2022107413,Phạm Văn Sơn,sv007413@uni.edu.vn
2023107414,Hoàng Văn Sơn,sv007414@uni.edu.vn
2024107415,Vũ Văn Sơn,sv007415@uni.edu.vn
2019107416,Đặng Văn Sơn,sv007416@uni.edu.vn
2020107417,Bùi Văn Sơn,sv007417@uni.edu.vn
2021107418,Đỗ Văn Sơn,sv007418@uni.edu.vn
2022107419,Hồ Văn Sơn,sv007419@uni.edu.vn
2023107420,Nguyễn Minh Sơn,sv007420@uni.edu.vn
2024107421,Trần Minh Sơn,sv007421@uni.edu.vn
2019107422,Lê Minh Sơn,sv007422@uni.edu.vn
2020107423,Phạm Minh Sơn,sv007423@uni.edu.vn
2021107424,Hoàng Minh Sơn,sv007424@uni.edu.vn
2022107425,Vũ Minh Sơn,sv007425@uni.edu.vn
2023107426,Đặng Minh Sơn,sv007426@uni.edu.vn
2024107427,Bùi Minh Sơn,sv007427@uni.edu.vn
2019107428,Đỗ Minh Sơn,sv007428@uni.edu.vn
2020107429,Hồ Minh Sơn,sv007429@uni.edu.vn
2021107430,Nguyễn Quốc Sơn,sv007430@uni.edu.vn
2022107431,Trần Quốc Sơn,sv007431@uni.edu.vn
2023107432,Lê Quốc Sơn,sv007432@uni.edu.vn
2024107433,Phạm Quốc Sơn,sv007433@uni.edu.vn
2019107434,Hoàng Quốc Sơn,sv007434@uni.edu.vn
2020107435,Vũ Quốc Sơn,sv007435@uni.edu.vn
2021107436,Đặng Quốc Sơn,sv007436@uni.edu.vn
2022107437,Bùi Quốc Sơn,sv007437@uni.edu.vn
2023107438,Đỗ Quốc Sơn,sv007438@uni.edu.vn
2024107439,Hồ Quốc Sơn,sv007439@uni.edu.vn
2019107440,Nguyễn Anh Sơn,sv007440@uni.edu.vn
2020107441,Trần Anh Sơn,sv007441@uni.edu.vn
2021107442,Lê Anh Sơn,sv007442@uni.edu.vn
2022107443,Phạm Anh Sơn,sv007443@uni.edu.vn
2023107444,Hoàng Anh Sơn,sv007444@uni.edu.vn
2024107445,Vũ Anh Sơn,sv007445@uni.edu.vn
2019107446,Đặng Anh Sơn,sv007446@uni.edu.vn
2020107447,Bùi Anh Sơn,sv007447@uni.edu.vn
2021107448,Đỗ Anh Sơn,sv007448@uni.edu.vn
2022107449,Hồ Anh Sơn,sv007449@uni.edu.vn
2023107450,Nguyễn Tuấn Sơn,sv007450@uni.edu.vn
2024107451,Trần Tuấn Sơn,sv007451@uni.edu.vn
2019107452,Lê Tuấn Sơn,sv007452@uni.edu.vn
2020107453,Phạm Tuấn Sơn,sv007453@uni.edu.vn
2021107454,Hoàng Tuấn Sơn,sv007454@uni.edu.vn
2022107455,Vũ Tuấn Sơn,sv007455@uni.edu.vn
2023107456,Đặng Tuấn Sơn,sv007456@uni.edu.vn
2024107457,Bùi Tuấn Sơn,sv007457@uni.edu.vn
2019107458,Đỗ Tuấn Sơn,sv007458@uni.edu.vn
2020107459,Hồ Tuấn Sơn,sv007459@uni.edu.vn
2021107460,Nguyễn Hữu Sơn,sv007460@uni.edu.vn
2022107461,Trần Hữu Sơn,sv007461@uni.edu.vn
2023107462,Lê Hữu Sơn,sv007462@uni.edu.vn
2024107463,Phạm Hữu Sơn,sv007463@uni.edu.vn
2019107464,Hoàng Hữu Sơn,sv007464@uni.edu.vn
2020107465,Vũ Hữu Sơn,sv007465@uni.edu.vn
2021107466,Đặng Hữu Sơn,sv007466@uni.edu.vn
2022107467,Bùi Hữu Sơn,sv007467@uni.edu.vn
2023107468,Đỗ Hữu Sơn,sv007468@uni.edu.vn
2024107469,Hồ Hữu Sơn,sv007469@uni.edu.vn
2019107470,Nguyễn Thành Sơn,sv007470@uni.edu.vn
2020107471,Trần Thành Sơn,sv007471@uni.edu.vn
2021107472,Lê Thành Sơn,sv007472@uni.edu.vn
2022107473,Phạm Thành Sơn,sv007473@uni.edu.vn
2023107474,Hoàng Thành Sơn,sv007474@uni.edu.vn
2024107475,Vũ Thành Sơn,sv007475@uni.edu.vn
2019107476,Đặng Thành Sơn,sv007476@uni.edu.vn
2020107477,Bùi Thành Sơn,sv007477@uni.edu.vn
2021107478,Đỗ Thành Sơn,sv007478@uni.edu.vn
2022107479,Hồ Thành Sơn,sv007479@uni.edu.vn
2023107480,Nguyễn Ngọc Sơn,sv007480@uni.edu.vn
2024107481,Trần Ngọc Sơn,sv007481@uni.edu.vn
2019107482,Lê Ngọc Sơn,sv007482@uni.edu.vn
2020107483,Phạm Ngọc Sơn,sv007483@uni.edu.vn
2021107484,Hoàng Ngọc Sơn,sv007484@uni.edu.vn
2022107485,Vũ Ngọc Sơn,sv007485@uni.edu.vn
2023107486,Đặng Ngọc Sơn,sv007486@uni.edu.vn
2024107487,Bùi Ngọc Sơn,sv007487@uni.edu.vn
2019107488,Đỗ Ngọc Sơn,sv007488@uni.edu.vn
2020107489,Hồ Ngọc Sơn,sv007489@uni.edu.vn
2021107490,Nguyễn Sơn,sv007490@uni.edu.vn
2022107491,Trần Sơn,sv007491@uni.edu.vn
2023107492,Lê Sơn,sv007492@uni.edu.vn
2024107493,Phạm Sơn,sv007493@uni.edu.vn
2019107494,Hoàng Sơn,sv007494@uni.edu.vn
2020107495,Vũ Sơn,sv007495@uni.edu.vn
2021107496,Đặng Sơn,sv007496@uni.edu.vn
2022107497,Bùi Sơn,sv007497@uni.edu.vn
2023107498,Đỗ Sơn,sv007498@uni.edu.vn
2024107499,Hồ Sơn,sv007499@uni.edu.vn
2019107500,Nguyễn Thị Tâm,sv007500@uni.edu.vn
2020107501,Trần Thị Tâm,sv007501@uni.edu.vn
2021107502,Lê Thị Tâm,sv007502@uni.edu.vn
2022107503,Phạm Thị Tâm,sv007503@uni.edu.vn
2023107504,Hoàng Thị Tâm,sv007504@uni.edu.vn
2024107505,Vũ Thị Tâm,sv007505@uni.edu.vn
2019107506,Đặng Thị Tâm,sv007506@uni.edu.vn
2020107507,Bùi Thị Tâm,sv007507@uni.edu.vn
2021107508,Đỗ Thị Tâm,sv007508@uni.edu.vn
2022107509,Hồ Thị Tâm,sv007509@uni.edu.vn
2023107510,Nguyễn Văn Tâm,sv007510@uni.edu.vn
2024107511,Trần Văn Tâm,sv007511@uni.edu.vn
2019107512,Lê Văn Tâm,sv007512@uni.edu.vn
2020107513,Phạm Văn Tâm,sv007513@uni.edu.vn
2021107514,Hoàng Văn Tâm,sv007514@uni.edu.vn
2022107515,Vũ Văn Tâm,sv007515@uni.edu.vn
2023107516,Đặng Văn Tâm,sv007516@uni.edu.vn
2024107517,Bùi Văn Tâm,sv007517@uni.edu.vn
2019107518,Đỗ Văn Tâm,sv007518@uni.edu.vn
2020107519,Hồ Văn Tâm,sv007519@uni.edu.vn
2021107520,Nguyễn Minh Tâm,sv007520@uni.edu.vn
2022107521,Trần Minh Tâm,sv007521@uni.edu.vn
2023107522,Lê Minh Tâm,sv007522@uni.edu.vn
2024107523,Phạm Minh Tâm,sv007523@uni.edu.vn
2019107524,Hoàng Minh Tâm,sv007524@uni.edu.vn
2020107525,Vũ Minh Tâm,sv007525@uni.edu.vn
2021107526,Đặng Minh Tâm,sv007526@uni.edu.vn
2022107527,Bùi Minh Tâm,sv007527@uni.edu.vn
2023107528,Đỗ Minh Tâm,sv007528@uni.edu.vn
2024107529,Hồ Minh Tâm,sv007529@uni.edu.vn
2019107530,Nguyễn Quốc Tâm,sv007530@uni.edu.vn
2020107531,Trần Quốc Tâm,sv007531@uni.edu.vn
2021107532,Lê Quốc Tâm,sv007532@uni.edu.vn
2022107533,Phạm Quốc Tâm,sv007533@uni.edu.vn
2023107534,Hoàng Quốc Tâm,sv007534@uni.edu.vn
2024107535,Vũ Quốc Tâm,sv007535@uni.edu.vn
2019107536,Đặng Quốc Tâm,sv007536@uni.edu.vn
2020107537,Bùi Quốc Tâm,sv007537@uni.edu.vn
2021107538,Đỗ Quốc Tâm,sv007538@uni.edu.vn
2022107539,Hồ Quốc Tâm,sv007539@uni.edu.vn
2023107540,Nguyễn Anh Tâm,sv007540@uni.edu.vn
2024107541,Trần Anh Tâm,sv007541@uni.edu.vn
2019107542,Lê Anh Tâm,sv007542@uni.edu.vn
2020107543,Phạm Anh Tâm,sv007543@uni.edu.vn
2021107544,Hoàng Anh Tâm,sv007544@uni.edu.vn
2022107545,Vũ Anh Tâm,sv007545@uni.edu.vn
2023107546,Đặng Anh Tâm,sv007546@uni.edu.vn
2024107547,Bùi Anh Tâm,sv007547@uni.edu.vn
2019107548,Đỗ Anh Tâm,sv007548@uni.edu.vn
2020107549,Hồ Anh Tâm,sv007549@uni.edu.vn
2021107550,Nguyễn Tuấn Tâm,sv007550@uni.edu.vn
2022107551,Trần Tuấn Tâm,sv007551@uni.edu.vn
2023107552,Lê Tuấn Tâm,sv007552@uni.edu.vn
2024107553,Phạm Tuấn Tâm,sv007553@uni.edu.vn
2019107554,Hoàng Tuấn Tâm,sv007554@uni.edu.vn
2020107555,Vũ Tuấn Tâm,sv007555@uni.edu.vn
2021107556,Đặng Tuấn Tâm,sv007556@uni.edu.vn
2022107557,Bùi Tuấn Tâm,sv007557@uni.edu.vn
2023107558,Đỗ Tuấn Tâm,sv007558@uni.edu.vn
2024107559,Hồ Tuấn Tâm,sv007559@uni.edu.vn
2019107560,Nguyễn Hữu Tâm,sv007560@uni.edu.vn
2020107561,Trần Hữu Tâm,sv007561@uni.edu.vn
2021107562,Lê Hữu Tâm,sv007562@uni.edu.vn
2022107563,Phạm Hữu Tâm,sv007563@uni.edu.vn
2023107564,Hoàng Hữu Tâm,sv007564@uni.edu.vn
2024107565,Vũ Hữu Tâm,sv007565@uni.edu.vn
2019107566,Đặng Hữu Tâm,sv007566@uni.edu.vn
2020107567,Bùi Hữu Tâm,sv007567@uni.edu.vn
2021107568,Đỗ Hữu Tâm,sv007568@uni.edu.vn
2022107569,Hồ Hữu Tâm,sv007569@uni.edu.vn
2023107570,Nguyễn Thành Tâm,sv007570@uni.edu.vn
2024107571,Trần Thành Tâm,sv007571@uni.edu.vn
2019107572,Lê Thành Tâm,sv007572@uni.edu.vn
2020107573,Phạm Thành Tâm,sv007573@uni.edu.vn
2021107574,Hoàng Thành Tâm,sv007574@uni.edu.vn
2022107575,Vũ Thành Tâm,sv007575@uni.edu.vn
2023107576,Đặng Thành Tâm,sv007576@uni.edu.vn
2024107577,Bùi Thành Tâm,sv007577@uni.edu.vn
2019107578,Đỗ Thành Tâm,sv007578@uni.edu.vn
2020107579,Hồ Thành Tâm,sv007579@uni.edu.vn
2021107580,Nguyễn Ngọc Tâm,sv007580@uni.edu.vn
2022107581,Trần Ngọc Tâm,sv007581@uni.edu.vn
2023107582,Lê Ngọc Tâm,sv007582@uni.edu.vn
2024107583,Phạm Ngọc Tâm,sv007583@uni.edu.vn
2019107584,Hoàng Ngọc Tâm,sv007584@uni.edu.vn
2020107585,Vũ Ngọc Tâm,sv007585@uni.edu.vn
2021107586,Đặng Ngọc Tâm,sv007586@uni.edu.vn
2022107587,Bùi Ngọc Tâm,sv007587@uni.edu.vn
2023107588,Đỗ Ngọc Tâm,sv007588@uni.edu.vn
2024107589,Hồ Ngọc Tâm,sv007589@uni.edu.vn
2019107590,Nguyễn Tâm,sv007590@uni.edu.vn
2020107591,Trần Tâm,sv007591@uni.edu.vn
2021107592,Lê Tâm,sv007592@uni.edu.vn
2022107593,Phạm Tâm,sv007593@uni.edu.vn
2023107594,Hoàng Tâm,sv007594@uni.edu.vn
2024107595,Vũ Tâm,sv007595@uni.edu.vn
2019107596,Đặng Tâm,sv007596@uni.edu.vn
2020107597,Bùi Tâm,sv007597@uni.edu.vn
2021107598,Đỗ Tâm,sv007598@uni.edu.vn
2022107599,Hồ Tâm,sv007599@uni.edu.vn
2023107600,Nguyễn Thị Thảo,sv007600@uni.edu.vn
2024107601,Trần Thị Thảo,sv007601@uni.edu.vn
2019107602,Lê Thị Thảo,sv007602@uni.edu.vn
2020107603,Phạm Thị Thảo,sv007603@uni.edu.vn
2021107604,Hoàng Thị Thảo,sv007604@uni.edu.vn
2022107605,Vũ Thị Thảo,sv007605@uni.edu.vn
2023107606,Đặng Thị Thảo,sv007606@uni.edu.vn
2024107607,Bùi Thị Thảo,sv007607@uni.edu.vn
2019107608,Đỗ Thị Thảo,sv007608@uni.edu.vn
2020107609,Hồ Thị Thảo,sv007609@uni.edu.vn
2021107610,Nguyễn Văn Thảo,sv007610@uni.edu.vn
2022107611,Trần Văn Thảo,sv007611@uni.edu.vn
2023107612,Lê Văn Thảo,sv007612@uni.edu.vn
2024107613,Phạm Văn Thảo,sv007613@uni.edu.vn
2019107614,Hoàng Văn Thảo,sv007614@uni.edu.vn
2020107615,Vũ Văn Thảo,sv007615@uni.edu.vn
2021107616,Đặng Văn Thảo,sv007616@uni.edu.vn
2022107617,Bùi Văn Thảo,sv007617@uni.edu.vn
2023107618,Đỗ Văn Thảo,sv007618@uni.edu.vn
2024107619,Hồ Văn Thảo,sv007619@uni.edu.vn
2019107620,Nguyễn Minh Thảo,sv007620@uni.edu.vn
2020107621,Trần Minh Thảo,sv007621@uni.edu.vn
2021107622,Lê Minh Thảo,sv007622@uni.edu.vn
2022107623,Phạm Minh Thảo,sv007623@uni.edu.vn
2023107624,Hoàng Minh Thảo,sv007624@uni.edu.vn
2024107625,Vũ Minh Thảo,sv007625@uni.edu.vn
2019107626,Đặng Minh Thảo,sv007626@uni.edu.vn
2020107627,Bùi Minh Thảo,sv007627@uni.edu.vn
2021107628,Đỗ Minh Thảo,sv007628@uni.edu.vn
2022107629,Hồ Minh Thảo,sv007629@uni.edu.vn
2023107630,Nguyễn Quốc Thảo,sv007630@uni.edu.vn
2024107631,Trần Quốc Thảo,sv007631@uni.edu.vn
2019107632,Lê Quốc Thảo,sv007632@uni.edu.vn
2020107633,Phạm Quốc Thảo,sv007633@uni.edu.vn
2021107634,Hoàng Quốc Thảo,sv007634@uni.edu.vn
2022107635,Vũ Quốc Thảo,sv007635@uni.edu.vn
2023107636,Đặng Quốc Thảo,sv007636@uni.edu.vn
2024107637,Bùi Quốc Thảo,sv007637@uni.edu.vn
2019107638,Đỗ Quốc Thảo,sv007638@uni.edu.vn
2020107639,Hồ Quốc Thảo,sv007639@uni.edu.vn
2021107640,Nguyễn Anh Thảo,sv007640@uni.edu.vn
2022107641,Trần Anh Thảo,sv007641@uni.edu.vn
2023107642,Lê Anh Thảo,sv007642@uni.edu.vn
2024107643,Phạm Anh Thảo,sv007643@uni.edu.vn
2019107644,Hoàng Anh Thảo,sv007644@uni.edu.vn
2020107645,Vũ Anh Thảo,sv007645@uni.edu.vn
2021107646,Đặng Anh Thảo,sv007646@uni.edu.vn
2022107647,Bùi Anh Thảo,sv007647@uni.edu.vn
2023107648,Đỗ Anh Thảo,sv007648@uni.edu.vn
2024107649,Hồ Anh Thảo,sv007649@uni.edu.vn
2019107650,Nguyễn Tuấn Thảo,sv007650@uni.edu.vn
2020107651,Trần Tuấn Thảo,sv007651@uni.edu.vn
2021107652,Lê Tuấn Thảo,sv007652@uni.edu.vn
2022107653,Phạm Tuấn Thảo,sv007653@uni.edu.vn
2023107654,Hoàng Tuấn Thảo,sv007654@uni.edu.vn
2024107655,Vũ Tuấn Thảo,sv007655@uni.edu.vn
2019107656,Đặng Tuấn Thảo,sv007656@uni.edu.vn
2020107657,Bùi Tuấn Thảo,sv007657@uni.edu.vn
2021107658,Đỗ Tuấn Thảo,sv007658@uni.edu.vn
2022107659,Hồ Tuấn Thảo,sv007659@uni.edu.vn
2023107660,Nguyễn Hữu Thảo,sv007660@uni.edu.vn
2024107661,Trần Hữu Thảo,sv007661@uni.edu.vn
2019107662,Lê Hữu Thảo,sv007662@uni.edu.vn
2020107663,Phạm Hữu Thảo,sv007663@uni.edu.vn
2021107664,Hoàng Hữu Thảo,sv007664@uni.edu.vn
2022107665,Vũ Hữu Thảo,sv007665@uni.edu.vn
2023107666,Đặng Hữu Thảo,sv007666@uni.edu.vn
2024107667,Bùi Hữu Thảo,sv007667@uni.edu.vn
2019107668,Đỗ Hữu Thảo,sv007668@uni.edu.vn
2020107669,Hồ Hữu Thảo,sv007669@uni.edu.vn
2021107670,Nguyễn Thành Thảo,sv007670@uni.edu.vn
2022107671,Trần Thành Thảo,sv007671@uni.edu.vn
2023107672,Lê Thành Thảo,sv007672@uni.edu.vn
2024107673,Phạm Thành Thảo,sv007673@uni.edu.vn
2019107674,Hoàng Thành Thảo,sv007674@uni.edu.vn
2020107675,Vũ Thành Thảo,sv007675@uni.edu.vn
2021107676,Đặng Thành Thảo,sv007676@uni.edu.vn
2022107677,Bùi Thành Thảo,sv007677@uni.edu.vn
2023107678,Đỗ Thành Thảo,sv007678@uni.edu.vn
2024107679,Hồ Thành Thảo,sv007679@uni.edu.vn
2019107680,Nguyễn Ngọc Thảo,sv007680@uni.edu.vn
2020107681,Trần Ngọc Thảo,sv007681@uni.edu.vn
2021107682,Lê Ngọc Thảo,sv007682@uni.edu.vn
2022107683,Phạm Ngọc Thảo,sv007683@uni.edu.vn
2023107684,Hoàng Ngọc Thảo,sv007684@uni.edu.vn
2024107685,Vũ Ngọc Thảo,sv007685@uni.edu.vn
2019107686,Đặng Ngọc Thảo,sv007686@uni.edu.vn
2020107687,Bùi Ngọc Thảo,sv007687@uni.edu.vn
2021107688,Đỗ Ngọc Thảo,sv007688@uni.edu.vn
2022107689,Hồ Ngọc Thảo,sv007689@uni.edu.vn
2023107690,Nguyễn Thảo,sv007690@uni.edu.vn
2024107691,Trần Thảo,sv007691@uni.edu.vn
2019107692,Lê Thảo,sv007692@uni.edu.vn
2020107693,Phạm Thảo,sv007693@uni.edu.vn
2021107694,Hoàng Thảo,sv007694@uni.edu.vn
2022107695,Vũ Thảo,sv007695@uni.edu.vn
2023107696,Đặng Thảo,sv007696@uni.edu.vn
2024107697,Bùi Thảo,sv007697@uni.edu.vn
2019107698,Đỗ Thảo,sv007698@uni.edu.vn
2020107699,Hồ Thảo,sv007699@uni.edu.vn
2021107700,Nguyễn Thị Uyên,sv007700@uni.edu.vn
2022107701,Trần Thị Uyên,sv007701@uni.edu.vn
2023107702,Lê Thị Uyên,sv007702@uni.edu.vn
2024107703,Phạm Thị Uyên,sv007703@uni.edu.vn
2019107704,Hoàng Thị Uyên,sv007704@uni.edu.vn
2020107705,Vũ Thị Uyên,sv007705@uni.edu.vn
2021107706,Đặng Thị Uyên,sv007706@uni.edu.vn
2022107707,Bùi Thị Uyên,sv007707@uni.edu.vn
2023107708,Đỗ Thị Uyên,sv007708@uni.edu.vn
2024107709,Hồ Thị Uyên,sv007709@uni.edu.vn
2019107710,Nguyễn Văn Uyên,sv007710@uni.edu.vn
2020107711,Trần Văn Uyên,sv007711@uni.edu.vn
2021107712,Lê Văn Uyên,sv007712@uni.edu.vn
2022107713,Phạm Văn Uyên,sv007713@uni.edu.vn
2023107714,Hoàng Văn Uyên,sv007714@uni.edu.vn
2024107715,Vũ Văn Uyên,sv007715@uni.edu.vn
2019107716,Đặng Văn Uyên,sv007716@uni.edu.vn
2020107717,Bùi Văn Uyên,sv007717@uni.edu.vn
2021107718,Đỗ Văn Uyên,sv007718@uni.edu.vn
2022107719,Hồ Văn Uyên,sv007719@uni.edu.vn
2023107720,Nguyễn Minh Uyên,sv007720@uni.edu.vn
2024107721,Trần Minh Uyên,sv007721@uni.edu.vn
2019107722,Lê Minh Uyên,sv007722@uni.edu.vn
2020107723,Phạm Minh Uyên,sv007723@uni.edu.vn
2021107724,Hoàng Minh Uyên,sv007724@uni.edu.vn
2022107725,Vũ Minh Uyên,sv007725@uni.edu.vn
2023107726,Đặng Minh Uyên,sv007726@uni.edu.vn
2024107727,Bùi Minh Uyên,sv007727@uni.edu.vn
2019107728,Đỗ Minh Uyên,sv007728@uni.edu.vn
2020107729,Hồ Minh Uyên,sv007729@uni.edu.vn
2021107730,Nguyễn Quốc Uyên,sv007730@uni.edu.vn
2022107731,Trần Quốc Uyên,sv007731@uni.edu.vn
2023107732,Lê Quốc Uyên,sv007732@uni.edu.vn
2024107733,Phạm Quốc Uyên,sv007733@uni.edu.vn
2019107734,Hoàng Quốc Uyên,sv007734@uni.edu.vn
2020107735,Vũ Quốc Uyên,sv007735@uni.edu.vn
2021107736,Đặng Quốc Uyên,sv007736@uni.edu.vn
2022107737,Bùi Quốc Uyên,sv007737@uni.edu.vn
2023107738,Đỗ Quốc Uyên,sv007738@uni.edu.vn
2024107739,Hồ Quốc Uyên,sv007739@uni.edu.vn
2019107740,Nguyễn Anh Uyên,sv007740@uni.edu.vn
2020107741,Trần Anh Uyên,sv007741@uni.edu.vn
2021107742,Lê Anh Uyên,sv007742@uni.edu.vn
2022107743,Phạm Anh Uyên,sv007743@uni.edu.vn
2023107744,Hoàng Anh Uyên,sv007744@uni.edu.vn
2024107745,Vũ Anh Uyên,sv007745@uni.edu.vn
2019107746,Đặng Anh Uyên,sv007746@uni.edu.vn
2020107747,Bùi Anh Uyên,sv007747@uni.edu.vn
2021107748,Đỗ Anh Uyên,sv007748@uni.edu.vn
2022107749,Hồ Anh Uyên,sv007749@uni.edu.vn
2023107750,Nguyễn Tuấn Uyên,sv007750@uni.edu.vn
2024107751,Trần Tuấn Uyên,sv007751@uni.edu.vn
2019107752,Lê Tuấn Uyên,sv007752@uni.edu.vn
2020107753,Phạm Tuấn Uyên,sv007753@uni.edu.vn
2021107754,Hoàng Tuấn Uyên,sv007754@uni.edu.vn
2022107755,Vũ Tuấn Uyên,sv007755@uni.edu.vn
2023107756,Đặng Tuấn Uyên,sv007756@uni.edu.vn
2024107757,Bùi Tuấn Uyên,sv007757@uni.edu.vn
2019107758,Đỗ Tuấn Uyên,sv007758@uni.edu.vn
2020107759,Hồ Tuấn Uyên,sv007759@uni.edu.vn
2021107760,Nguyễn Hữu Uyên,sv007760@uni.edu.vn
2022107761,Trần Hữu Uyên,sv007761@uni.edu.vn
2023107762,Lê Hữu Uyên,sv007762@uni.edu.vn
2024107763,Phạm Hữu Uyên,sv007763@uni.edu.vn
2019107764,Hoàng Hữu Uyên,sv007764@uni.edu.vn
2020107765,Vũ Hữu Uyên,sv007765@uni.edu.vn
2021107766,Đặng Hữu Uyên,sv007766@uni.edu.vn
2022107767,Bùi Hữu Uyên,sv007767@uni.edu.vn
2023107768,Đỗ Hữu Uyên,sv007768@uni.edu.vn
2024107769,Hồ Hữu Uyên,sv007769@uni.edu.vn
2019107770,Nguyễn Thành Uyên,sv007770@uni.edu.vn
2020107771,Trần Thành Uyên,sv007771@uni.edu.vn
2021107772,Lê Thành Uyên,sv007772@uni.edu.vn
2022107773,Phạm Thành Uyên,sv007773@uni.edu.vn
2023107774,Hoàng Thành Uyên,sv007774@uni.edu.vn
2024107775,Vũ Thành Uyên,sv007775@uni.edu.vn
2019107776,Đặng Thành Uyên,sv007776@uni.edu.vn
2020107777,Bùi Thành Uyên,sv007777@uni.edu.vn
2021107778,Đỗ Thành Uyên,sv007778@uni.edu.vn
2022107779,Hồ Thành Uyên,sv007779@uni.edu.vn
2023107780,Nguyễn Ngọc Uyên,sv007780@uni.edu.vn
2024107781,Trần Ngọc Uyên,sv007781@uni.edu.vn
2019107782,Lê Ngọc Uyên,sv007782@uni.edu.vn
2020107783,Phạm Ngọc Uyên,sv007783@uni.edu.vn
2021107784,Hoàng Ngọc Uyên,sv007784@uni.edu.vn
2022107785,Vũ Ngọc Uyên,sv007785@uni.edu.vn
2023107786,Đặng Ngọc Uyên,sv007786@uni.edu.vn
2024107787,Bùi Ngọc Uyên,sv007787@uni.edu.vn
2019107788,Đỗ Ngọc Uyên,sv007788@uni.edu.vn
2020107789,Hồ Ngọc Uyên,sv007789@uni.edu.vn
2021107790,Nguyễn Uyên,sv007790@uni.edu.vn
2022107791,Trần Uyên,sv007791@uni.edu.vn
2023107792,Lê Uyên,sv007792@uni.edu.vn
2024107793,Phạm Uyên,sv007793@uni.edu.vn
2019107794,Hoàng Uyên,sv007794@uni.edu.vn
2020107795,Vũ Uyên,sv007795@uni.edu.vn
2021107796,Đặng Uyên,sv007796@uni.edu.vn
2022107797,Bùi Uyên,sv007797@uni.edu.vn
2023107798,Đỗ Uyên,sv007798@uni.edu.vn
2024107799,Hồ Uyên,sv007799@uni.edu.vn
2019107800,Nguyễn Thị Việt,sv007800@uni.edu.vn
2020107801,Trần Thị Việt,sv007801@uni.edu.vn
2021107802,Lê Thị Việt,sv007802@uni.edu.vn
2022107803,Phạm Thị Việt,sv007803@uni.edu.vn
2023107804,Hoàng Thị Việt,sv007804@uni.edu.vn
2024107805,Vũ Thị Việt,sv007805@uni.edu.vn
2019107806,Đặng Thị Việt,sv007806@uni.edu.vn
2020107807,Bùi Thị Việt,sv007807@uni.edu.vn
2021107808,Đỗ Thị Việt,sv007808@uni.edu.vn
2022107809,Hồ Thị Việt,sv007809@uni.edu.vn
2023107810,Nguyễn Văn Việt,sv007810@uni.edu.vn
2024107811,Trần Văn Việt,sv007811@uni.edu.vn
2019107812,Lê Văn Việt,sv007812@uni.edu.vn
2020107813,Phạm Văn Việt,sv007813@uni.edu.vn
2021107814,Hoàng Văn Việt,sv007814@uni.edu.vn
2022107815,Vũ Văn Việt,sv007815@uni.edu.vn
2023107816,Đặng Văn Việt,sv007816@uni.edu.vn
2024107817,Bùi Văn Việt,sv007817@uni.edu.vn
2019107818,Đỗ Văn Việt,sv007818@uni.edu.vn
2020107819,Hồ Văn Việt,sv007819@uni.edu.vn
2021107820,Nguyễn Minh Việt,sv007820@uni.edu.vn
2022107821,Trần Minh Việt,sv007821@uni.edu.vn
2023107822,Lê Minh Việt,sv007822@uni.edu.vn
2024107823,Phạm Minh Việt,sv007823@uni.edu.vn
2019107824,Hoàng Minh Việt,sv007824@uni.edu.vn
2020107825,Vũ Minh Việt,sv007825@uni.edu.vn
2021107826,Đặng Minh Việt,sv007826@uni.edu.vn
2022107827,Bùi Minh Việt,sv007827@uni.edu.vn
2023107828,Đỗ Minh Việt,sv007828@uni.edu.vn
2024107829,Hồ Minh Việt,sv007829@uni.edu.vn
2019107830,Nguyễn Quốc Việt,sv007830@uni.edu.vn
2020107831,Trần Quốc Việt,sv007831@uni.edu.vn
2021107832,Lê Quốc Việt,sv007832@uni.edu.vn
2022107833,Phạm Quốc Việt,sv007833@uni.edu.vn
2023107834,Hoàng Quốc Việt,sv007834@uni.edu.vn
2024107835,Vũ Quốc Việt,sv007835@uni.edu.vn
2019107836,Đặng Quốc Việt,sv007836@uni.edu.vn
2020107837,Bùi Quốc Việt,sv007837@uni.edu.vn
2021107838,Đỗ Quốc Việt,sv007838@uni.edu.vn
2022107839,Hồ Quốc Việt,sv007839@uni.edu.vn
2023107840,Nguyễn Anh Việt,sv007840@uni.edu.vn
2024107841,Trần Anh Việt,sv007841@uni.edu.vn
2019107842,Lê Anh Việt,sv007842@uni.edu.vn
2020107843,Phạm Anh Việt,sv007843@uni.edu.vn
2021107844,Hoàng Anh Việt,sv007844@uni.edu.vn
2022107845,Vũ Anh Việt,sv007845@uni.edu.vn
2023107846,Đặng Anh Việt,sv007846@uni.edu.vn
2024107847,Bùi Anh Việt,sv007847@uni.edu.vn
2019107848,Đỗ Anh Việt,sv007848@uni.edu.vn
2020107849,Hồ Anh Việt,sv007849@uni.edu.vn
2021107850,Nguyễn Tuấn Việt,sv007850@uni.edu.vn
2022107851,Trần Tuấn Việt,sv007851@uni.edu.vn
2023107852,Lê Tuấn Việt,sv007852@uni.edu.vn
2024107853,Phạm Tuấn Việt,sv007853@uni.edu.vn
2019107854,Hoàng Tuấn Việt,sv007854@uni.edu.vn
2020107855,Vũ Tuấn Việt,sv007855@uni.edu.vn
2021107856,Đặng Tuấn Việt,sv007856@uni.edu.vn
2022107857,Bùi Tuấn Việt,sv007857@uni.edu.vn
2023107858,Đỗ Tuấn Việt,sv007858@uni.edu.vn
2024107859,Hồ Tuấn Việt,sv007859@uni.edu.vn
2019107860,Nguyễn Hữu Việt,sv007860@uni.edu.vn
2020107861,Trần Hữu Việt,sv007861@uni.edu.vn
2021107862,Lê Hữu Việt,sv007862@uni.edu.vn
2022107863,Phạm Hữu Việt,sv007863@uni.edu.vn
2023107864,Hoàng Hữu Việt,sv007864@uni.edu.vn
2024107865,Vũ Hữu Việt,sv007865@uni.edu.vn
2019107866,Đặng Hữu Việt,sv007866@uni.edu.vn
2020107867,Bùi Hữu Việt,sv007867@uni.edu.vn
2021107868,Đỗ Hữu Việt,sv007868@uni.edu.vn
2022107869,Hồ Hữu Việt,sv007869@uni.edu.vn
2023107870,Nguyễn Thành Việt,sv007870@uni.edu.vn
2024107871,Trần Thành Việt,sv007871@uni.edu.vn
2019107872,Lê Thành Việt,sv007872@uni.edu.vn
2020107873,Phạm Thành Việt,sv007873@uni.edu.vn
2021107874,Hoàng Thành Việt,sv007874@uni.edu.vn
2022107875,Vũ Thành Việt,sv007875@uni.edu.vn
2023107876,Đặng Thành Việt,sv007876@uni.edu.vn
2024107877,Bùi Thành Việt,sv007877@uni.edu.vn
2019107878,Đỗ Thành Việt,sv007878@uni.edu.vn
2020107879,Hồ Thành Việt,sv007879@uni.edu.vn
2021107880,Nguyễn Ngọc Việt,sv007880@uni.edu.vn
2022107881,Trần Ngọc Việt,sv007881@uni.edu.vn
2023107882,Lê Ngọc Việt,sv007882@uni.edu.vn
2024107883,Phạm Ngọc Việt,sv007883@uni.edu.vn
2019107884,Hoàng Ngọc Việt,sv007884@uni.edu.vn
2020107885,Vũ Ngọc Việt,sv007885@uni.edu.vn
2021107886,Đặng Ngọc Việt,sv007886@uni.edu.vn
2022107887,Bùi Ngọc Việt,sv007887@uni.edu.vn
2023107888,Đỗ Ngọc Việt,sv007888@uni.edu.vn
2024107889,Hồ Ngọc Việt,sv007889@uni.edu.vn
2019107890,Nguyễn Việt,sv007890@uni.edu.vn
2020107891,Trần Việt,sv007891@uni.edu.vn
2021107892,Lê Việt,sv007892@uni.edu.vn
2022107893,Phạm Việt,sv007893@uni.edu.vn
2023107894,Hoàng Việt,sv007894@uni.edu.vn
2024107895,Vũ Việt,sv007895@uni.edu.vn
2019107896,Đặng Việt,sv007896@uni.edu.vn
2020107897,Bùi Việt,sv007897@uni.edu.vn
2021107898,Đỗ Việt,sv007898@uni.edu.vn
2022107899,Hồ Việt,sv007899@uni.edu.vn
2023107900,Nguyễn Thị Yến,sv007900@uni.edu.vn
2024107901,Trần Thị Yến,sv007901@uni.edu.vn
2019107902,Lê Thị Yến,sv007902@uni.edu.vn
2020107903,Phạm Thị Yến,sv007903@uni.edu.vn
2021107904,Hoàng Thị Yến,sv007904@uni.edu.vn
2022107905,Vũ Thị Yến,sv007905@uni.edu.vn
2023107906,Đặng Thị Yến,sv007906@uni.edu.vn
2024107907,Bùi Thị Yến,sv007907@uni.edu.vn
2019107908,Đỗ Thị Yến,sv007908@uni.edu.vn
2020107909,Hồ Thị Yến,sv007909@uni.edu.vn
2021107910,Nguyễn Văn Yến,sv007910@uni.edu.vn
2022107911,Trần Văn Yến,sv007911@uni.edu.vn
2023107912,Lê Văn Yến,sv007912@uni.edu.vn
2024107913,Phạm Văn Yến,sv007913@uni.edu.vn
2019107914,Hoàng Văn Yến,sv007914@uni.edu.vn
2020107915,Vũ Văn Yến,sv007915@uni.edu.vn
2021107916,Đặng Văn Yến,sv007916@uni.edu.vn
2022107917,Bùi Văn Yến,sv007917@uni.edu.vn
2023107918,Đỗ Văn Yến,sv007918@uni.edu.vn
2024107919,Hồ Văn Yến,sv007919@uni.edu.vn
2019107920,Nguyễn Minh Yến,sv007920@uni.edu.vn
2020107921,Trần Minh Yến,sv007921@uni.edu.vn
2021107922,Lê Minh Yến,sv007922@uni.edu.vn
2022107923,Phạm Minh Yến,sv007923@uni.edu.vn
2023107924,Hoàng Minh Yến,sv007924@uni.edu.vn
2024107925,Vũ Minh Yến,sv007925@uni.edu.vn
2019107926,Đặng Minh Yến,sv007926@uni.edu.vn
2020107927,Bùi Minh Yến,sv007927@uni.edu.vn
2021107928,Đỗ Minh Yến,sv007928@uni.edu.vn
2022107929,Hồ Minh Yến,sv007929@uni.edu.vn
2023107930,Nguyễn Quốc Yến,sv007930@uni.edu.vn
2024107931,Trần Quốc Yến,sv007931@uni.edu.vn
2019107932,Lê Quốc Yến,sv007932@uni.edu.vn
2020107933,Phạm Quốc Yến,sv007933@uni.edu.vn
2021107934,Hoàng Quốc Yến,sv007934@uni.edu.vn
2022107935,Vũ Quốc Yến,sv007935@uni.edu.vn
2023107936,Đặng Quốc Yến,sv007936@uni.edu.vn
2024107937,Bùi Quốc Yến,sv007937@uni.edu.vn
2019107938,Đỗ Quốc Yến,sv007938@uni.edu.vn
2020107939,Hồ Quốc Yến,sv007939@uni.edu.vn
2021107940,Nguyễn Anh Yến,sv007940@uni.edu.vn
2022107941,Trần Anh Yến,sv007941@uni.edu.vn
2023107942,Lê Anh Yến,sv007942@uni.edu.vn
2024107943,Phạm Anh Yến,sv007943@uni.edu.vn
2019107944,Hoàng Anh Yến,sv007944@uni.edu.vn
2020107945,Vũ Anh Yến,sv007945@uni.edu.vn
2021107946,Đặng Anh Yến,sv007946@uni.edu.vn
2022107947,Bùi Anh Yến,sv007947@uni.edu.vn
2023107948,Đỗ Anh Yến,sv007948@uni.edu.vn
2024107949,Hồ Anh Yến,sv007949@uni.edu.vn
2019107950,Nguyễn Tuấn Yến,sv007950@uni.edu.vn
2020107951,Trần Tuấn Yến,sv007951@uni.edu.vn
2021107952,Lê Tuấn Yến,sv007952@uni.edu.vn
2022107953,Phạm Tuấn Yến,sv007953@uni.edu.vn
2023107954,Hoàng Tuấn Yến,sv007954@uni.edu.vn
2024107955,Vũ Tuấn Yến,sv007955@uni.edu.vn
2019107956,Đặng Tuấn Yến,sv007956@uni.edu.vn
2020107957,Bùi Tuấn Yến,sv007957@uni.edu.vn
2021107958,Đỗ Tuấn Yến,sv007958@uni.edu.vn
2022107959,Hồ Tuấn Yến,sv007959@uni.edu.vn
2023107960,Nguyễn Hữu Yến,sv007960@uni.edu.vn
2024107961,Trần Hữu Yến,sv007961@uni.edu.vn
2019107962,Lê Hữu Yến,sv007962@uni.edu.vn
2020107963,Phạm Hữu Yến,sv007963@uni.edu.vn
2021107964,Hoàng Hữu Yến,sv007964@uni.edu.vn
2022107965,Vũ Hữu Yến,sv007965@uni.edu.vn
2023107966,Đặng Hữu Yến,sv007966@uni.edu.vn
2024107967,Bùi Hữu Yến,sv007967@uni.edu.vn
2019107968,Đỗ Hữu Yến,sv007968@uni.edu.vn
2020107969,Hồ Hữu Yến,sv007969@uni.edu.vn
2021107970,Nguyễn Thành Yến,sv007970@uni.edu.vn
2022107971,Trần Thành Yến,sv007971@uni.edu.vn
2023107972,Lê Thành Yến,sv007972@uni.edu.vn
2024107973,Phạm Thành Yến,sv007973@uni.edu.vn
2019107974,Hoàng Thành Yến,sv007974@uni.edu.vn
2020107975,Vũ Thành Yến,sv007975@uni.edu.vn
2021107976,Đặng Thành Yến,sv007976@uni.edu.vn
2022107977,Bùi Thành Yến,sv007977@uni.edu.vn
2023107978,Đỗ Thành Yến,sv007978@uni.edu.vn
2024107979,Hồ Thành Yến,sv007979@uni.edu.vn
2019107980,Nguyễn Ngọc Yến,sv007980@uni.edu.vn
2020107981,Trần Ngọc Yến,sv007981@uni.edu.vn
2021107982,Lê Ngọc Yến,sv007982@uni.edu.vn
2022107983,Phạm Ngọc Yến,sv007983@uni.edu.vn
2023107984,Hoàng Ngọc Yến,sv007984@uni.edu.vn
2024107985,Vũ Ngọc Yến,sv007985@uni.edu.vn
2019107986,Đặng Ngọc Yến,sv007986@uni.edu.vn
2020107987,Bùi Ngọc Yến,sv007987@uni.edu.vn
2021107988,Đỗ Ngọc Yến,sv007988@uni.edu.vn
2022107989,Hồ Ngọc Yến,sv007989@uni.edu.vn
2023107990,Nguyễn Yến,sv007990@uni.edu.vn
2024107991,Trần Yến,sv007991@uni.edu.vn
2019107992,Lê Yến,sv007992@uni.edu.vn
2020107993,Phạm Yến,sv007993@uni.edu.vn
2021107994,Hoàng Yến,sv007994@uni.edu.vn
2022107995,Vũ Yến,sv007995@uni.edu.vn
2023107996,Đặng Yến,sv007996@uni.edu.vn
2024107997,Bùi Yến,sv007997@uni.edu.vn
2019107998,Đỗ Yến,sv007998@uni.edu.vn
2020107999,Hồ Yến,sv007999@uni.edu.vn
2021108000,Nguyễn Thị An,INVALID_EMAIL_FORMAT
2022108001,Trần Thị An,sv008001@uni.edu.vn
2023108002,Lê Thị An,sv008002@uni.edu.vn
2024108003,Phạm Thị An,sv008003@uni.edu.vn
2019108004,Hoàng Thị An,sv008004@uni.edu.vn
2020108005,Vũ Thị An,sv008005@uni.edu.vn
2021108006,Đặng Thị An,sv008006@uni.edu.vn
2022108007,Bùi Thị An,sv008007@uni.edu.vn
2023108008,Đỗ Thị An,sv008008@uni.edu.vn
2024108009,Hồ Thị An,sv008009@uni.edu.vn
2019108010,Nguyễn Văn An,sv008010@uni.edu.vn
2020108011,Trần Văn An,sv008011@uni.edu.vn
2021108012,Lê Văn An,sv008012@uni.edu.vn
2022108013,Phạm Văn An,sv008013@uni.edu.vn
2023108014,Hoàng Văn An,sv008014@uni.edu.vn
2024108015,Vũ Văn An,sv008015@uni.edu.vn
2019108016,Đặng Văn An,sv008016@uni.edu.vn
2020108017,Bùi Văn An,sv008017@uni.edu.vn
2021108018,Đỗ Văn An,sv008018@uni.edu.vn
2022108019,Hồ Văn An,sv008019@uni.edu.vn
2023108020,Nguyễn Minh An,sv008020@uni.edu.vn
2024108021,Trần Minh An,sv008021@uni.edu.vn
2019108022,Lê Minh An,sv008022@uni.edu.vn
2020108023,Phạm Minh An,sv008023@uni.edu.vn
2021108024,Hoàng Minh An,sv008024@uni.edu.vn
2022108025,Vũ Minh An,sv008025@uni.edu.vn
2023108026,Đặng Minh An,sv008026@uni.edu.vn
2024108027,Bùi Minh An,sv008027@uni.edu.vn
2019108028,Đỗ Minh An,sv008028@uni.edu.vn
2020108029,Hồ Minh An,sv008029@uni.edu.vn
2021108030,Nguyễn Quốc An,sv008030@uni.edu.vn
2022108031,Trần Quốc An,sv008031@uni.edu.vn
2023108032,Lê Quốc An,sv008032@uni.edu.vn
2024108033,Phạm Quốc An,sv008033@uni.edu.vn
2019108034,Hoàng Quốc An,sv008034@uni.edu.vn
2020108035,Vũ Quốc An,sv008035@uni.edu.vn
2021108036,Đặng Quốc An,sv008036@uni.edu.vn
2022108037,Bùi Quốc An,sv008037@uni.edu.vn
2023108038,Đỗ Quốc An,sv008038@uni.edu.vn
2024108039,Hồ Quốc An,sv008039@uni.edu.vn
2019108040,Nguyễn Anh An,sv008040@uni.edu.vn
2020108041,Trần Anh An,sv008041@uni.edu.vn
2021108042,Lê Anh An,sv008042@uni.edu.vn
2022108043,Phạm Anh An,sv008043@uni.edu.vn
2023108044,Hoàng Anh An,sv008044@uni.edu.vn
2024108045,Vũ Anh An,sv008045@uni.edu.vn
2019108046,Đặng Anh An,sv008046@uni.edu.vn
2020108047,Bùi Anh An,sv008047@uni.edu.vn
2021108048,Đỗ Anh An,sv008048@uni.edu.vn
2022108049,Hồ Anh An,sv008049@uni.edu.vn
2023108050,Nguyễn Tuấn An,sv008050@uni.edu.vn
2024108051,Trần Tuấn An,sv008051@uni.edu.vn
2019108052,Lê Tuấn An,sv008052@uni.edu.vn
2020108053,Phạm Tuấn An,sv008053@uni.edu.vn
2021108054,Hoàng Tuấn An,sv008054@uni.edu.vn
2022108055,Vũ Tuấn An,sv008055@uni.edu.vn
2023108056,Đặng Tuấn An,sv008056@uni.edu.vn
2024108057,Bùi Tuấn An,sv008057@uni.edu.vn
2019108058,Đỗ Tuấn An,sv008058@uni.edu.vn
2020108059,Hồ Tuấn An,sv008059@uni.edu.vn
2021108060,Nguyễn Hữu An,sv008060@uni.edu.vn
2022108061,Trần Hữu An,sv008061@uni.edu.vn
2023108062,Lê Hữu An,sv008062@uni.edu.vn
2024108063,Phạm Hữu An,sv008063@uni.edu.vn
2019108064,Hoàng Hữu An,sv008064@uni.edu.vn
2020108065,Vũ Hữu An,sv008065@uni.edu.vn
2021108066,Đặng Hữu An,sv008066@uni.edu.vn
2022108067,Bùi Hữu An,sv008067@uni.edu.vn
2023108068,Đỗ Hữu An,sv008068@uni.edu.vn
2024108069,Hồ Hữu An,sv008069@uni.edu.vn
2019108070,Nguyễn Thành An,sv008070@uni.edu.vn
2020108071,Trần Thành An,sv008071@uni.edu.vn
2021108072,Lê Thành An,sv008072@uni.edu.vn
2022108073,Phạm Thành An,sv008073@uni.edu.vn
2023108074,Hoàng Thành An,sv008074@uni.edu.vn
2024108075,Vũ Thành An,sv008075@uni.edu.vn
2019108076,Đặng Thành An,sv008076@uni.edu.vn
2020108077,Bùi Thành An,sv008077@uni.edu.vn
2021108078,Đỗ Thành An,sv008078@uni.edu.vn
2022108079,Hồ Thành An,sv008079@uni.edu.vn
2023108080,Nguyễn Ngọc An,sv008080@uni.edu.vn
2024108081,Trần Ngọc An,sv008081@uni.edu.vn
2019108082,Lê Ngọc An,sv008082@uni.edu.vn
2020108083,Phạm Ngọc An,sv008083@uni.edu.vn
2021108084,Hoàng Ngọc An,sv008084@uni.edu.vn
2022108085,Vũ Ngọc An,sv008085@uni.edu.vn
2023108086,Đặng Ngọc An,sv008086@uni.edu.vn
2024108087,Bùi Ngọc An,sv008087@uni.edu.vn
2019108088,Đỗ Ngọc An,sv008088@uni.edu.vn
2020108089,Hồ Ngọc An,sv008089@uni.edu.vn
2021108090,Nguyễn An,sv008090@uni.edu.vn
2022108091,Trần An,sv008091@uni.edu.vn
2023108092,Lê An,sv008092@uni.edu.vn
2024108093,Phạm An,sv008093@uni.edu.vn
2019108094,Hoàng An,sv008094@uni.edu.vn
2020108095,Vũ An,sv008095@uni.edu.vn
2021108096,Đặng An,sv008096@uni.edu.vn
2022108097,Bùi An,sv008097@uni.edu.vn
2023108098,Đỗ An,sv008098@uni.edu.vn
2024108099,Hồ An,sv008099@uni.edu.vn
2019108100,Nguyễn Thị Bình,sv008100@uni.edu.vn
2020108101,Trần Thị Bình,sv008101@uni.edu.vn
2021108102,Lê Thị Bình,sv008102@uni.edu.vn
2022108103,Phạm Thị Bình,sv008103@uni.edu.vn
2023108104,Hoàng Thị Bình,sv008104@uni.edu.vn
2024108105,Vũ Thị Bình,sv008105@uni.edu.vn
2019108106,Đặng Thị Bình,sv008106@uni.edu.vn
2020108107,Bùi Thị Bình,sv008107@uni.edu.vn
2021108108,Đỗ Thị Bình,sv008108@uni.edu.vn
2022108109,Hồ Thị Bình,sv008109@uni.edu.vn
2023108110,Nguyễn Văn Bình,sv008110@uni.edu.vn
2024108111,Trần Văn Bình,sv008111@uni.edu.vn
2019108112,Lê Văn Bình,sv008112@uni.edu.vn
2020108113,Phạm Văn Bình,sv008113@uni.edu.vn
2021108114,Hoàng Văn Bình,sv008114@uni.edu.vn
2022108115,Vũ Văn Bình,sv008115@uni.edu.vn
2023108116,Đặng Văn Bình,sv008116@uni.edu.vn
2024108117,Bùi Văn Bình,sv008117@uni.edu.vn
2019108118,Đỗ Văn Bình,sv008118@uni.edu.vn
2020108119,Hồ Văn Bình,sv008119@uni.edu.vn
2021108120,Nguyễn Minh Bình,sv008120@uni.edu.vn
2022108121,Trần Minh Bình,sv008121@uni.edu.vn
2023108122,Lê Minh Bình,sv008122@uni.edu.vn
2024108123,Phạm Minh Bình,sv008123@uni.edu.vn
2019108124,Hoàng Minh Bình,sv008124@uni.edu.vn
2020108125,Vũ Minh Bình,sv008125@uni.edu.vn
2021108126,Đặng Minh Bình,sv008126@uni.edu.vn
2022108127,Bùi Minh Bình,sv008127@uni.edu.vn
2023108128,Đỗ Minh Bình,sv008128@uni.edu.vn
2024108129,Hồ Minh Bình,sv008129@uni.edu.vn
2019108130,Nguyễn Quốc Bình,sv008130@uni.edu.vn
2020108131,Trần Quốc Bình,sv008131@uni.edu.vn
2021108132,Lê Quốc Bình,sv008132@uni.edu.vn
2022108133,Phạm Quốc Bình,sv008133@uni.edu.vn
2023108134,Hoàng Quốc Bình,sv008134@uni.edu.vn
2024108135,Vũ Quốc Bình,sv008135@uni.edu.vn
2019108136,Đặng Quốc Bình,sv008136@uni.edu.vn
2020108137,Bùi Quốc Bình,sv008137@uni.edu.vn
2021108138,Đỗ Quốc Bình,sv008138@uni.edu.vn
2022108139,Hồ Quốc Bình,sv008139@uni.edu.vn
2023108140,Nguyễn Anh Bình,sv008140@uni.edu.vn
2024108141,Trần Anh Bình,sv008141@uni.edu.vn
2019108142,Lê Anh Bình,sv008142@uni.edu.vn
2020108143,Phạm Anh Bình,sv008143@uni.edu.vn
2021108144,Hoàng Anh Bình,sv008144@uni.edu.vn
2022108145,Vũ Anh Bình,sv008145@uni.edu.vn
2023108146,Đặng Anh Bình,sv008146@uni.edu.vn
2024108147,Bùi Anh Bình,sv008147@uni.edu.vn
2019108148,Đỗ Anh Bình,sv008148@uni.edu.vn
2020108149,Hồ Anh Bình,sv008149@uni.edu.vn
2021108150,Nguyễn Tuấn Bình,sv008150@uni.edu.vn
2022108151,Trần Tuấn Bình,sv008151@uni.edu.vn
2023108152,Lê Tuấn Bình,sv008152@uni.edu.vn
2024108153,Phạm Tuấn Bình,sv008153@uni.edu.vn
2019108154,Hoàng Tuấn Bình,sv008154@uni.edu.vn
2020108155,Vũ Tuấn Bình,sv008155@uni.edu.vn
2021108156,Đặng Tuấn Bình,sv008156@uni.edu.vn
2022108157,Bùi Tuấn Bình,sv008157@uni.edu.vn
2023108158,Đỗ Tuấn Bình,sv008158@uni.edu.vn
2024108159,Hồ Tuấn Bình,sv008159@uni.edu.vn
2019108160,Nguyễn Hữu Bình,sv008160@uni.edu.vn
2020108161,Trần Hữu Bình,sv008161@uni.edu.vn
2021108162,Lê Hữu Bình,sv008162@uni.edu.vn
2022108163,Phạm Hữu Bình,sv008163@uni.edu.vn
2023108164,Hoàng Hữu Bình,sv008164@uni.edu.vn
2024108165,Vũ Hữu Bình,sv008165@uni.edu.vn
2019108166,Đặng Hữu Bình,sv008166@uni.edu.vn
2020108167,Bùi Hữu Bình,sv008167@uni.edu.vn
2021108168,Đỗ Hữu Bình,sv008168@uni.edu.vn
2022108169,Hồ Hữu Bình,sv008169@uni.edu.vn
2023108170,Nguyễn Thành Bình,sv008170@uni.edu.vn
2024108171,Trần Thành Bình,sv008171@uni.edu.vn
2019108172,Lê Thành Bình,sv008172@uni.edu.vn
2020108173,Phạm Thành Bình,sv008173@uni.edu.vn
2021108174,Hoàng Thành Bình,sv008174@uni.edu.vn
2022108175,Vũ Thành Bình,sv008175@uni.edu.vn
2023108176,Đặng Thành Bình,sv008176@uni.edu.vn
2024108177,Bùi Thành Bình,sv008177@uni.edu.vn
2019108178,Đỗ Thành Bình,sv008178@uni.edu.vn
2020108179,Hồ Thành Bình,sv008179@uni.edu.vn
2021108180,Nguyễn Ngọc Bình,sv008180@uni.edu.vn
2022108181,Trần Ngọc Bình,sv008181@uni.edu.vn
2023108182,Lê Ngọc Bình,sv008182@uni.edu.vn
2024108183,Phạm Ngọc Bình,sv008183@uni.edu.vn
2019108184,Hoàng Ngọc Bình,sv008184@uni.edu.vn
2020108185,Vũ Ngọc Bình,sv008185@uni.edu.vn
2021108186,Đặng Ngọc Bình,sv008186@uni.edu.vn
2022108187,Bùi Ngọc Bình,sv008187@uni.edu.vn
2023108188,Đỗ Ngọc Bình,sv008188@uni.edu.vn
2024108189,Hồ Ngọc Bình,sv008189@uni.edu.vn
2019108190,Nguyễn Bình,sv008190@uni.edu.vn
2020108191,Trần Bình,sv008191@uni.edu.vn
2021108192,Lê Bình,sv008192@uni.edu.vn
2022108193,Phạm Bình,sv008193@uni.edu.vn
2023108194,Hoàng Bình,sv008194@uni.edu.vn
2024108195,Vũ Bình,sv008195@uni.edu.vn
2019108196,Đặng Bình,sv008196@uni.edu.vn
2020108197,Bùi Bình,sv008197@uni.edu.vn
2021108198,Đỗ Bình,sv008198@uni.edu.vn
2022108199,Hồ Bình,sv008199@uni.edu.vn
2023108200,Nguyễn Thị Chi,sv008200@uni.edu.vn
2024108201,Trần Thị Chi,sv008201@uni.edu.vn
2019108202,Lê Thị Chi,sv008202@uni.edu.vn
2020108203,Phạm Thị Chi,sv008203@uni.edu.vn
2021108204,Hoàng Thị Chi,sv008204@uni.edu.vn
2022108205,Vũ Thị Chi,sv008205@uni.edu.vn
2023108206,Đặng Thị Chi,sv008206@uni.edu.vn
2024108207,Bùi Thị Chi,sv008207@uni.edu.vn
2019108208,Đỗ Thị Chi,sv008208@uni.edu.vn
2020108209,Hồ Thị Chi,sv008209@uni.edu.vn
2021108210,Nguyễn Văn Chi,sv008210@uni.edu.vn
2022108211,Trần Văn Chi,sv008211@uni.edu.vn
2023108212,Lê Văn Chi,sv008212@uni.edu.vn
2024108213,Phạm Văn Chi,sv008213@uni.edu.vn
2019108214,Hoàng Văn Chi,sv008214@uni.edu.vn
2020108215,Vũ Văn Chi,sv008215@uni.edu.vn
2021108216,Đặng Văn Chi,sv008216@uni.edu.vn
2022108217,Bùi Văn Chi,sv008217@uni.edu.vn
2023108218,Đỗ Văn Chi,sv008218@uni.edu.vn
2024108219,Hồ Văn Chi,sv008219@uni.edu.vn
2019108220,Nguyễn Minh Chi,sv008220@uni.edu.vn
2020108221,Trần Minh Chi,sv008221@uni.edu.vn
2021108222,Lê Minh Chi,sv008222@uni.edu.vn
2022108223,Phạm Minh Chi,sv008223@uni.edu.vn
2023108224,Hoàng Minh Chi,sv008224@uni.edu.vn
2024108225,Vũ Minh Chi,sv008225@uni.edu.vn
2019108226,Đặng Minh Chi,sv008226@uni.edu.vn
2020108227,Bùi Minh Chi,sv008227@uni.edu.vn
2021108228,Đỗ Minh Chi,sv008228@uni.edu.vn
2022108229,Hồ Minh Chi,sv008229@uni.edu.vn
2023108230,Nguyễn Quốc Chi,sv008230@uni.edu.vn
2024108231,Trần Quốc Chi,sv008231@uni.edu.vn
2019108232,Lê Quốc Chi,sv008232@uni.edu.vn
2020108233,Phạm Quốc Chi,sv008233@uni.edu.vn
2021108234,Hoàng Quốc Chi,sv008234@uni.edu.vn
2022108235,Vũ Quốc Chi,sv008235@uni.edu.vn
2023108236,Đặng Quốc Chi,sv008236@uni.edu.vn
2024108237,Bùi Quốc Chi,sv008237@uni.edu.vn
2019108238,Đỗ Quốc Chi,sv008238@uni.edu.vn
2020108239,Hồ Quốc Chi,sv008239@uni.edu.vn
2021108240,Nguyễn Anh Chi,sv008240@uni.edu.vn
2022108241,Trần Anh Chi,sv008241@uni.edu.vn
2023108242,Lê Anh Chi,sv008242@uni.edu.vn
2024108243,Phạm Anh Chi,sv008243@uni.edu.vn
2019108244,Hoàng Anh Chi,sv008244@uni.edu.vn
2020108245,Vũ Anh Chi,sv008245@uni.edu.vn
2021108246,Đặng Anh Chi,sv008246@uni.edu.vn
2022108247,Bùi Anh Chi,sv008247@uni.edu.vn
2023108248,Đỗ Anh Chi,sv008248@uni.edu.vn
2024108249,Hồ Anh Chi,sv008249@uni.edu.vn
2019108250,Nguyễn Tuấn Chi,sv008250@uni.edu.vn
2020108251,Trần Tuấn Chi,sv008251@uni.edu.vn
2021108252,Lê Tuấn Chi,sv008252@uni.edu.vn
2022108253,Phạm Tuấn Chi,sv008253@uni.edu.vn
2023108254,Hoàng Tuấn Chi,sv008254@uni.edu.vn
2024108255,Vũ Tuấn Chi,sv008255@uni.edu.vn
2019108256,Đặng Tuấn Chi,sv008256@uni.edu.vn
2020108257,Bùi Tuấn Chi,sv008257@uni.edu.vn
2021108258,Đỗ Tuấn Chi,sv008258@uni.edu.vn
2022108259,Hồ Tuấn Chi,sv008259@uni.edu.vn
2023108260,Nguyễn Hữu Chi,sv008260@uni.edu.vn
2024108261,Trần Hữu Chi,sv008261@uni.edu.vn
2019108262,Lê Hữu Chi,sv008262@uni.edu.vn
2020108263,Phạm Hữu Chi,sv008263@uni.edu.vn
2021108264,Hoàng Hữu Chi,sv008264@uni.edu.vn
2022108265,Vũ Hữu Chi,sv008265@uni.edu.vn
2023108266,Đặng Hữu Chi,sv008266@uni.edu.vn
2024108267,Bùi Hữu Chi,sv008267@uni.edu.vn
2019108268,Đỗ Hữu Chi,sv008268@uni.edu.vn
2020108269,Hồ Hữu Chi,sv008269@uni.edu.vn
2021108270,Nguyễn Thành Chi,sv008270@uni.edu.vn
2022108271,Trần Thành Chi,sv008271@uni.edu.vn
2023108272,Lê Thành Chi,sv008272@uni.edu.vn
2024108273,Phạm Thành Chi,sv008273@uni.edu.vn
2019108274,Hoàng Thành Chi,sv008274@uni.edu.vn
2020108275,Vũ Thành Chi,sv008275@uni.edu.vn
2021108276,Đặng Thành Chi,sv008276@uni.edu.vn
2022108277,Bùi Thành Chi,sv008277@uni.edu.vn
2023108278,Đỗ Thành Chi,sv008278@uni.edu.vn
2024108279,Hồ Thành Chi,sv008279@uni.edu.vn
2019108280,Nguyễn Ngọc Chi,sv008280@uni.edu.vn
2020108281,Trần Ngọc Chi,sv008281@uni.edu.vn
2021108282,Lê Ngọc Chi,sv008282@uni.edu.vn
2022108283,Phạm Ngọc Chi,sv008283@uni.edu.vn
2023108284,Hoàng Ngọc Chi,sv008284@uni.edu.vn
2024108285,Vũ Ngọc Chi,sv008285@uni.edu.vn
2019108286,Đặng Ngọc Chi,sv008286@uni.edu.vn
2020108287,Bùi Ngọc Chi,sv008287@uni.edu.vn
2021108288,Đỗ Ngọc Chi,sv008288@uni.edu.vn
2022108289,Hồ Ngọc Chi,sv008289@uni.edu.vn
2023108290,Nguyễn Chi,sv008290@uni.edu.vn
2024108291,Trần Chi,sv008291@uni.edu.vn
2019108292,Lê Chi,sv008292@uni.edu.vn
2020108293,Phạm Chi,sv008293@uni.edu.vn
2021108294,Hoàng Chi,sv008294@uni.edu.vn
2022108295,Vũ Chi,sv008295@uni.edu.vn
2023108296,Đặng Chi,sv008296@uni.edu.vn
2024108297,Bùi Chi,sv008297@uni.edu.vn
2019108298,Đỗ Chi,sv008298@uni.edu.vn
2020108299,Hồ Chi,sv008299@uni.edu.vn
2021108300,Nguyễn Thị Dũng,sv008300@uni.edu.vn
2022108301,Trần Thị Dũng,sv008301@uni.edu.vn
2023108302,Lê Thị Dũng,sv008302@uni.edu.vn
2024108303,Phạm Thị Dũng,sv008303@uni.edu.vn
2019108304,Hoàng Thị Dũng,sv008304@uni.edu.vn
2020108305,Vũ Thị Dũng,sv008305@uni.edu.vn
2021108306,Đặng Thị Dũng,sv008306@uni.edu.vn
2022108307,Bùi Thị Dũng,sv008307@uni.edu.vn
2023108308,Đỗ Thị Dũng,sv008308@uni.edu.vn
2024108309,Hồ Thị Dũng,sv008309@uni.edu.vn
2019108310,Nguyễn Văn Dũng,sv008310@uni.edu.vn
2020108311,Trần Văn Dũng,sv008311@uni.edu.vn
2021108312,Lê Văn Dũng,sv008312@uni.edu.vn
2022108313,Phạm Văn Dũng,sv008313@uni.edu.vn
2023108314,Hoàng Văn Dũng,sv008314@uni.edu.vn
2024108315,Vũ Văn Dũng,sv008315@uni.edu.vn
2019108316,Đặng Văn Dũng,sv008316@uni.edu.vn
2020108317,Bùi Văn Dũng,sv008317@uni.edu.vn
2021108318,Đỗ Văn Dũng,sv008318@uni.edu.vn
2022108319,Hồ Văn Dũng,sv008319@uni.edu.vn
2023108320,Nguyễn Minh Dũng,sv008320@uni.edu.vn
2024108321,Trần Minh Dũng,sv008321@uni.edu.vn
2019108322,Lê Minh Dũng,sv008322@uni.edu.vn
2020108323,Phạm Minh Dũng,sv008323@uni.edu.vn
2021108324,Hoàng Minh Dũng,sv008324@uni.edu.vn
2022108325,Vũ Minh Dũng,sv008325@uni.edu.vn
2023108326,Đặng Minh Dũng,sv008326@uni.edu.vn
2024108327,Bùi Minh Dũng,sv008327@uni.edu.vn
2019108328,Đỗ Minh Dũng,sv008328@uni.edu.vn
2020108329,Hồ Minh Dũng,sv008329@uni.edu.vn
2021108330,Nguyễn Quốc Dũng,sv008330@uni.edu.vn
2022108331,Trần Quốc Dũng,sv008331@uni.edu.vn
2023108332,Lê Quốc Dũng,sv008332@uni.edu.vn
2024108333,Phạm Quốc Dũng,sv008333@uni.edu.vn
2019108334,Hoàng Quốc Dũng,sv008334@uni.edu.vn
2020108335,Vũ Quốc Dũng,sv008335@uni.edu.vn
2021108336,Đặng Quốc Dũng,sv008336@uni.edu.vn
2022108337,Bùi Quốc Dũng,sv008337@uni.edu.vn
2023108338,Đỗ Quốc Dũng,sv008338@uni.edu.vn
2024108339,Hồ Quốc Dũng,sv008339@uni.edu.vn
2019108340,Nguyễn Anh Dũng,sv008340@uni.edu.vn
2020108341,Trần Anh Dũng,sv008341@uni.edu.vn
2021108342,Lê Anh Dũng,sv008342@uni.edu.vn
2022108343,Phạm Anh Dũng,sv008343@uni.edu.vn
2023108344,Hoàng Anh Dũng,sv008344@uni.edu.vn
2024108345,Vũ Anh Dũng,sv008345@uni.edu.vn
2019108346,Đặng Anh Dũng,sv008346@uni.edu.vn
2020108347,Bùi Anh Dũng,sv008347@uni.edu.vn
2021108348,Đỗ Anh Dũng,sv008348@uni.edu.vn
2022108349,Hồ Anh Dũng,sv008349@uni.edu.vn
2023108350,Nguyễn Tuấn Dũng,sv008350@uni.edu.vn
2024108351,Trần Tuấn Dũng,sv008351@uni.edu.vn
2019108352,Lê Tuấn Dũng,sv008352@uni.edu.vn
2020108353,Phạm Tuấn Dũng,sv008353@uni.edu.vn
2021108354,Hoàng Tuấn Dũng,sv008354@uni.edu.vn
2022108355,Vũ Tuấn Dũng,sv008355@uni.edu.vn
2023108356,Đặng Tuấn Dũng,sv008356@uni.edu.vn
2024108357,Bùi Tuấn Dũng,sv008357@uni.edu.vn
2019108358,Đỗ Tuấn Dũng,sv008358@uni.edu.vn
2020108359,Hồ Tuấn Dũng,sv008359@uni.edu.vn
2021108360,Nguyễn Hữu Dũng,sv008360@uni.edu.vn
2022108361,Trần Hữu Dũng,sv008361@uni.edu.vn
2023108362,Lê Hữu Dũng,sv008362@uni.edu.vn
2024108363,Phạm Hữu Dũng,sv008363@uni.edu.vn
2019108364,Hoàng Hữu Dũng,sv008364@uni.edu.vn
2020108365,Vũ Hữu Dũng,sv008365@uni.edu.vn
2021108366,Đặng Hữu Dũng,sv008366@uni.edu.vn
2022108367,Bùi Hữu Dũng,sv008367@uni.edu.vn
2023108368,Đỗ Hữu Dũng,sv008368@uni.edu.vn
2024108369,Hồ Hữu Dũng,sv008369@uni.edu.vn
2019108370,Nguyễn Thành Dũng,sv008370@uni.edu.vn
2020108371,Trần Thành Dũng,sv008371@uni.edu.vn
2021108372,Lê Thành Dũng,sv008372@uni.edu.vn
2022108373,Phạm Thành Dũng,sv008373@uni.edu.vn
2023108374,Hoàng Thành Dũng,sv008374@uni.edu.vn
2024108375,Vũ Thành Dũng,sv008375@uni.edu.vn
2019108376,Đặng Thành Dũng,sv008376@uni.edu.vn
2020108377,Bùi Thành Dũng,sv008377@uni.edu.vn
2021108378,Đỗ Thành Dũng,sv008378@uni.edu.vn
2022108379,Hồ Thành Dũng,sv008379@uni.edu.vn
2023108380,Nguyễn Ngọc Dũng,sv008380@uni.edu.vn
2024108381,Trần Ngọc Dũng,sv008381@uni.edu.vn
2019108382,Lê Ngọc Dũng,sv008382@uni.edu.vn
2020108383,Phạm Ngọc Dũng,sv008383@uni.edu.vn
2021108384,Hoàng Ngọc Dũng,sv008384@uni.edu.vn
2022108385,Vũ Ngọc Dũng,sv008385@uni.edu.vn
2023108386,Đặng Ngọc Dũng,sv008386@uni.edu.vn
2024108387,Bùi Ngọc Dũng,sv008387@uni.edu.vn
2019108388,Đỗ Ngọc Dũng,sv008388@uni.edu.vn
2020108389,Hồ Ngọc Dũng,sv008389@uni.edu.vn
2021108390,Nguyễn Dũng,sv008390@uni.edu.vn
2022108391,Trần Dũng,sv008391@uni.edu.vn
2023108392,Lê Dũng,sv008392@uni.edu.vn
2024108393,Phạm Dũng,sv008393@uni.edu.vn
2019108394,Hoàng Dũng,sv008394@uni.edu.vn
2020108395,Vũ Dũng,sv008395@uni.edu.vn
2021108396,Đặng Dũng,sv008396@uni.edu.vn
2022108397,Bùi Dũng,sv008397@uni.edu.vn
2023108398,Đỗ Dũng,sv008398@uni.edu.vn
2024108399,Hồ Dũng,sv008399@uni.edu.vn
2019108400,Nguyễn Thị Giang,sv008400@uni.edu.vn
2020108401,Trần Thị Giang,sv008401@uni.edu.vn
2021108402,Lê Thị Giang,sv008402@uni.edu.vn
2022108403,Phạm Thị Giang,sv008403@uni.edu.vn
2023108404,Hoàng Thị Giang,sv008404@uni.edu.vn
2024108405,Vũ Thị Giang,sv008405@uni.edu.vn
2019108406,Đặng Thị Giang,sv008406@uni.edu.vn
2020108407,Bùi Thị Giang,sv008407@uni.edu.vn
2021108408,Đỗ Thị Giang,sv008408@uni.edu.vn
2022108409,Hồ Thị Giang,sv008409@uni.edu.vn
2023108410,Nguyễn Văn Giang,sv008410@uni.edu.vn
2024108411,Trần Văn Giang,sv008411@uni.edu.vn
2019108412,Lê Văn Giang,sv008412@uni.edu.vn
2020108413,Phạm Văn Giang,sv008413@uni.edu.vn
2021108414,Hoàng Văn Giang,sv008414@uni.edu.vn
2022108415,Vũ Văn Giang,sv008415@uni.edu.vn
2023108416,Đặng Văn Giang,sv008416@uni.edu.vn
2024108417,Bùi Văn Giang,sv008417@uni.edu.vn
2019108418,Đỗ Văn Giang,sv008418@uni.edu.vn
2020108419,Hồ Văn Giang,sv008419@uni.edu.vn
2021108420,Nguyễn Minh Giang,sv008420@uni.edu.vn
2022108421,Trần Minh Giang,sv008421@uni.edu.vn
2023108422,Lê Minh Giang,sv008422@uni.edu.vn
2024108423,Phạm Minh Giang,sv008423@uni.edu.vn
2019108424,Hoàng Minh Giang,sv008424@uni.edu.vn
2020108425,Vũ Minh Giang,sv008425@uni.edu.vn
2021108426,Đặng Minh Giang,sv008426@uni.edu.vn
2022108427,Bùi Minh Giang,sv008427@uni.edu.vn
2023108428,Đỗ Minh Giang,sv008428@uni.edu.vn
2024108429,Hồ Minh Giang,sv008429@uni.edu.vn
2019108430,Nguyễn Quốc Giang,sv008430@uni.edu.vn
2020108431,Trần Quốc Giang,sv008431@uni.edu.vn
2021108432,Lê Quốc Giang,sv008432@uni.edu.vn
2022108433,Phạm Quốc Giang,sv008433@uni.edu.vn
2023108434,Hoàng Quốc Giang,sv008434@uni.edu.vn
2024108435,Vũ Quốc Giang,sv008435@uni.edu.vn
2019108436,Đặng Quốc Giang,sv008436@uni.edu.vn
2020108437,Bùi Quốc Giang,sv008437@uni.edu.vn
2021108438,Đỗ Quốc Giang,sv008438@uni.edu.vn
2022108439,Hồ Quốc Giang,sv008439@uni.edu.vn
2023108440,Nguyễn Anh Giang,sv008440@uni.edu.vn
2024108441,Trần Anh Giang,sv008441@uni.edu.vn
2019108442,Lê Anh Giang,sv008442@uni.edu.vn
2020108443,Phạm Anh Giang,sv008443@uni.edu.vn
2021108444,Hoàng Anh Giang,sv008444@uni.edu.vn
2022108445,Vũ Anh Giang,sv008445@uni.edu.vn
2023108446,Đặng Anh Giang,sv008446@uni.edu.vn
2024108447,Bùi Anh Giang,sv008447@uni.edu.vn
2019108448,Đỗ Anh Giang,sv008448@uni.edu.vn
2020108449,Hồ Anh Giang,sv008449@uni.edu.vn
2021108450,Nguyễn Tuấn Giang,sv008450@uni.edu.vn
2022108451,Trần Tuấn Giang,sv008451@uni.edu.vn
2023108452,Lê Tuấn Giang,sv008452@uni.edu.vn
2024108453,Phạm Tuấn Giang,sv008453@uni.edu.vn
2019108454,Hoàng Tuấn Giang,sv008454@uni.edu.vn
2020108455,Vũ Tuấn Giang,sv008455@uni.edu.vn
2021108456,Đặng Tuấn Giang,sv008456@uni.edu.vn
2022108457,Bùi Tuấn Giang,sv008457@uni.edu.vn
2023108458,Đỗ Tuấn Giang,sv008458@uni.edu.vn
2024108459,Hồ Tuấn Giang,sv008459@uni.edu.vn
2019108460,Nguyễn Hữu Giang,sv008460@uni.edu.vn
2020108461,Trần Hữu Giang,sv008461@uni.edu.vn
2021108462,Lê Hữu Giang,sv008462@uni.edu.vn
2022108463,Phạm Hữu Giang,sv008463@uni.edu.vn
2023108464,Hoàng Hữu Giang,sv008464@uni.edu.vn
2024108465,Vũ Hữu Giang,sv008465@uni.edu.vn
2019108466,Đặng Hữu Giang,sv008466@uni.edu.vn
2020108467,Bùi Hữu Giang,sv008467@uni.edu.vn
2021108468,Đỗ Hữu Giang,sv008468@uni.edu.vn
2022108469,Hồ Hữu Giang,sv008469@uni.edu.vn
2023108470,Nguyễn Thành Giang,sv008470@uni.edu.vn
2024108471,Trần Thành Giang,sv008471@uni.edu.vn
2019108472,Lê Thành Giang,sv008472@uni.edu.vn
2020108473,Phạm Thành Giang,sv008473@uni.edu.vn
2021108474,Hoàng Thành Giang,sv008474@uni.edu.vn
2022108475,Vũ Thành Giang,sv008475@uni.edu.vn
2023108476,Đặng Thành Giang,sv008476@uni.edu.vn
2024108477,Bùi Thành Giang,sv008477@uni.edu.vn
2019108478,Đỗ Thành Giang,sv008478@uni.edu.vn
2020108479,Hồ Thành Giang,sv008479@uni.edu.vn
2021108480,Nguyễn Ngọc Giang,sv008480@uni.edu.vn
2022108481,Trần Ngọc Giang,sv008481@uni.edu.vn
2023108482,Lê Ngọc Giang,sv008482@uni.edu.vn
2024108483,Phạm Ngọc Giang,sv008483@uni.edu.vn
2019108484,Hoàng Ngọc Giang,sv008484@uni.edu.vn
2020108485,Vũ Ngọc Giang,sv008485@uni.edu.vn
2021108486,Đặng Ngọc Giang,sv008486@uni.edu.vn
2022108487,Bùi Ngọc Giang,sv008487@uni.edu.vn
2023108488,Đỗ Ngọc Giang,sv008488@uni.edu.vn
2024108489,Hồ Ngọc Giang,sv008489@uni.edu.vn
2019108490,Nguyễn Giang,sv008490@uni.edu.vn
2020108491,Trần Giang,sv008491@uni.edu.vn
2021108492,Lê Giang,sv008492@uni.edu.vn
2022108493,Phạm Giang,sv008493@uni.edu.vn
2023108494,Hoàng Giang,sv008494@uni.edu.vn
2024108495,Vũ Giang,sv008495@uni.edu.vn
2019108496,Đặng Giang,sv008496@uni.edu.vn
2020108497,Bùi Giang,sv008497@uni.edu.vn
2021108498,Đỗ Giang,sv008498@uni.edu.vn
2022108499,Hồ Giang,sv008499@uni.edu.vn
2023108500,Nguyễn Thị Hà,sv008500@uni.edu.vn
2024108501,Trần Thị Hà,sv008501@uni.edu.vn
2019108502,Lê Thị Hà,sv008502@uni.edu.vn
2020108503,Phạm Thị Hà,sv008503@uni.edu.vn
2021108504,Hoàng Thị Hà,sv008504@uni.edu.vn
2022108505,Vũ Thị Hà,sv008505@uni.edu.vn
2023108506,Đặng Thị Hà,sv008506@uni.edu.vn
2024108507,Bùi Thị Hà,sv008507@uni.edu.vn
2019108508,Đỗ Thị Hà,sv008508@uni.edu.vn
2020108509,Hồ Thị Hà,sv008509@uni.edu.vn
2021108510,Nguyễn Văn Hà,sv008510@uni.edu.vn
2022108511,Trần Văn Hà,sv008511@uni.edu.vn
2023108512,Lê Văn Hà,sv008512@uni.edu.vn
2024108513,Phạm Văn Hà,sv008513@uni.edu.vn
2019108514,Hoàng Văn Hà,sv008514@uni.edu.vn
2020108515,Vũ Văn Hà,sv008515@uni.edu.vn
2021108516,Đặng Văn Hà,sv008516@uni.edu.vn
2022108517,Bùi Văn Hà,sv008517@uni.edu.vn
2023108518,Đỗ Văn Hà,sv008518@uni.edu.vn
2024108519,Hồ Văn Hà,sv008519@uni.edu.vn
2019108520,Nguyễn Minh Hà,sv008520@uni.edu.vn
2020108521,Trần Minh Hà,sv008521@uni.edu.vn
2021108522,Lê Minh Hà,sv008522@uni.edu.vn
2022108523,Phạm Minh Hà,sv008523@uni.edu.vn
2023108524,Hoàng Minh Hà,sv008524@uni.edu.vn
2024108525,Vũ Minh Hà,sv008525@uni.edu.vn
2019108526,Đặng Minh Hà,sv008526@uni.edu.vn
2020108527,Bùi Minh Hà,sv008527@uni.edu.vn
2021108528,Đỗ Minh Hà,sv008528@uni.edu.vn
2022108529,Hồ Minh Hà,sv008529@uni.edu.vn
2023108530,Nguyễn Quốc Hà,sv008530@uni.edu.vn
2024108531,Trần Quốc Hà,sv008531@uni.edu.vn
2019108532,Lê Quốc Hà,sv008532@uni.edu.vn
2020108533,Phạm Quốc Hà,sv008533@uni.edu.vn
2021108534,Hoàng Quốc Hà,sv008534@uni.edu.vn
2022108535,Vũ Quốc Hà,sv008535@uni.edu.vn
2023108536,Đặng Quốc Hà,sv008536@uni.edu.vn
2024108537,Bùi Quốc Hà,sv008537@uni.edu.vn
2019108538,Đỗ Quốc Hà,sv008538@uni.edu.vn
2020108539,Hồ Quốc Hà,sv008539@uni.edu.vn
2021108540,Nguyễn Anh Hà,sv008540@uni.edu.vn
2022108541,Trần Anh Hà,sv008541@uni.edu.vn
2023108542,Lê Anh Hà,sv008542@uni.edu.vn
2024108543,Phạm Anh Hà,sv008543@uni.edu.vn
2019108544,Hoàng Anh Hà,sv008544@uni.edu.vn
2020108545,Vũ Anh Hà,sv008545@uni.edu.vn
2021108546,Đặng Anh Hà,sv008546@uni.edu.vn
2022108547,Bùi Anh Hà,sv008547@uni.edu.vn
2023108548,Đỗ Anh Hà,sv008548@uni.edu.vn
2024108549,Hồ Anh Hà,sv008549@uni.edu.vn
2019108550,Nguyễn Tuấn Hà,sv008550@uni.edu.vn
2020108551,Trần Tuấn Hà,sv008551@uni.edu.vn
2021108552,Lê Tuấn Hà,sv008552@uni.edu.vn
2022108553,Phạm Tuấn Hà,sv008553@uni.edu.vn
2023108554,Hoàng Tuấn Hà,sv008554@uni.edu.vn
2024108555,Vũ Tuấn Hà,sv008555@uni.edu.vn
2019108556,Đặng Tuấn Hà,sv008556@uni.edu.vn
2020108557,Bùi Tuấn Hà,sv008557@uni.edu.vn
2021108558,Đỗ Tuấn Hà,sv008558@uni.edu.vn
2022108559,Hồ Tuấn Hà,sv008559@uni.edu.vn
2023108560,Nguyễn Hữu Hà,sv008560@uni.edu.vn
2024108561,Trần Hữu Hà,sv008561@uni.edu.vn
2019108562,Lê Hữu Hà,sv008562@uni.edu.vn
2020108563,Phạm Hữu Hà,sv008563@uni.edu.vn
2021108564,Hoàng Hữu Hà,sv008564@uni.edu.vn
2022108565,Vũ Hữu Hà,sv008565@uni.edu.vn
2023108566,Đặng Hữu Hà,sv008566@uni.edu.vn
2024108567,Bùi Hữu Hà,sv008567@uni.edu.vn
2019108568,Đỗ Hữu Hà,sv008568@uni.edu.vn
2020108569,Hồ Hữu Hà,sv008569@uni.edu.vn
2021108570,Nguyễn Thành Hà,sv008570@uni.edu.vn
2022108571,Trần Thành Hà,sv008571@uni.edu.vn
2023108572,Lê Thành Hà,sv008572@uni.edu.vn
2024108573,Phạm Thành Hà,sv008573@uni.edu.vn
2019108574,Hoàng Thành Hà,sv008574@uni.edu.vn
2020108575,Vũ Thành Hà,sv008575@uni.edu.vn
2021108576,Đặng Thành Hà,sv008576@uni.edu.vn
2022108577,Bùi Thành Hà,sv008577@uni.edu.vn
2023108578,Đỗ Thành Hà,sv008578@uni.edu.vn
2024108579,Hồ Thành Hà,sv008579@uni.edu.vn
2019108580,Nguyễn Ngọc Hà,sv008580@uni.edu.vn
2020108581,Trần Ngọc Hà,sv008581@uni.edu.vn
2021108582,Lê Ngọc Hà,sv008582@uni.edu.vn
2022108583,Phạm Ngọc Hà,sv008583@uni.edu.vn
2023108584,Hoàng Ngọc Hà,sv008584@uni.edu.vn
2024108585,Vũ Ngọc Hà,sv008585@uni.edu.vn
2019108586,Đặng Ngọc Hà,sv008586@uni.edu.vn
2020108587,Bùi Ngọc Hà,sv008587@uni.edu.vn
2021108588,Đỗ Ngọc Hà,sv008588@uni.edu.vn
2022108589,Hồ Ngọc Hà,sv008589@uni.edu.vn
2023108590,Nguyễn Hà,sv008590@uni.edu.vn
2024108591,Trần Hà,sv008591@uni.edu.vn
2019108592,Lê Hà,sv008592@uni.edu.vn
2020108593,Phạm Hà,sv008593@uni.edu.vn
2021108594,Hoàng Hà,sv008594@uni.edu.vn
2022108595,Vũ Hà,sv008595@uni.edu.vn
2023108596,Đặng Hà,sv008596@uni.edu.vn
2024108597,Bùi Hà,sv008597@uni.edu.vn
2019108598,Đỗ Hà,sv008598@uni.edu.vn
2020108599,Hồ Hà,sv008599@uni.edu.vn
2021108600,Nguyễn Thị Hùng,sv008600@uni.edu.vn
2022108601,Trần Thị Hùng,sv008601@uni.edu.vn
2023108602,Lê Thị Hùng,sv008602@uni.edu.vn
2024108603,Phạm Thị Hùng,sv008603@uni.edu.vn
2019108604,Hoàng Thị Hùng,sv008604@uni.edu.vn
2020108605,Vũ Thị Hùng,sv008605@uni.edu.vn
2021108606,Đặng Thị Hùng,sv008606@uni.edu.vn
2022108607,Bùi Thị Hùng,sv008607@uni.edu.vn
2023108608,Đỗ Thị Hùng,sv008608@uni.edu.vn
2024108609,Hồ Thị Hùng,sv008609@uni.edu.vn
2019108610,Nguyễn Văn Hùng,sv008610@uni.edu.vn
2020108611,Trần Văn Hùng,sv008611@uni.edu.vn
2021108612,Lê Văn Hùng,sv008612@uni.edu.vn
2022108613,Phạm Văn Hùng,sv008613@uni.edu.vn
2023108614,Hoàng Văn Hùng,sv008614@uni.edu.vn
2024108615,Vũ Văn Hùng,sv008615@uni.edu.vn
2019108616,Đặng Văn Hùng,sv008616@uni.edu.vn
2020108617,Bùi Văn Hùng,sv008617@uni.edu.vn
2021108618,Đỗ Văn Hùng,sv008618@uni.edu.vn
2022108619,Hồ Văn Hùng,sv008619@uni.edu.vn
2023108620,Nguyễn Minh Hùng,sv008620@uni.edu.vn
2024108621,Trần Minh Hùng,sv008621@uni.edu.vn
2019108622,Lê Minh Hùng,sv008622@uni.edu.vn
2020108623,Phạm Minh Hùng,sv008623@uni.edu.vn
2021108624,Hoàng Minh Hùng,sv008624@uni.edu.vn
2022108625,Vũ Minh Hùng,sv008625@uni.edu.vn
2023108626,Đặng Minh Hùng,sv008626@uni.edu.vn
2024108627,Bùi Minh Hùng,sv008627@uni.edu.vn
2019108628,Đỗ Minh Hùng,sv008628@uni.edu.vn
2020108629,Hồ Minh Hùng,sv008629@uni.edu.vn
2021108630,Nguyễn Quốc Hùng,sv008630@uni.edu.vn
2022108631,Trần Quốc Hùng,sv008631@uni.edu.vn
2023108632,Lê Quốc Hùng,sv008632@uni.edu.vn
2024108633,Phạm Quốc Hùng,sv008633@uni.edu.vn
2019108634,Hoàng Quốc Hùng,sv008634@uni.edu.vn
2020108635,Vũ Quốc Hùng,sv008635@uni.edu.vn
2021108636,Đặng Quốc Hùng,sv008636@uni.edu.vn
2022108637,Bùi Quốc Hùng,sv008637@uni.edu.vn
2023108638,Đỗ Quốc Hùng,sv008638@uni.edu.vn
2024108639,Hồ Quốc Hùng,sv008639@uni.edu.vn
2019108640,Nguyễn Anh Hùng,sv008640@uni.edu.vn
2020108641,Trần Anh Hùng,sv008641@uni.edu.vn
2021108642,Lê Anh Hùng,sv008642@uni.edu.vn
2022108643,Phạm Anh Hùng,sv008643@uni.edu.vn
2023108644,Hoàng Anh Hùng,sv008644@uni.edu.vn
2024108645,Vũ Anh Hùng,sv008645@uni.edu.vn
2019108646,Đặng Anh Hùng,sv008646@uni.edu.vn
2020108647,Bùi Anh Hùng,sv008647@uni.edu.vn
2021108648,Đỗ Anh Hùng,sv008648@uni.edu.vn
2022108649,Hồ Anh Hùng,sv008649@uni.edu.vn
2023108650,Nguyễn Tuấn Hùng,sv008650@uni.edu.vn
2024108651,Trần Tuấn Hùng,sv008651@uni.edu.vn
2019108652,Lê Tuấn Hùng,sv008652@uni.edu.vn
2020108653,Phạm Tuấn Hùng,sv008653@uni.edu.vn
2021108654,Hoàng Tuấn Hùng,sv008654@uni.edu.vn
2022108655,Vũ Tuấn Hùng,sv008655@uni.edu.vn
2023108656,Đặng Tuấn Hùng,sv008656@uni.edu.vn
2024108657,Bùi Tuấn Hùng,sv008657@uni.edu.vn
2019108658,Đỗ Tuấn Hùng,sv008658@uni.edu.vn
2020108659,Hồ Tuấn Hùng,sv008659@uni.edu.vn
2021108660,Nguyễn Hữu Hùng,sv008660@uni.edu.vn
2022108661,Trần Hữu Hùng,sv008661@uni.edu.vn
2023108662,Lê Hữu Hùng,sv008662@uni.edu.vn
2024108663,Phạm Hữu Hùng,sv008663@uni.edu.vn
2019108664,Hoàng Hữu Hùng,sv008664@uni.edu.vn
2020108665,Vũ Hữu Hùng,sv008665@uni.edu.vn
2021108666,Đặng Hữu Hùng,sv008666@uni.edu.vn
2022108667,Bùi Hữu Hùng,sv008667@uni.edu.vn
2023108668,Đỗ Hữu Hùng,sv008668@uni.edu.vn
2024108669,Hồ Hữu Hùng,sv008669@uni.edu.vn
2019108670,Nguyễn Thành Hùng,sv008670@uni.edu.vn
2020108671,Trần Thành Hùng,sv008671@uni.edu.vn
2021108672,Lê Thành Hùng,sv008672@uni.edu.vn
2022108673,Phạm Thành Hùng,sv008673@uni.edu.vn
2023108674,Hoàng Thành Hùng,sv008674@uni.edu.vn
2024108675,Vũ Thành Hùng,sv008675@uni.edu.vn
2019108676,Đặng Thành Hùng,sv008676@uni.edu.vn
2020108677,Bùi Thành Hùng,sv008677@uni.edu.vn
2021108678,Đỗ Thành Hùng,sv008678@uni.edu.vn
2022108679,Hồ Thành Hùng,sv008679@uni.edu.vn
2023108680,Nguyễn Ngọc Hùng,sv008680@uni.edu.vn
2024108681,Trần Ngọc Hùng,sv008681@uni.edu.vn
2019108682,Lê Ngọc Hùng,sv008682@uni.edu.vn
2020108683,Phạm Ngọc Hùng,sv008683@uni.edu.vn
2021108684,Hoàng Ngọc Hùng,sv008684@uni.edu.vn
2022108685,Vũ Ngọc Hùng,sv008685@uni.edu.vn
2023108686,Đặng Ngọc Hùng,sv008686@uni.edu.vn
2024108687,Bùi Ngọc Hùng,sv008687@uni.edu.vn
2019108688,Đỗ Ngọc Hùng,sv008688@uni.edu.vn
2020108689,Hồ Ngọc Hùng,sv008689@uni.edu.vn
2021108690,Nguyễn Hùng,sv008690@uni.edu.vn
2022108691,Trần Hùng,sv008691@uni.edu.vn
2023108692,Lê Hùng,sv008692@uni.edu.vn
2024108693,Phạm Hùng,sv008693@uni.edu.vn
2019108694,Hoàng Hùng,sv008694@uni.edu.vn
2020108695,Vũ Hùng,sv008695@uni.edu.vn
2021108696,Đặng Hùng,sv008696@uni.edu.vn
2022108697,Bùi Hùng,sv008697@uni.edu.vn
2023108698,Đỗ Hùng,sv008698@uni.edu.vn
2024108699,Hồ Hùng,sv008699@uni.edu.vn
2019108700,Nguyễn Thị Khoa,sv008700@uni.edu.vn
2020108701,Trần Thị Khoa,sv008701@uni.edu.vn
2021108702,Lê Thị Khoa,sv008702@uni.edu.vn
2022108703,Phạm Thị Khoa,sv008703@uni.edu.vn
2023108704,Hoàng Thị Khoa,sv008704@uni.edu.vn
2024108705,Vũ Thị Khoa,sv008705@uni.edu.vn
2019108706,Đặng Thị Khoa,sv008706@uni.edu.vn
2020108707,Bùi Thị Khoa,sv008707@uni.edu.vn
2021108708,Đỗ Thị Khoa,sv008708@uni.edu.vn
2022108709,Hồ Thị Khoa,sv008709@uni.edu.vn
2023108710,Nguyễn Văn Khoa,sv008710@uni.edu.vn
2024108711,Trần Văn Khoa,sv008711@uni.edu.vn
2019108712,Lê Văn Khoa,sv008712@uni.edu.vn
2020108713,Phạm Văn Khoa,sv008713@uni.edu.vn
2021108714,Hoàng Văn Khoa,sv008714@uni.edu.vn
2022108715,Vũ Văn Khoa,sv008715@uni.edu.vn
2023108716,Đặng Văn Khoa,sv008716@uni.edu.vn
2024108717,Bùi Văn Khoa,sv008717@uni.edu.vn
2019108718,Đỗ Văn Khoa,sv008718@uni.edu.vn
2020108719,Hồ Văn Khoa,sv008719@uni.edu.vn
2021108720,Nguyễn Minh Khoa,sv008720@uni.edu.vn
2022108721,Trần Minh Khoa,sv008721@uni.edu.vn
2023108722,Lê Minh Khoa,sv008722@uni.edu.vn
2024108723,Phạm Minh Khoa,sv008723@uni.edu.vn
2019108724,Hoàng Minh Khoa,sv008724@uni.edu.vn
2020108725,Vũ Minh Khoa,sv008725@uni.edu.vn
2021108726,Đặng Minh Khoa,sv008726@uni.edu.vn
2022108727,Bùi Minh Khoa,sv008727@uni.edu.vn
2023108728,Đỗ Minh Khoa,sv008728@uni.edu.vn
2024108729,Hồ Minh Khoa,sv008729@uni.edu.vn
2019108730,Nguyễn Quốc Khoa,sv008730@uni.edu.vn
2020108731,Trần Quốc Khoa,sv008731@uni.edu.vn
2021108732,Lê Quốc Khoa,sv008732@uni.edu.vn
2022108733,Phạm Quốc Khoa,sv008733@uni.edu.vn
2023108734,Hoàng Quốc Khoa,sv008734@uni.edu.vn
2024108735,Vũ Quốc Khoa,sv008735@uni.edu.vn
2019108736,Đặng Quốc Khoa,sv008736@uni.edu.vn
2020108737,Bùi Quốc Khoa,sv008737@uni.edu.vn
2021108738,Đỗ Quốc Khoa,sv008738@uni.edu.vn
2022108739,Hồ Quốc Khoa,sv008739@uni.edu.vn
2023108740,Nguyễn Anh Khoa,sv008740@uni.edu.vn
2024108741,Trần Anh Khoa,sv008741@uni.edu.vn
2019108742,Lê Anh Khoa,sv008742@uni.edu.vn
2020108743,Phạm Anh Khoa,sv008743@uni.edu.vn
2021108744,Hoàng Anh Khoa,sv008744@uni.edu.vn
2022108745,Vũ Anh Khoa,sv008745@uni.edu.vn
2023108746,Đặng Anh Khoa,sv008746@uni.edu.vn
2024108747,Bùi Anh Khoa,sv008747@uni.edu.vn
2019108748,Đỗ Anh Khoa,sv008748@uni.edu.vn
2020108749,Hồ Anh Khoa,sv008749@uni.edu.vn
2021108750,Nguyễn Tuấn Khoa,sv008750@uni.edu.vn
2022108751,Trần Tuấn Khoa,sv008751@uni.edu.vn
2023108752,Lê Tuấn Khoa,sv008752@uni.edu.vn
2024108753,Phạm Tuấn Khoa,sv008753@uni.edu.vn
2019108754,Hoàng Tuấn Khoa,sv008754@uni.edu.vn
2020108755,Vũ Tuấn Khoa,sv008755@uni.edu.vn
2021108756,Đặng Tuấn Khoa,sv008756@uni.edu.vn
2022108757,Bùi Tuấn Khoa,sv008757@uni.edu.vn
2023108758,Đỗ Tuấn Khoa,sv008758@uni.edu.vn
2024108759,Hồ Tuấn Khoa,sv008759@uni.edu.vn
2019108760,Nguyễn Hữu Khoa,sv008760@uni.edu.vn
2020108761,Trần Hữu Khoa,sv008761@uni.edu.vn
2021108762,Lê Hữu Khoa,sv008762@uni.edu.vn
2022108763,Phạm Hữu Khoa,sv008763@uni.edu.vn
2023108764,Hoàng Hữu Khoa,sv008764@uni.edu.vn
2024108765,Vũ Hữu Khoa,sv008765@uni.edu.vn
2019108766,Đặng Hữu Khoa,sv008766@uni.edu.vn
2020108767,Bùi Hữu Khoa,sv008767@uni.edu.vn
2021108768,Đỗ Hữu Khoa,sv008768@uni.edu.vn
2022108769,Hồ Hữu Khoa,sv008769@uni.edu.vn
2023108770,Nguyễn Thành Khoa,sv008770@uni.edu.vn
2024108771,Trần Thành Khoa,sv008771@uni.edu.vn
2019108772,Lê Thành Khoa,sv008772@uni.edu.vn
2020108773,Phạm Thành Khoa,sv008773@uni.edu.vn
2021108774,Hoàng Thành Khoa,sv008774@uni.edu.vn
2022108775,Vũ Thành Khoa,sv008775@uni.edu.vn
2023108776,Đặng Thành Khoa,sv008776@uni.edu.vn
2024108777,Bùi Thành Khoa,sv008777@uni.edu.vn
2019108778,Đỗ Thành Khoa,sv008778@uni.edu.vn
2020108779,Hồ Thành Khoa,sv008779@uni.edu.vn
2021108780,Nguyễn Ngọc Khoa,sv008780@uni.edu.vn
2022108781,Trần Ngọc Khoa,sv008781@uni.edu.vn
2023108782,Lê Ngọc Khoa,sv008782@uni.edu.vn
2024108783,Phạm Ngọc Khoa,sv008783@uni.edu.vn
2019108784,Hoàng Ngọc Khoa,sv008784@uni.edu.vn
2020108785,Vũ Ngọc Khoa,sv008785@uni.edu.vn
2021108786,Đặng Ngọc Khoa,sv008786@uni.edu.vn
2022108787,Bùi Ngọc Khoa,sv008787@uni.edu.vn
2023108788,Đỗ Ngọc Khoa,sv008788@uni.edu.vn
2024108789,Hồ Ngọc Khoa,sv008789@uni.edu.vn
2019108790,Nguyễn Khoa,sv008790@uni.edu.vn
2020108791,Trần Khoa,sv008791@uni.edu.vn
2021108792,Lê Khoa,sv008792@uni.edu.vn
2022108793,Phạm Khoa,sv008793@uni.edu.vn
2023108794,Hoàng Khoa,sv008794@uni.edu.vn
2024108795,Vũ Khoa,sv008795@uni.edu.vn
2019108796,Đặng Khoa,sv008796@uni.edu.vn
2020108797,Bùi Khoa,sv008797@uni.edu.vn
2021108798,Đỗ Khoa,sv008798@uni.edu.vn
2022108799,Hồ Khoa,sv008799@uni.edu.vn
2023108800,Nguyễn Thị Lan,sv008800@uni.edu.vn
2024108801,Trần Thị Lan,sv008801@uni.edu.vn
2019108802,Lê Thị Lan,sv008802@uni.edu.vn
2020108803,Phạm Thị Lan,sv008803@uni.edu.vn
2021108804,Hoàng Thị Lan,sv008804@uni.edu.vn
2022108805,Vũ Thị Lan,sv008805@uni.edu.vn
2023108806,Đặng Thị Lan,sv008806@uni.edu.vn
2024108807,Bùi Thị Lan,sv008807@uni.edu.vn
2019108808,Đỗ Thị Lan,sv008808@uni.edu.vn
2020108809,Hồ Thị Lan,sv008809@uni.edu.vn
2021108810,Nguyễn Văn Lan,sv008810@uni.edu.vn
2022108811,Trần Văn Lan,sv008811@uni.edu.vn
2023108812,Lê Văn Lan,sv008812@uni.edu.vn
2024108813,Phạm Văn Lan,sv008813@uni.edu.vn
2019108814,Hoàng Văn Lan,sv008814@uni.edu.vn
2020108815,Vũ Văn Lan,sv008815@uni.edu.vn
2021108816,Đặng Văn Lan,sv008816@uni.edu.vn
2022108817,Bùi Văn Lan,sv008817@uni.edu.vn
2023108818,Đỗ Văn Lan,sv008818@uni.edu.vn
2024108819,Hồ Văn Lan,sv008819@uni.edu.vn
2019108820,Nguyễn Minh Lan,sv008820@uni.edu.vn
2020108821,Trần Minh Lan,sv008821@uni.edu.vn
2021108822,Lê Minh Lan,sv008822@uni.edu.vn
2022108823,Phạm Minh Lan,sv008823@uni.edu.vn
2023108824,Hoàng Minh Lan,sv008824@uni.edu.vn
2024108825,Vũ Minh Lan,sv008825@uni.edu.vn
2019108826,Đặng Minh Lan,sv008826@uni.edu.vn
2020108827,Bùi Minh Lan,sv008827@uni.edu.vn
2021108828,Đỗ Minh Lan,sv008828@uni.edu.vn
2022108829,Hồ Minh Lan,sv008829@uni.edu.vn
2023108830,Nguyễn Quốc Lan,sv008830@uni.edu.vn
2024108831,Trần Quốc Lan,sv008831@uni.edu.vn
2019108832,Lê Quốc Lan,sv008832@uni.edu.vn
2020108833,Phạm Quốc Lan,sv008833@uni.edu.vn
2021108834,Hoàng Quốc Lan,sv008834@uni.edu.vn
2022108835,Vũ Quốc Lan,sv008835@uni.edu.vn
2023108836,Đặng Quốc Lan,sv008836@uni.edu.vn
2024108837,Bùi Quốc Lan,sv008837@uni.edu.vn
2019108838,Đỗ Quốc Lan,sv008838@uni.edu.vn
2020108839,Hồ Quốc Lan,sv008839@uni.edu.vn
2021108840,Nguyễn Anh Lan,sv008840@uni.edu.vn
2022108841,Trần Anh Lan,sv008841@uni.edu.vn
2023108842,Lê Anh Lan,sv008842@uni.edu.vn
2024108843,Phạm Anh Lan,sv008843@uni.edu.vn
2019108844,Hoàng Anh Lan,sv008844@uni.edu.vn
2020108845,Vũ Anh Lan,sv008845@uni.edu.vn
2021108846,Đặng Anh Lan,sv008846@uni.edu.vn
2022108847,Bùi Anh Lan,sv008847@uni.edu.vn
2023108848,Đỗ Anh Lan,sv008848@uni.edu.vn
2024108849,Hồ Anh Lan,sv008849@uni.edu.vn
2019108850,Nguyễn Tuấn Lan,sv008850@uni.edu.vn
2020108851,Trần Tuấn Lan,sv008851@uni.edu.vn
2021108852,Lê Tuấn Lan,sv008852@uni.edu.vn
2022108853,Phạm Tuấn Lan,sv008853@uni.edu.vn
2023108854,Hoàng Tuấn Lan,sv008854@uni.edu.vn
2024108855,Vũ Tuấn Lan,sv008855@uni.edu.vn
2019108856,Đặng Tuấn Lan,sv008856@uni.edu.vn
2020108857,Bùi Tuấn Lan,sv008857@uni.edu.vn
2021108858,Đỗ Tuấn Lan,sv008858@uni.edu.vn
2022108859,Hồ Tuấn Lan,sv008859@uni.edu.vn
2023108860,Nguyễn Hữu Lan,sv008860@uni.edu.vn
2024108861,Trần Hữu Lan,sv008861@uni.edu.vn
2019108862,Lê Hữu Lan,sv008862@uni.edu.vn
2020108863,Phạm Hữu Lan,sv008863@uni.edu.vn
2021108864,Hoàng Hữu Lan,sv008864@uni.edu.vn
2022108865,Vũ Hữu Lan,sv008865@uni.edu.vn
2023108866,Đặng Hữu Lan,sv008866@uni.edu.vn
2024108867,Bùi Hữu Lan,sv008867@uni.edu.vn
2019108868,Đỗ Hữu Lan,sv008868@uni.edu.vn
2020108869,Hồ Hữu Lan,sv008869@uni.edu.vn
2021108870,Nguyễn Thành Lan,sv008870@uni.edu.vn
2022108871,Trần Thành Lan,sv008871@uni.edu.vn
2023108872,Lê Thành Lan,sv008872@uni.edu.vn
2024108873,Phạm Thành Lan,sv008873@uni.edu.vn
2019108874,Hoàng Thành Lan,sv008874@uni.edu.vn
2020108875,Vũ Thành Lan,sv008875@uni.edu.vn
2021108876,Đặng Thành Lan,sv008876@uni.edu.vn
2022108877,Bùi Thành Lan,sv008877@uni.edu.vn
2023108878,Đỗ Thành Lan,sv008878@uni.edu.vn
2024108879,Hồ Thành Lan,sv008879@uni.edu.vn
2019108880,Nguyễn Ngọc Lan,sv008880@uni.edu.vn
2020108881,Trần Ngọc Lan,sv008881@uni.edu.vn
2021108882,Lê Ngọc Lan,sv008882@uni.edu.vn
2022108883,Phạm Ngọc Lan,sv008883@uni.edu.vn
2023108884,Hoàng Ngọc Lan,sv008884@uni.edu.vn
2024108885,Vũ Ngọc Lan,sv008885@uni.edu.vn
2019108886,Đặng Ngọc Lan,sv008886@uni.edu.vn
2020108887,Bùi Ngọc Lan,sv008887@uni.edu.vn
2021108888,Đỗ Ngọc Lan,sv008888@uni.edu.vn
2022108889,Hồ Ngọc Lan,sv008889@uni.edu.vn
2023108890,Nguyễn Lan,sv008890@uni.edu.vn
2024108891,Trần Lan,sv008891@uni.edu.vn
2019108892,Lê Lan,sv008892@uni.edu.vn
2020108893,Phạm Lan,sv008893@uni.edu.vn
2021108894,Hoàng Lan,sv008894@uni.edu.vn
2022108895,Vũ Lan,sv008895@uni.edu.vn
2023108896,Đặng Lan,sv008896@uni.edu.vn
2024108897,Bùi Lan,sv008897@uni.edu.vn
2019108898,Đỗ Lan,sv008898@uni.edu.vn
2020108899,Hồ Lan,sv008899@uni.edu.vn
2021108900,Nguyễn Thị Linh,sv008900@uni.edu.vn
2022108901,Trần Thị Linh,sv008901@uni.edu.vn
2023108902,Lê Thị Linh,sv008902@uni.edu.vn
2024108903,Phạm Thị Linh,sv008903@uni.edu.vn
2019108904,Hoàng Thị Linh,sv008904@uni.edu.vn
2020108905,Vũ Thị Linh,sv008905@uni.edu.vn
2021108906,Đặng Thị Linh,sv008906@uni.edu.vn
2022108907,Bùi Thị Linh,sv008907@uni.edu.vn
2023108908,Đỗ Thị Linh,sv008908@uni.edu.vn
2024108909,Hồ Thị Linh,sv008909@uni.edu.vn
2019108910,Nguyễn Văn Linh,sv008910@uni.edu.vn
2020108911,Trần Văn Linh,sv008911@uni.edu.vn
2021108912,Lê Văn Linh,sv008912@uni.edu.vn
2022108913,Phạm Văn Linh,sv008913@uni.edu.vn
2023108914,Hoàng Văn Linh,sv008914@uni.edu.vn
2024108915,Vũ Văn Linh,sv008915@uni.edu.vn
2019108916,Đặng Văn Linh,sv008916@uni.edu.vn
2020108917,Bùi Văn Linh,sv008917@uni.edu.vn
2021108918,Đỗ Văn Linh,sv008918@uni.edu.vn
2022108919,Hồ Văn Linh,sv008919@uni.edu.vn
2023108920,Nguyễn Minh Linh,sv008920@uni.edu.vn
2024108921,Trần Minh Linh,sv008921@uni.edu.vn
2019108922,Lê Minh Linh,sv008922@uni.edu.vn
2020108923,Phạm Minh Linh,sv008923@uni.edu.vn
2021108924,Hoàng Minh Linh,sv008924@uni.edu.vn
2022108925,Vũ Minh Linh,sv008925@uni.edu.vn
2023108926,Đặng Minh Linh,sv008926@uni.edu.vn
2024108927,Bùi Minh Linh,sv008927@uni.edu.vn
2019108928,Đỗ Minh Linh,sv008928@uni.edu.vn
2020108929,Hồ Minh Linh,sv008929@uni.edu.vn
2021108930,Nguyễn Quốc Linh,sv008930@uni.edu.vn
2022108931,Trần Quốc Linh,sv008931@uni.edu.vn
2023108932,Lê Quốc Linh,sv008932@uni.edu.vn
2024108933,Phạm Quốc Linh,sv008933@uni.edu.vn
2019108934,Hoàng Quốc Linh,sv008934@uni.edu.vn
2020108935,Vũ Quốc Linh,sv008935@uni.edu.vn
2021108936,Đặng Quốc Linh,sv008936@uni.edu.vn
2022108937,Bùi Quốc Linh,sv008937@uni.edu.vn
2023108938,Đỗ Quốc Linh,sv008938@uni.edu.vn
2024108939,Hồ Quốc Linh,sv008939@uni.edu.vn
2019108940,Nguyễn Anh Linh,sv008940@uni.edu.vn
2020108941,Trần Anh Linh,sv008941@uni.edu.vn
2021108942,Lê Anh Linh,sv008942@uni.edu.vn
2022108943,Phạm Anh Linh,sv008943@uni.edu.vn
2023108944,Hoàng Anh Linh,sv008944@uni.edu.vn
2024108945,Vũ Anh Linh,sv008945@uni.edu.vn
2019108946,Đặng Anh Linh,sv008946@uni.edu.vn
2020108947,Bùi Anh Linh,sv008947@uni.edu.vn
2021108948,Đỗ Anh Linh,sv008948@uni.edu.vn
2022108949,Hồ Anh Linh,sv008949@uni.edu.vn
2023108950,Nguyễn Tuấn Linh,sv008950@uni.edu.vn
2024108951,Trần Tuấn Linh,sv008951@uni.edu.vn
2019108952,Lê Tuấn Linh,sv008952@uni.edu.vn
2020108953,Phạm Tuấn Linh,sv008953@uni.edu.vn
2021108954,Hoàng Tuấn Linh,sv008954@uni.edu.vn
2022108955,Vũ Tuấn Linh,sv008955@uni.edu.vn
2023108956,Đặng Tuấn Linh,sv008956@uni.edu.vn
2024108957,Bùi Tuấn Linh,sv008957@uni.edu.vn
2019108958,Đỗ Tuấn Linh,sv008958@uni.edu.vn
2020108959,Hồ Tuấn Linh,sv008959@uni.edu.vn
2021108960,Nguyễn Hữu Linh,sv008960@uni.edu.vn
2022108961,Trần Hữu Linh,sv008961@uni.edu.vn
2023108962,Lê Hữu Linh,sv008962@uni.edu.vn
2024108963,Phạm Hữu Linh,sv008963@uni.edu.vn
2019108964,Hoàng Hữu Linh,sv008964@uni.edu.vn
2020108965,Vũ Hữu Linh,sv008965@uni.edu.vn
2021108966,Đặng Hữu Linh,sv008966@uni.edu.vn
2022108967,Bùi Hữu Linh,sv008967@uni.edu.vn
2023108968,Đỗ Hữu Linh,sv008968@uni.edu.vn
2024108969,Hồ Hữu Linh,sv008969@uni.edu.vn
2019108970,Nguyễn Thành Linh,sv008970@uni.edu.vn
2020108971,Trần Thành Linh,sv008971@uni.edu.vn
2021108972,Lê Thành Linh,sv008972@uni.edu.vn
2022108973,Phạm Thành Linh,sv008973@uni.edu.vn
2023108974,Hoàng Thành Linh,sv008974@uni.edu.vn
2024108975,Vũ Thành Linh,sv008975@uni.edu.vn
2019108976,Đặng Thành Linh,sv008976@uni.edu.vn
2020108977,Bùi Thành Linh,sv008977@uni.edu.vn
2021108978,Đỗ Thành Linh,sv008978@uni.edu.vn
2022108979,Hồ Thành Linh,sv008979@uni.edu.vn
2023108980,Nguyễn Ngọc Linh,sv008980@uni.edu.vn
2024108981,Trần Ngọc Linh,sv008981@uni.edu.vn
2019108982,Lê Ngọc Linh,sv008982@uni.edu.vn
2020108983,Phạm Ngọc Linh,sv008983@uni.edu.vn
2021108984,Hoàng Ngọc Linh,sv008984@uni.edu.vn
2022108985,Vũ Ngọc Linh,sv008985@uni.edu.vn
2023108986,Đặng Ngọc Linh,sv008986@uni.edu.vn
2024108987,Bùi Ngọc Linh,sv008987@uni.edu.vn
2019108988,Đỗ Ngọc Linh,sv008988@uni.edu.vn
2020108989,Hồ Ngọc Linh,sv008989@uni.edu.vn
2021108990,Nguyễn Linh,sv008990@uni.edu.vn
2022108991,Trần Linh,sv008991@uni.edu.vn
2023108992,Lê Linh,sv008992@uni.edu.vn
2024108993,Phạm Linh,sv008993@uni.edu.vn
2019108994,Hoàng Linh,sv008994@uni.edu.vn
2020108995,Vũ Linh,sv008995@uni.edu.vn
2021108996,Đặng Linh,sv008996@uni.edu.vn
2022108997,Bùi Linh,sv008997@uni.edu.vn
2023108998,Đỗ Linh,sv008998@uni.edu.vn
2024108999,Hồ Linh,sv008999@uni.edu.vn
2019109000,Nguyễn Thị Mai,sv009000@uni.edu.vn
2020109001,Trần Thị Mai,sv009001@uni.edu.vn
2021109002,Lê Thị Mai,sv009002@uni.edu.vn
2022109003,Phạm Thị Mai,sv009003@uni.edu.vn
2023109004,Hoàng Thị Mai,sv009004@uni.edu.vn
2024109005,Vũ Thị Mai,sv009005@uni.edu.vn
2019109006,Đặng Thị Mai,sv009006@uni.edu.vn
2020109007,Bùi Thị Mai,sv009007@uni.edu.vn
2021109008,Đỗ Thị Mai,sv009008@uni.edu.vn
2022109009,Hồ Thị Mai,sv009009@uni.edu.vn
2023109010,Nguyễn Văn Mai,sv009010@uni.edu.vn
2024109011,Trần Văn Mai,sv009011@uni.edu.vn
2019109012,Lê Văn Mai,sv009012@uni.edu.vn
2020109013,Phạm Văn Mai,sv009013@uni.edu.vn
2021109014,Hoàng Văn Mai,sv009014@uni.edu.vn
2022109015,Vũ Văn Mai,sv009015@uni.edu.vn
2023109016,Đặng Văn Mai,sv009016@uni.edu.vn
2024109017,Bùi Văn Mai,sv009017@uni.edu.vn
2019109018,Đỗ Văn Mai,sv009018@uni.edu.vn
2020109019,Hồ Văn Mai,sv009019@uni.edu.vn
2021109020,Nguyễn Minh Mai,sv009020@uni.edu.vn
2022109021,Trần Minh Mai,sv009021@uni.edu.vn
2023109022,Lê Minh Mai,sv009022@uni.edu.vn
2024109023,Phạm Minh Mai,sv009023@uni.edu.vn
2019109024,Hoàng Minh Mai,sv009024@uni.edu.vn
2020109025,Vũ Minh Mai,sv009025@uni.edu.vn
2021109026,Đặng Minh Mai,sv009026@uni.edu.vn
2022109027,Bùi Minh Mai,sv009027@uni.edu.vn
2023109028,Đỗ Minh Mai,sv009028@uni.edu.vn
2024109029,Hồ Minh Mai,sv009029@uni.edu.vn
2019109030,Nguyễn Quốc Mai,sv009030@uni.edu.vn
2020109031,Trần Quốc Mai,sv009031@uni.edu.vn
2021109032,Lê Quốc Mai,sv009032@uni.edu.vn
2022109033,Phạm Quốc Mai,sv009033@uni.edu.vn
2023109034,Hoàng Quốc Mai,sv009034@uni.edu.vn
2024109035,Vũ Quốc Mai,sv009035@uni.edu.vn
2019109036,Đặng Quốc Mai,sv009036@uni.edu.vn
2020109037,Bùi Quốc Mai,sv009037@uni.edu.vn
2021109038,Đỗ Quốc Mai,sv009038@uni.edu.vn
2022109039,Hồ Quốc Mai,sv009039@uni.edu.vn
2023109040,Nguyễn Anh Mai,sv009040@uni.edu.vn
2024109041,Trần Anh Mai,sv009041@uni.edu.vn
2019109042,Lê Anh Mai,sv009042@uni.edu.vn
2020109043,Phạm Anh Mai,sv009043@uni.edu.vn
2021109044,Hoàng Anh Mai,sv009044@uni.edu.vn
2022109045,Vũ Anh Mai,sv009045@uni.edu.vn
2023109046,Đặng Anh Mai,sv009046@uni.edu.vn
2024109047,Bùi Anh Mai,sv009047@uni.edu.vn
2019109048,Đỗ Anh Mai,sv009048@uni.edu.vn
2020109049,Hồ Anh Mai,sv009049@uni.edu.vn
2021109050,Nguyễn Tuấn Mai,sv009050@uni.edu.vn
2022109051,Trần Tuấn Mai,sv009051@uni.edu.vn
2023109052,Lê Tuấn Mai,sv009052@uni.edu.vn
2024109053,Phạm Tuấn Mai,sv009053@uni.edu.vn
2019109054,Hoàng Tuấn Mai,sv009054@uni.edu.vn
2020109055,Vũ Tuấn Mai,sv009055@uni.edu.vn
2021109056,Đặng Tuấn Mai,sv009056@uni.edu.vn
2022109057,Bùi Tuấn Mai,sv009057@uni.edu.vn
2023109058,Đỗ Tuấn Mai,sv009058@uni.edu.vn
2024109059,Hồ Tuấn Mai,sv009059@uni.edu.vn
2019109060,Nguyễn Hữu Mai,sv009060@uni.edu.vn
2020109061,Trần Hữu Mai,sv009061@uni.edu.vn
2021109062,Lê Hữu Mai,sv009062@uni.edu.vn
2022109063,Phạm Hữu Mai,sv009063@uni.edu.vn
2023109064,Hoàng Hữu Mai,sv009064@uni.edu.vn
2024109065,Vũ Hữu Mai,sv009065@uni.edu.vn
2019109066,Đặng Hữu Mai,sv009066@uni.edu.vn
2020109067,Bùi Hữu Mai,sv009067@uni.edu.vn
2021109068,Đỗ Hữu Mai,sv009068@uni.edu.vn
2022109069,Hồ Hữu Mai,sv009069@uni.edu.vn
2023109070,Nguyễn Thành Mai,sv009070@uni.edu.vn
2024109071,Trần Thành Mai,sv009071@uni.edu.vn
2019109072,Lê Thành Mai,sv009072@uni.edu.vn
2020109073,Phạm Thành Mai,sv009073@uni.edu.vn
2021109074,Hoàng Thành Mai,sv009074@uni.edu.vn
2022109075,Vũ Thành Mai,sv009075@uni.edu.vn
2023109076,Đặng Thành Mai,sv009076@uni.edu.vn
2024109077,Bùi Thành Mai,sv009077@uni.edu.vn
2019109078,Đỗ Thành Mai,sv009078@uni.edu.vn
2020109079,Hồ Thành Mai,sv009079@uni.edu.vn
2021109080,Nguyễn Ngọc Mai,sv009080@uni.edu.vn
2022109081,Trần Ngọc Mai,sv009081@uni.edu.vn
2023109082,Lê Ngọc Mai,sv009082@uni.edu.vn
2024109083,Phạm Ngọc Mai,sv009083@uni.edu.vn
2019109084,Hoàng Ngọc Mai,sv009084@uni.edu.vn
2020109085,Vũ Ngọc Mai,sv009085@uni.edu.vn
2021109086,Đặng Ngọc Mai,sv009086@uni.edu.vn
2022109087,Bùi Ngọc Mai,sv009087@uni.edu.vn
2023109088,Đỗ Ngọc Mai,sv009088@uni.edu.vn
2024109089,Hồ Ngọc Mai,sv009089@uni.edu.vn
2019109090,Nguyễn Mai,sv009090@uni.edu.vn
2020109091,Trần Mai,sv009091@uni.edu.vn
2021109092,Lê Mai,sv009092@uni.edu.vn
2022109093,Phạm Mai,sv009093@uni.edu.vn
2023109094,Hoàng Mai,sv009094@uni.edu.vn
2024109095,Vũ Mai,sv009095@uni.edu.vn
2019109096,Đặng Mai,sv009096@uni.edu.vn
2020109097,Bùi Mai,sv009097@uni.edu.vn
2021109098,Đỗ Mai,sv009098@uni.edu.vn
2022109099,Hồ Mai,sv009099@uni.edu.vn
2023109100,Nguyễn Thị Nam,sv009100@uni.edu.vn
2024109101,Trần Thị Nam,sv009101@uni.edu.vn
2019109102,Lê Thị Nam,sv009102@uni.edu.vn
2020109103,Phạm Thị Nam,sv009103@uni.edu.vn
2021109104,Hoàng Thị Nam,sv009104@uni.edu.vn
2022109105,Vũ Thị Nam,sv009105@uni.edu.vn
2023109106,Đặng Thị Nam,sv009106@uni.edu.vn
2024109107,Bùi Thị Nam,sv009107@uni.edu.vn
2019109108,Đỗ Thị Nam,sv009108@uni.edu.vn
2020109109,Hồ Thị Nam,sv009109@uni.edu.vn
2021109110,Nguyễn Văn Nam,sv009110@uni.edu.vn
2022109111,Trần Văn Nam,sv009111@uni.edu.vn
2023109112,Lê Văn Nam,sv009112@uni.edu.vn
2024109113,Phạm Văn Nam,sv009113@uni.edu.vn
2019109114,Hoàng Văn Nam,sv009114@uni.edu.vn
2020109115,Vũ Văn Nam,sv009115@uni.edu.vn
2021109116,Đặng Văn Nam,sv009116@uni.edu.vn
2022109117,Bùi Văn Nam,sv009117@uni.edu.vn
2023109118,Đỗ Văn Nam,sv009118@uni.edu.vn
2024109119,Hồ Văn Nam,sv009119@uni.edu.vn
2019109120,Nguyễn Minh Nam,sv009120@uni.edu.vn
2020109121,Trần Minh Nam,sv009121@uni.edu.vn
2021109122,Lê Minh Nam,sv009122@uni.edu.vn
2022109123,Phạm Minh Nam,sv009123@uni.edu.vn
2023109124,Hoàng Minh Nam,sv009124@uni.edu.vn
2024109125,Vũ Minh Nam,sv009125@uni.edu.vn
2019109126,Đặng Minh Nam,sv009126@uni.edu.vn
2020109127,Bùi Minh Nam,sv009127@uni.edu.vn
2021109128,Đỗ Minh Nam,sv009128@uni.edu.vn
2022109129,Hồ Minh Nam,sv009129@uni.edu.vn
2023109130,Nguyễn Quốc Nam,sv009130@uni.edu.vn
2024109131,Trần Quốc Nam,sv009131@uni.edu.vn
2019109132,Lê Quốc Nam,sv009132@uni.edu.vn
2020109133,Phạm Quốc Nam,sv009133@uni.edu.vn
2021109134,Hoàng Quốc Nam,sv009134@uni.edu.vn
2022109135,Vũ Quốc Nam,sv009135@uni.edu.vn
2023109136,Đặng Quốc Nam,sv009136@uni.edu.vn
2024109137,Bùi Quốc Nam,sv009137@uni.edu.vn
2019109138,Đỗ Quốc Nam,sv009138@uni.edu.vn
2020109139,Hồ Quốc Nam,sv009139@uni.edu.vn
2021109140,Nguyễn Anh Nam,sv009140@uni.edu.vn
2022109141,Trần Anh Nam,sv009141@uni.edu.vn
2023109142,Lê Anh Nam,sv009142@uni.edu.vn
2024109143,Phạm Anh Nam,sv009143@uni.edu.vn
2019109144,Hoàng Anh Nam,sv009144@uni.edu.vn
2020109145,Vũ Anh Nam,sv009145@uni.edu.vn
2021109146,Đặng Anh Nam,sv009146@uni.edu.vn
2022109147,Bùi Anh Nam,sv009147@uni.edu.vn
2023109148,Đỗ Anh Nam,sv009148@uni.edu.vn
2024109149,Hồ Anh Nam,sv009149@uni.edu.vn
2019109150,Nguyễn Tuấn Nam,sv009150@uni.edu.vn
2020109151,Trần Tuấn Nam,sv009151@uni.edu.vn
2021109152,Lê Tuấn Nam,sv009152@uni.edu.vn
2022109153,Phạm Tuấn Nam,sv009153@uni.edu.vn
2023109154,Hoàng Tuấn Nam,sv009154@uni.edu.vn
2024109155,Vũ Tuấn Nam,sv009155@uni.edu.vn
2019109156,Đặng Tuấn Nam,sv009156@uni.edu.vn
2020109157,Bùi Tuấn Nam,sv009157@uni.edu.vn
2021109158,Đỗ Tuấn Nam,sv009158@uni.edu.vn
2022109159,Hồ Tuấn Nam,sv009159@uni.edu.vn
2023109160,Nguyễn Hữu Nam,sv009160@uni.edu.vn
2024109161,Trần Hữu Nam,sv009161@uni.edu.vn
2019109162,Lê Hữu Nam,sv009162@uni.edu.vn
2020109163,Phạm Hữu Nam,sv009163@uni.edu.vn
2021109164,Hoàng Hữu Nam,sv009164@uni.edu.vn
2022109165,Vũ Hữu Nam,sv009165@uni.edu.vn
2023109166,Đặng Hữu Nam,sv009166@uni.edu.vn
2024109167,Bùi Hữu Nam,sv009167@uni.edu.vn
2019109168,Đỗ Hữu Nam,sv009168@uni.edu.vn
2020109169,Hồ Hữu Nam,sv009169@uni.edu.vn
2021109170,Nguyễn Thành Nam,sv009170@uni.edu.vn
2022109171,Trần Thành Nam,sv009171@uni.edu.vn
2023109172,Lê Thành Nam,sv009172@uni.edu.vn
2024109173,Phạm Thành Nam,sv009173@uni.edu.vn
2019109174,Hoàng Thành Nam,sv009174@uni.edu.vn
2020109175,Vũ Thành Nam,sv009175@uni.edu.vn
2021109176,Đặng Thành Nam,sv009176@uni.edu.vn
2022109177,Bùi Thành Nam,sv009177@uni.edu.vn
2023109178,Đỗ Thành Nam,sv009178@uni.edu.vn
2024109179,Hồ Thành Nam,sv009179@uni.edu.vn
2019109180,Nguyễn Ngọc Nam,sv009180@uni.edu.vn
2020109181,Trần Ngọc Nam,sv009181@uni.edu.vn
2021109182,Lê Ngọc Nam,sv009182@uni.edu.vn
2022109183,Phạm Ngọc Nam,sv009183@uni.edu.vn
2023109184,Hoàng Ngọc Nam,sv009184@uni.edu.vn
2024109185,Vũ Ngọc Nam,sv009185@uni.edu.vn
2019109186,Đặng Ngọc Nam,sv009186@uni.edu.vn
2020109187,Bùi Ngọc Nam,sv009187@uni.edu.vn
2021109188,Đỗ Ngọc Nam,sv009188@uni.edu.vn
2022109189,Hồ Ngọc Nam,sv009189@uni.edu.vn
2023109190,Nguyễn Nam,sv009190@uni.edu.vn
2024109191,Trần Nam,sv009191@uni.edu.vn
2019109192,Lê Nam,sv009192@uni.edu.vn
2020109193,Phạm Nam,sv009193@uni.edu.vn
2021109194,Hoàng Nam,sv009194@uni.edu.vn
2022109195,Vũ Nam,sv009195@uni.edu.vn
2023109196,Đặng Nam,sv009196@uni.edu.vn
2024109197,Bùi Nam,sv009197@uni.edu.vn
2019109198,Đỗ Nam,sv009198@uni.edu.vn
2020109199,Hồ Nam,sv009199@uni.edu.vn
2021109200,Nguyễn Thị Phong,sv009200@uni.edu.vn
2022109201,Trần Thị Phong,sv009201@uni.edu.vn
2023109202,Lê Thị Phong,sv009202@uni.edu.vn
2024109203,Phạm Thị Phong,sv009203@uni.edu.vn
2019109204,Hoàng Thị Phong,sv009204@uni.edu.vn
2020109205,Vũ Thị Phong,sv009205@uni.edu.vn
2021109206,Đặng Thị Phong,sv009206@uni.edu.vn
2022109207,Bùi Thị Phong,sv009207@uni.edu.vn
2023109208,Đỗ Thị Phong,sv009208@uni.edu.vn
2024109209,Hồ Thị Phong,sv009209@uni.edu.vn
2019109210,Nguyễn Văn Phong,sv009210@uni.edu.vn
2020109211,Trần Văn Phong,sv009211@uni.edu.vn
2021109212,Lê Văn Phong,sv009212@uni.edu.vn
2022109213,Phạm Văn Phong,sv009213@uni.edu.vn
2023109214,Hoàng Văn Phong,sv009214@uni.edu.vn
2024109215,Vũ Văn Phong,sv009215@uni.edu.vn
2019109216,Đặng Văn Phong,sv009216@uni.edu.vn
2020109217,Bùi Văn Phong,sv009217@uni.edu.vn
2021109218,Đỗ Văn Phong,sv009218@uni.edu.vn
2022109219,Hồ Văn Phong,sv009219@uni.edu.vn
2023109220,Nguyễn Minh Phong,sv009220@uni.edu.vn
2024109221,Trần Minh Phong,sv009221@uni.edu.vn
2019109222,Lê Minh Phong,sv009222@uni.edu.vn
2020109223,Phạm Minh Phong,sv009223@uni.edu.vn
2021109224,Hoàng Minh Phong,sv009224@uni.edu.vn
2022109225,Vũ Minh Phong,sv009225@uni.edu.vn
2023109226,Đặng Minh Phong,sv009226@uni.edu.vn
2024109227,Bùi Minh Phong,sv009227@uni.edu.vn
2019109228,Đỗ Minh Phong,sv009228@uni.edu.vn
2020109229,Hồ Minh Phong,sv009229@uni.edu.vn
2021109230,Nguyễn Quốc Phong,sv009230@uni.edu.vn
2022109231,Trần Quốc Phong,sv009231@uni.edu.vn
2023109232,Lê Quốc Phong,sv009232@uni.edu.vn
2024109233,Phạm Quốc Phong,sv009233@uni.edu.vn
2019109234,Hoàng Quốc Phong,sv009234@uni.edu.vn
2020109235,Vũ Quốc Phong,sv009235@uni.edu.vn
2021109236,Đặng Quốc Phong,sv009236@uni.edu.vn
2022109237,Bùi Quốc Phong,sv009237@uni.edu.vn
2023109238,Đỗ Quốc Phong,sv009238@uni.edu.vn
2024109239,Hồ Quốc Phong,sv009239@uni.edu.vn
2019109240,Nguyễn Anh Phong,sv009240@uni.edu.vn
2020109241,Trần Anh Phong,sv009241@uni.edu.vn
2021109242,Lê Anh Phong,sv009242@uni.edu.vn
2022109243,Phạm Anh Phong,sv009243@uni.edu.vn
2023109244,Hoàng Anh Phong,sv009244@uni.edu.vn
2024109245,Vũ Anh Phong,sv009245@uni.edu.vn
2019109246,Đặng Anh Phong,sv009246@uni.edu.vn
2020109247,Bùi Anh Phong,sv009247@uni.edu.vn
2021109248,Đỗ Anh Phong,sv009248@uni.edu.vn
2022109249,Hồ Anh Phong,sv009249@uni.edu.vn
2023109250,Nguyễn Tuấn Phong,sv009250@uni.edu.vn
2024109251,Trần Tuấn Phong,sv009251@uni.edu.vn
2019109252,Lê Tuấn Phong,sv009252@uni.edu.vn
2020109253,Phạm Tuấn Phong,sv009253@uni.edu.vn
2021109254,Hoàng Tuấn Phong,sv009254@uni.edu.vn
2022109255,Vũ Tuấn Phong,sv009255@uni.edu.vn
2023109256,Đặng Tuấn Phong,sv009256@uni.edu.vn
2024109257,Bùi Tuấn Phong,sv009257@uni.edu.vn
2019109258,Đỗ Tuấn Phong,sv009258@uni.edu.vn
2020109259,Hồ Tuấn Phong,sv009259@uni.edu.vn
2021109260,Nguyễn Hữu Phong,sv009260@uni.edu.vn
2022109261,Trần Hữu Phong,sv009261@uni.edu.vn
2023109262,Lê Hữu Phong,sv009262@uni.edu.vn
2024109263,Phạm Hữu Phong,sv009263@uni.edu.vn
2019109264,Hoàng Hữu Phong,sv009264@uni.edu.vn
2020109265,Vũ Hữu Phong,sv009265@uni.edu.vn
2021109266,Đặng Hữu Phong,sv009266@uni.edu.vn
2022109267,Bùi Hữu Phong,sv009267@uni.edu.vn
2023109268,Đỗ Hữu Phong,sv009268@uni.edu.vn
2024109269,Hồ Hữu Phong,sv009269@uni.edu.vn
2019109270,Nguyễn Thành Phong,sv009270@uni.edu.vn
2020109271,Trần Thành Phong,sv009271@uni.edu.vn
2021109272,Lê Thành Phong,sv009272@uni.edu.vn
2022109273,Phạm Thành Phong,sv009273@uni.edu.vn
2023109274,Hoàng Thành Phong,sv009274@uni.edu.vn
2024109275,Vũ Thành Phong,sv009275@uni.edu.vn
2019109276,Đặng Thành Phong,sv009276@uni.edu.vn
2020109277,Bùi Thành Phong,sv009277@uni.edu.vn
2021109278,Đỗ Thành Phong,sv009278@uni.edu.vn
2022109279,Hồ Thành Phong,sv009279@uni.edu.vn
2023109280,Nguyễn Ngọc Phong,sv009280@uni.edu.vn
2024109281,Trần Ngọc Phong,sv009281@uni.edu.vn
2019109282,Lê Ngọc Phong,sv009282@uni.edu.vn
2020109283,Phạm Ngọc Phong,sv009283@uni.edu.vn
2021109284,Hoàng Ngọc Phong,sv009284@uni.edu.vn
2022109285,Vũ Ngọc Phong,sv009285@uni.edu.vn
2023109286,Đặng Ngọc Phong,sv009286@uni.edu.vn
2024109287,Bùi Ngọc Phong,sv009287@uni.edu.vn
2019109288,Đỗ Ngọc Phong,sv009288@uni.edu.vn
2020109289,Hồ Ngọc Phong,sv009289@uni.edu.vn
2021109290,Nguyễn Phong,sv009290@uni.edu.vn
2022109291,Trần Phong,sv009291@uni.edu.vn
2023109292,Lê Phong,sv009292@uni.edu.vn
2024109293,Phạm Phong,sv009293@uni.edu.vn
2019109294,Hoàng Phong,sv009294@uni.edu.vn
2020109295,Vũ Phong,sv009295@uni.edu.vn
2021109296,Đặng Phong,sv009296@uni.edu.vn
2022109297,Bùi Phong,sv009297@uni.edu.vn
2023109298,Đỗ Phong,sv009298@uni.edu.vn
2024109299,Hồ Phong,sv009299@uni.edu.vn
2019109300,Nguyễn Thị Quân,sv009300@uni.edu.vn
2020109301,Trần Thị Quân,sv009301@uni.edu.vn
2021109302,Lê Thị Quân,sv009302@uni.edu.vn
2022109303,Phạm Thị Quân,sv009303@uni.edu.vn
2023109304,Hoàng Thị Quân,sv009304@uni.edu.vn
2024109305,Vũ Thị Quân,sv009305@uni.edu.vn
2019109306,Đặng Thị Quân,sv009306@uni.edu.vn
2020109307,Bùi Thị Quân,sv009307@uni.edu.vn
2021109308,Đỗ Thị Quân,sv009308@uni.edu.vn
2022109309,Hồ Thị Quân,sv009309@uni.edu.vn
2023109310,Nguyễn Văn Quân,sv009310@uni.edu.vn
2024109311,Trần Văn Quân,sv009311@uni.edu.vn
2019109312,Lê Văn Quân,sv009312@uni.edu.vn
2020109313,Phạm Văn Quân,sv009313@uni.edu.vn
2021109314,Hoàng Văn Quân,sv009314@uni.edu.vn
2022109315,Vũ Văn Quân,sv009315@uni.edu.vn
2023109316,Đặng Văn Quân,sv009316@uni.edu.vn
2024109317,Bùi Văn Quân,sv009317@uni.edu.vn
2019109318,Đỗ Văn Quân,sv009318@uni.edu.vn
2020109319,Hồ Văn Quân,sv009319@uni.edu.vn
2021109320,Nguyễn Minh Quân,sv009320@uni.edu.vn
2022109321,Trần Minh Quân,sv009321@uni.edu.vn
2023109322,Lê Minh Quân,sv009322@uni.edu.vn
2024109323,Phạm Minh Quân,sv009323@uni.edu.vn
2019109324,Hoàng Minh Quân,sv009324@uni.edu.vn
2020109325,Vũ Minh Quân,sv009325@uni.edu.vn
2021109326,Đặng Minh Quân,sv009326@uni.edu.vn
2022109327,Bùi Minh Quân,sv009327@uni.edu.vn
2023109328,Đỗ Minh Quân,sv009328@uni.edu.vn
2024109329,Hồ Minh Quân,sv009329@uni.edu.vn
2019109330,Nguyễn Quốc Quân,sv009330@uni.edu.vn
2020109331,Trần Quốc Quân,sv009331@uni.edu.vn
2021109332,Lê Quốc Quân,sv009332@uni.edu.vn
2022109333,Phạm Quốc Quân,sv009333@uni.edu.vn
2023109334,Hoàng Quốc Quân,sv009334@uni.edu.vn
2024109335,Vũ Quốc Quân,sv009335@uni.edu.vn
2019109336,Đặng Quốc Quân,sv009336@uni.edu.vn
2020109337,Bùi Quốc Quân,sv009337@uni.edu.vn
2021109338,Đỗ Quốc Quân,sv009338@uni.edu.vn
2022109339,Hồ Quốc Quân,sv009339@uni.edu.vn
2023109340,Nguyễn Anh Quân,sv009340@uni.edu.vn
2024109341,Trần Anh Quân,sv009341@uni.edu.vn
2019109342,Lê Anh Quân,sv009342@uni.edu.vn
2020109343,Phạm Anh Quân,sv009343@uni.edu.vn
2021109344,Hoàng Anh Quân,sv009344@uni.edu.vn
2022109345,Vũ Anh Quân,sv009345@uni.edu.vn
2023109346,Đặng Anh Quân,sv009346@uni.edu.vn
2024109347,Bùi Anh Quân,sv009347@uni.edu.vn
2019109348,Đỗ Anh Quân,sv009348@uni.edu.vn
2020109349,Hồ Anh Quân,sv009349@uni.edu.vn
2021109350,Nguyễn Tuấn Quân,sv009350@uni.edu.vn
2022109351,Trần Tuấn Quân,sv009351@uni.edu.vn
2023109352,Lê Tuấn Quân,sv009352@uni.edu.vn
2024109353,Phạm Tuấn Quân,sv009353@uni.edu.vn
2019109354,Hoàng Tuấn Quân,sv009354@uni.edu.vn
2020109355,Vũ Tuấn Quân,sv009355@uni.edu.vn
2021109356,Đặng Tuấn Quân,sv009356@uni.edu.vn
2022109357,Bùi Tuấn Quân,sv009357@uni.edu.vn
2023109358,Đỗ Tuấn Quân,sv009358@uni.edu.vn
2024109359,Hồ Tuấn Quân,sv009359@uni.edu.vn
2019109360,Nguyễn Hữu Quân,sv009360@uni.edu.vn
2020109361,Trần Hữu Quân,sv009361@uni.edu.vn
2021109362,Lê Hữu Quân,sv009362@uni.edu.vn
2022109363,Phạm Hữu Quân,sv009363@uni.edu.vn
2023109364,Hoàng Hữu Quân,sv009364@uni.edu.vn
2024109365,Vũ Hữu Quân,sv009365@uni.edu.vn
2019109366,Đặng Hữu Quân,sv009366@uni.edu.vn
2020109367,Bùi Hữu Quân,sv009367@uni.edu.vn
2021109368,Đỗ Hữu Quân,sv009368@uni.edu.vn
2022109369,Hồ Hữu Quân,sv009369@uni.edu.vn
2023109370,Nguyễn Thành Quân,sv009370@uni.edu.vn
2024109371,Trần Thành Quân,sv009371@uni.edu.vn
2019109372,Lê Thành Quân,sv009372@uni.edu.vn
2020109373,Phạm Thành Quân,sv009373@uni.edu.vn
2021109374,Hoàng Thành Quân,sv009374@uni.edu.vn
2022109375,Vũ Thành Quân,sv009375@uni.edu.vn
2023109376,Đặng Thành Quân,sv009376@uni.edu.vn
2024109377,Bùi Thành Quân,sv009377@uni.edu.vn
2019109378,Đỗ Thành Quân,sv009378@uni.edu.vn
2020109379,Hồ Thành Quân,sv009379@uni.edu.vn
2021109380,Nguyễn Ngọc Quân,sv009380@uni.edu.vn
2022109381,Trần Ngọc Quân,sv009381@uni.edu.vn
2023109382,Lê Ngọc Quân,sv009382@uni.edu.vn
2024109383,Phạm Ngọc Quân,sv009383@uni.edu.vn
2019109384,Hoàng Ngọc Quân,sv009384@uni.edu.vn
2020109385,Vũ Ngọc Quân,sv009385@uni.edu.vn
2021109386,Đặng Ngọc Quân,sv009386@uni.edu.vn
2022109387,Bùi Ngọc Quân,sv009387@uni.edu.vn
2023109388,Đỗ Ngọc Quân,sv009388@uni.edu.vn
2024109389,Hồ Ngọc Quân,sv009389@uni.edu.vn
2019109390,Nguyễn Quân,sv009390@uni.edu.vn
2020109391,Trần Quân,sv009391@uni.edu.vn
2021109392,Lê Quân,sv009392@uni.edu.vn
2022109393,Phạm Quân,sv009393@uni.edu.vn
2023109394,Hoàng Quân,sv009394@uni.edu.vn
2024109395,Vũ Quân,sv009395@uni.edu.vn
2019109396,Đặng Quân,sv009396@uni.edu.vn
2020109397,Bùi Quân,sv009397@uni.edu.vn
2021109398,Đỗ Quân,sv009398@uni.edu.vn
2022109399,Hồ Quân,sv009399@uni.edu.vn
2023109400,Nguyễn Thị Sơn,sv009400@uni.edu.vn
2024109401,Trần Thị Sơn,sv009401@uni.edu.vn
2019109402,Lê Thị Sơn,sv009402@uni.edu.vn
2020109403,Phạm Thị Sơn,sv009403@uni.edu.vn
2021109404,Hoàng Thị Sơn,sv009404@uni.edu.vn
2022109405,Vũ Thị Sơn,sv009405@uni.edu.vn
2023109406,Đặng Thị Sơn,sv009406@uni.edu.vn
2024109407,Bùi Thị Sơn,sv009407@uni.edu.vn
2019109408,Đỗ Thị Sơn,sv009408@uni.edu.vn
2020109409,Hồ Thị Sơn,sv009409@uni.edu.vn
2021109410,Nguyễn Văn Sơn,sv009410@uni.edu.vn
2022109411,Trần Văn Sơn,sv009411@uni.edu.vn
2023109412,Lê Văn Sơn,sv009412@uni.edu.vn
2024109413,Phạm Văn Sơn,sv009413@uni.edu.vn
2019109414,Hoàng Văn Sơn,sv009414@uni.edu.vn
2020109415,Vũ Văn Sơn,sv009415@uni.edu.vn
2021109416,Đặng Văn Sơn,sv009416@uni.edu.vn
2022109417,Bùi Văn Sơn,sv009417@uni.edu.vn
2023109418,Đỗ Văn Sơn,sv009418@uni.edu.vn
2024109419,Hồ Văn Sơn,sv009419@uni.edu.vn
2019109420,Nguyễn Minh Sơn,sv009420@uni.edu.vn
2020109421,Trần Minh Sơn,sv009421@uni.edu.vn
2021109422,Lê Minh Sơn,sv009422@uni.edu.vn
2022109423,Phạm Minh Sơn,sv009423@uni.edu.vn
2023109424,Hoàng Minh Sơn,sv009424@uni.edu.vn
2024109425,Vũ Minh Sơn,sv009425@uni.edu.vn
2019109426,Đặng Minh Sơn,sv009426@uni.edu.vn
2020109427,Bùi Minh Sơn,sv009427@uni.edu.vn
2021109428,Đỗ Minh Sơn,sv009428@uni.edu.vn
2022109429,Hồ Minh Sơn,sv009429@uni.edu.vn
2023109430,Nguyễn Quốc Sơn,sv009430@uni.edu.vn
2024109431,Trần Quốc Sơn,sv009431@uni.edu.vn
2019109432,Lê Quốc Sơn,sv009432@uni.edu.vn
2020109433,Phạm Quốc Sơn,sv009433@uni.edu.vn
2021109434,Hoàng Quốc Sơn,sv009434@uni.edu.vn
2022109435,Vũ Quốc Sơn,sv009435@uni.edu.vn
2023109436,Đặng Quốc Sơn,sv009436@uni.edu.vn
2024109437,Bùi Quốc Sơn,sv009437@uni.edu.vn
2019109438,Đỗ Quốc Sơn,sv009438@uni.edu.vn
2020109439,Hồ Quốc Sơn,sv009439@uni.edu.vn
2021109440,Nguyễn Anh Sơn,sv009440@uni.edu.vn
2022109441,Trần Anh Sơn,sv009441@uni.edu.vn
2023109442,Lê Anh Sơn,sv009442@uni.edu.vn
2024109443,Phạm Anh Sơn,sv009443@uni.edu.vn
2019109444,Hoàng Anh Sơn,sv009444@uni.edu.vn
2020109445,Vũ Anh Sơn,sv009445@uni.edu.vn
2021109446,Đặng Anh Sơn,sv009446@uni.edu.vn
2022109447,Bùi Anh Sơn,sv009447@uni.edu.vn
2023109448,Đỗ Anh Sơn,sv009448@uni.edu.vn
2024109449,Hồ Anh Sơn,sv009449@uni.edu.vn
2019109450,Nguyễn Tuấn Sơn,sv009450@uni.edu.vn
2020109451,Trần Tuấn Sơn,sv009451@uni.edu.vn
2021109452,Lê Tuấn Sơn,sv009452@uni.edu.vn
2022109453,Phạm Tuấn Sơn,sv009453@uni.edu.vn
2023109454,Hoàng Tuấn Sơn,sv009454@uni.edu.vn
2024109455,Vũ Tuấn Sơn,sv009455@uni.edu.vn
2019109456,Đặng Tuấn Sơn,sv009456@uni.edu.vn
2020109457,Bùi Tuấn Sơn,sv009457@uni.edu.vn
2021109458,Đỗ Tuấn Sơn,sv009458@uni.edu.vn
2022109459,Hồ Tuấn Sơn,sv009459@uni.edu.vn
2023109460,Nguyễn Hữu Sơn,sv009460@uni.edu.vn
2024109461,Trần Hữu Sơn,sv009461@uni.edu.vn
2019109462,Lê Hữu Sơn,sv009462@uni.edu.vn
2020109463,Phạm Hữu Sơn,sv009463@uni.edu.vn
2021109464,Hoàng Hữu Sơn,sv009464@uni.edu.vn
2022109465,Vũ Hữu Sơn,sv009465@uni.edu.vn
2023109466,Đặng Hữu Sơn,sv009466@uni.edu.vn
2024109467,Bùi Hữu Sơn,sv009467@uni.edu.vn
2019109468,Đỗ Hữu Sơn,sv009468@uni.edu.vn
2020109469,Hồ Hữu Sơn,sv009469@uni.edu.vn
2021109470,Nguyễn Thành Sơn,sv009470@uni.edu.vn
2022109471,Trần Thành Sơn,sv009471@uni.edu.vn
2023109472,Lê Thành Sơn,sv009472@uni.edu.vn
2024109473,Phạm Thành Sơn,sv009473@uni.edu.vn
2019109474,Hoàng Thành Sơn,sv009474@uni.edu.vn
2020109475,Vũ Thành Sơn,sv009475@uni.edu.vn
2021109476,Đặng Thành Sơn,sv009476@uni.edu.vn
2022109477,Bùi Thành Sơn,sv009477@uni.edu.vn
2023109478,Đỗ Thành Sơn,sv009478@uni.edu.vn
2024109479,Hồ Thành Sơn,sv009479@uni.edu.vn
2019109480,Nguyễn Ngọc Sơn,sv009480@uni.edu.vn
2020109481,Trần Ngọc Sơn,sv009481@uni.edu.vn
2021109482,Lê Ngọc Sơn,sv009482@uni.edu.vn
2022109483,Phạm Ngọc Sơn,sv009483@uni.edu.vn
2023109484,Hoàng Ngọc Sơn,sv009484@uni.edu.vn
2024109485,Vũ Ngọc Sơn,sv009485@uni.edu.vn
2019109486,Đặng Ngọc Sơn,sv009486@uni.edu.vn
2020109487,Bùi Ngọc Sơn,sv009487@uni.edu.vn
2021109488,Đỗ Ngọc Sơn,sv009488@uni.edu.vn
2022109489,Hồ Ngọc Sơn,sv009489@uni.edu.vn
2023109490,Nguyễn Sơn,sv009490@uni.edu.vn
2024109491,Trần Sơn,sv009491@uni.edu.vn
2019109492,Lê Sơn,sv009492@uni.edu.vn
2020109493,Phạm Sơn,sv009493@uni.edu.vn
2021109494,Hoàng Sơn,sv009494@uni.edu.vn
2022109495,Vũ Sơn,sv009495@uni.edu.vn
2023109496,Đặng Sơn,sv009496@uni.edu.vn
2024109497,Bùi Sơn,sv009497@uni.edu.vn
2019109498,Đỗ Sơn,sv009498@uni.edu.vn
2020109499,Hồ Sơn,sv009499@uni.edu.vn
2021109500,Nguyễn Thị Tâm,sv009500@uni.edu.vn
2022109501,Trần Thị Tâm,sv009501@uni.edu.vn
2023109502,Lê Thị Tâm,sv009502@uni.edu.vn
2024109503,Phạm Thị Tâm,sv009503@uni.edu.vn
2019109504,Hoàng Thị Tâm,sv009504@uni.edu.vn
2020109505,Vũ Thị Tâm,sv009505@uni.edu.vn
2021109506,Đặng Thị Tâm,sv009506@uni.edu.vn
2022109507,Bùi Thị Tâm,sv009507@uni.edu.vn
2023109508,Đỗ Thị Tâm,sv009508@uni.edu.vn
2024109509,Hồ Thị Tâm,sv009509@uni.edu.vn
2019109510,Nguyễn Văn Tâm,sv009510@uni.edu.vn
2020109511,Trần Văn Tâm,sv009511@uni.edu.vn
2021109512,Lê Văn Tâm,sv009512@uni.edu.vn
2022109513,Phạm Văn Tâm,sv009513@uni.edu.vn
2023109514,Hoàng Văn Tâm,sv009514@uni.edu.vn
2024109515,Vũ Văn Tâm,sv009515@uni.edu.vn
2019109516,Đặng Văn Tâm,sv009516@uni.edu.vn
2020109517,Bùi Văn Tâm,sv009517@uni.edu.vn
2021109518,Đỗ Văn Tâm,sv009518@uni.edu.vn
2022109519,Hồ Văn Tâm,sv009519@uni.edu.vn
2023109520,Nguyễn Minh Tâm,sv009520@uni.edu.vn
2024109521,Trần Minh Tâm,sv009521@uni.edu.vn
2019109522,Lê Minh Tâm,sv009522@uni.edu.vn
2020109523,Phạm Minh Tâm,sv009523@uni.edu.vn
2021109524,Hoàng Minh Tâm,sv009524@uni.edu.vn
2022109525,Vũ Minh Tâm,sv009525@uni.edu.vn
2023109526,Đặng Minh Tâm,sv009526@uni.edu.vn
2024109527,Bùi Minh Tâm,sv009527@uni.edu.vn
2019109528,Đỗ Minh Tâm,sv009528@uni.edu.vn
2020109529,Hồ Minh Tâm,sv009529@uni.edu.vn
2021109530,Nguyễn Quốc Tâm,sv009530@uni.edu.vn
2022109531,Trần Quốc Tâm,sv009531@uni.edu.vn
2023109532,Lê Quốc Tâm,sv009532@uni.edu.vn
2024109533,Phạm Quốc Tâm,sv009533@uni.edu.vn
2019109534,Hoàng Quốc Tâm,sv009534@uni.edu.vn
2020109535,Vũ Quốc Tâm,sv009535@uni.edu.vn
2021109536,Đặng Quốc Tâm,sv009536@uni.edu.vn
2022109537,Bùi Quốc Tâm,sv009537@uni.edu.vn
2023109538,Đỗ Quốc Tâm,sv009538@uni.edu.vn
2024109539,Hồ Quốc Tâm,sv009539@uni.edu.vn
2019109540,Nguyễn Anh Tâm,sv009540@uni.edu.vn
2020109541,Trần Anh Tâm,sv009541@uni.edu.vn
2021109542,Lê Anh Tâm,sv009542@uni.edu.vn
2022109543,Phạm Anh Tâm,sv009543@uni.edu.vn
2023109544,Hoàng Anh Tâm,sv009544@uni.edu.vn
2024109545,Vũ Anh Tâm,sv009545@uni.edu.vn
2019109546,Đặng Anh Tâm,sv009546@uni.edu.vn
2020109547,Bùi Anh Tâm,sv009547@uni.edu.vn
2021109548,Đỗ Anh Tâm,sv009548@uni.edu.vn
2022109549,Hồ Anh Tâm,sv009549@uni.edu.vn
2023109550,Nguyễn Tuấn Tâm,sv009550@uni.edu.vn
2024109551,Trần Tuấn Tâm,sv009551@uni.edu.vn
2019109552,Lê Tuấn Tâm,sv009552@uni.edu.vn
2020109553,Phạm Tuấn Tâm,sv009553@uni.edu.vn
2021109554,Hoàng Tuấn Tâm,sv009554@uni.edu.vn
2022109555,Vũ Tuấn Tâm,sv009555@uni.edu.vn
2023109556,Đặng Tuấn Tâm,sv009556@uni.edu.vn
2024109557,Bùi Tuấn Tâm,sv009557@uni.edu.vn
2019109558,Đỗ Tuấn Tâm,sv009558@uni.edu.vn
2020109559,Hồ Tuấn Tâm,sv009559@uni.edu.vn
2021109560,Nguyễn Hữu Tâm,sv009560@uni.edu.vn
2022109561,Trần Hữu Tâm,sv009561@uni.edu.vn
2023109562,Lê Hữu Tâm,sv009562@uni.edu.vn
2024109563,Phạm Hữu Tâm,sv009563@uni.edu.vn
2019109564,Hoàng Hữu Tâm,sv009564@uni.edu.vn
2020109565,Vũ Hữu Tâm,sv009565@uni.edu.vn
2021109566,Đặng Hữu Tâm,sv009566@uni.edu.vn
2022109567,Bùi Hữu Tâm,sv009567@uni.edu.vn
2023109568,Đỗ Hữu Tâm,sv009568@uni.edu.vn
2024109569,Hồ Hữu Tâm,sv009569@uni.edu.vn
2019109570,Nguyễn Thành Tâm,sv009570@uni.edu.vn
2020109571,Trần Thành Tâm,sv009571@uni.edu.vn
2021109572,Lê Thành Tâm,sv009572@uni.edu.vn
2022109573,Phạm Thành Tâm,sv009573@uni.edu.vn
2023109574,Hoàng Thành Tâm,sv009574@uni.edu.vn
2024109575,Vũ Thành Tâm,sv009575@uni.edu.vn
2019109576,Đặng Thành Tâm,sv009576@uni.edu.vn
2020109577,Bùi Thành Tâm,sv009577@uni.edu.vn
2021109578,Đỗ Thành Tâm,sv009578@uni.edu.vn
2022109579,Hồ Thành Tâm,sv009579@uni.edu.vn
2023109580,Nguyễn Ngọc Tâm,sv009580@uni.edu.vn
2024109581,Trần Ngọc Tâm,sv009581@uni.edu.vn
2019109582,Lê Ngọc Tâm,sv009582@uni.edu.vn
2020109583,Phạm Ngọc Tâm,sv009583@uni.edu.vn
2021109584,Hoàng Ngọc Tâm,sv009584@uni.edu.vn
2022109585,Vũ Ngọc Tâm,sv009585@uni.edu.vn
2023109586,Đặng Ngọc Tâm,sv009586@uni.edu.vn
2024109587,Bùi Ngọc Tâm,sv009587@uni.edu.vn
2019109588,Đỗ Ngọc Tâm,sv009588@uni.edu.vn
2020109589,Hồ Ngọc Tâm,sv009589@uni.edu.vn
2021109590,Nguyễn Tâm,sv009590@uni.edu.vn
2022109591,Trần Tâm,sv009591@uni.edu.vn
2023109592,Lê Tâm,sv009592@uni.edu.vn
2024109593,Phạm Tâm,sv009593@uni.edu.vn
2019109594,Hoàng Tâm,sv009594@uni.edu.vn
2020109595,Vũ Tâm,sv009595@uni.edu.vn
2021109596,Đặng Tâm,sv009596@uni.edu.vn
2022109597,Bùi Tâm,sv009597@uni.edu.vn
2023109598,Đỗ Tâm,sv009598@uni.edu.vn
2024109599,Hồ Tâm,sv009599@uni.edu.vn
2019109600,Nguyễn Thị Thảo,sv009600@uni.edu.vn
2020109601,Trần Thị Thảo,sv009601@uni.edu.vn
2021109602,Lê Thị Thảo,sv009602@uni.edu.vn
2022109603,Phạm Thị Thảo,sv009603@uni.edu.vn
2023109604,Hoàng Thị Thảo,sv009604@uni.edu.vn
2024109605,Vũ Thị Thảo,sv009605@uni.edu.vn
2019109606,Đặng Thị Thảo,sv009606@uni.edu.vn
2020109607,Bùi Thị Thảo,sv009607@uni.edu.vn
2021109608,Đỗ Thị Thảo,sv009608@uni.edu.vn
2022109609,Hồ Thị Thảo,sv009609@uni.edu.vn
2023109610,Nguyễn Văn Thảo,sv009610@uni.edu.vn
2024109611,Trần Văn Thảo,sv009611@uni.edu.vn
2019109612,Lê Văn Thảo,sv009612@uni.edu.vn
2020109613,Phạm Văn Thảo,sv009613@uni.edu.vn
2021109614,Hoàng Văn Thảo,sv009614@uni.edu.vn
2022109615,Vũ Văn Thảo,sv009615@uni.edu.vn
2023109616,Đặng Văn Thảo,sv009616@uni.edu.vn
2024109617,Bùi Văn Thảo,sv009617@uni.edu.vn
2019109618,Đỗ Văn Thảo,sv009618@uni.edu.vn
2020109619,Hồ Văn Thảo,sv009619@uni.edu.vn
2021109620,Nguyễn Minh Thảo,sv009620@uni.edu.vn
2022109621,Trần Minh Thảo,sv009621@uni.edu.vn
2023109622,Lê Minh Thảo,sv009622@uni.edu.vn
2024109623,Phạm Minh Thảo,sv009623@uni.edu.vn
2019109624,Hoàng Minh Thảo,sv009624@uni.edu.vn
2020109625,Vũ Minh Thảo,sv009625@uni.edu.vn
2021109626,Đặng Minh Thảo,sv009626@uni.edu.vn
2022109627,Bùi Minh Thảo,sv009627@uni.edu.vn
2023109628,Đỗ Minh Thảo,sv009628@uni.edu.vn
2024109629,Hồ Minh Thảo,sv009629@uni.edu.vn
2019109630,Nguyễn Quốc Thảo,sv009630@uni.edu.vn
2020109631,Trần Quốc Thảo,sv009631@uni.edu.vn
2021109632,Lê Quốc Thảo,sv009632@uni.edu.vn
2022109633,Phạm Quốc Thảo,sv009633@uni.edu.vn
2023109634,Hoàng Quốc Thảo,sv009634@uni.edu.vn
2024109635,Vũ Quốc Thảo,sv009635@uni.edu.vn
2019109636,Đặng Quốc Thảo,sv009636@uni.edu.vn
2020109637,Bùi Quốc Thảo,sv009637@uni.edu.vn
2021109638,Đỗ Quốc Thảo,sv009638@uni.edu.vn
2022109639,Hồ Quốc Thảo,sv009639@uni.edu.vn
2023109640,Nguyễn Anh Thảo,sv009640@uni.edu.vn
2024109641,Trần Anh Thảo,sv009641@uni.edu.vn
2019109642,Lê Anh Thảo,sv009642@uni.edu.vn
2020109643,Phạm Anh Thảo,sv009643@uni.edu.vn
2021109644,Hoàng Anh Thảo,sv009644@uni.edu.vn
2022109645,Vũ Anh Thảo,sv009645@uni.edu.vn
2023109646,Đặng Anh Thảo,sv009646@uni.edu.vn
2024109647,Bùi Anh Thảo,sv009647@uni.edu.vn
2019109648,Đỗ Anh Thảo,sv009648@uni.edu.vn
2020109649,Hồ Anh Thảo,sv009649@uni.edu.vn
2021109650,Nguyễn Tuấn Thảo,sv009650@uni.edu.vn
2022109651,Trần Tuấn Thảo,sv009651@uni.edu.vn
2023109652,Lê Tuấn Thảo,sv009652@uni.edu.vn
2024109653,Phạm Tuấn Thảo,sv009653@uni.edu.vn
2019109654,Hoàng Tuấn Thảo,sv009654@uni.edu.vn
2020109655,Vũ Tuấn Thảo,sv009655@uni.edu.vn
2021109656,Đặng Tuấn Thảo,sv009656@uni.edu.vn
2022109657,Bùi Tuấn Thảo,sv009657@uni.edu.vn
2023109658,Đỗ Tuấn Thảo,sv009658@uni.edu.vn
2024109659,Hồ Tuấn Thảo,sv009659@uni.edu.vn
2019109660,Nguyễn Hữu Thảo,sv009660@uni.edu.vn
2020109661,Trần Hữu Thảo,sv009661@uni.edu.vn
2021109662,Lê Hữu Thảo,sv009662@uni.edu.vn
2022109663,Phạm Hữu Thảo,sv009663@uni.edu.vn
2023109664,Hoàng Hữu Thảo,sv009664@uni.edu.vn
2024109665,Vũ Hữu Thảo,sv009665@uni.edu.vn
2019109666,Đặng Hữu Thảo,sv009666@uni.edu.vn
2020109667,Bùi Hữu Thảo,sv009667@uni.edu.vn
2021109668,Đỗ Hữu Thảo,sv009668@uni.edu.vn
2022109669,Hồ Hữu Thảo,sv009669@uni.edu.vn
2023109670,Nguyễn Thành Thảo,sv009670@uni.edu.vn
2024109671,Trần Thành Thảo,sv009671@uni.edu.vn
2019109672,Lê Thành Thảo,sv009672@uni.edu.vn
2020109673,Phạm Thành Thảo,sv009673@uni.edu.vn
2021109674,Hoàng Thành Thảo,sv009674@uni.edu.vn
2022109675,Vũ Thành Thảo,sv009675@uni.edu.vn
2023109676,Đặng Thành Thảo,sv009676@uni.edu.vn
2024109677,Bùi Thành Thảo,sv009677@uni.edu.vn
2019109678,Đỗ Thành Thảo,sv009678@uni.edu.vn
2020109679,Hồ Thành Thảo,sv009679@uni.edu.vn
2021109680,Nguyễn Ngọc Thảo,sv009680@uni.edu.vn
2022109681,Trần Ngọc Thảo,sv009681@uni.edu.vn
2023109682,Lê Ngọc Thảo,sv009682@uni.edu.vn
2024109683,Phạm Ngọc Thảo,sv009683@uni.edu.vn
2019109684,Hoàng Ngọc Thảo,sv009684@uni.edu.vn
2020109685,Vũ Ngọc Thảo,sv009685@uni.edu.vn
2021109686,Đặng Ngọc Thảo,sv009686@uni.edu.vn
2022109687,Bùi Ngọc Thảo,sv009687@uni.edu.vn
2023109688,Đỗ Ngọc Thảo,sv009688@uni.edu.vn
2024109689,Hồ Ngọc Thảo,sv009689@uni.edu.vn
2019109690,Nguyễn Thảo,sv009690@uni.edu.vn
2020109691,Trần Thảo,sv009691@uni.edu.vn
2021109692,Lê Thảo,sv009692@uni.edu.vn
2022109693,Phạm Thảo,sv009693@uni.edu.vn
2023109694,Hoàng Thảo,sv009694@uni.edu.vn
2024109695,Vũ Thảo,sv009695@uni.edu.vn
2019109696,Đặng Thảo,sv009696@uni.edu.vn
2020109697,Bùi Thảo,sv009697@uni.edu.vn
2021109698,Đỗ Thảo,sv009698@uni.edu.vn
2022109699,Hồ Thảo,sv009699@uni.edu.vn
2023109700,Nguyễn Thị Uyên,sv009700@uni.edu.vn
2024109701,Trần Thị Uyên,sv009701@uni.edu.vn
2019109702,Lê Thị Uyên,sv009702@uni.edu.vn
2020109703,Phạm Thị Uyên,sv009703@uni.edu.vn
2021109704,Hoàng Thị Uyên,sv009704@uni.edu.vn
2022109705,Vũ Thị Uyên,sv009705@uni.edu.vn
2023109706,Đặng Thị Uyên,sv009706@uni.edu.vn
2024109707,Bùi Thị Uyên,sv009707@uni.edu.vn
2019109708,Đỗ Thị Uyên,sv009708@uni.edu.vn
2020109709,Hồ Thị Uyên,sv009709@uni.edu.vn
2021109710,Nguyễn Văn Uyên,sv009710@uni.edu.vn
2022109711,Trần Văn Uyên,sv009711@uni.edu.vn
2023109712,Lê Văn Uyên,sv009712@uni.edu.vn
2024109713,Phạm Văn Uyên,sv009713@uni.edu.vn
2019109714,Hoàng Văn Uyên,sv009714@uni.edu.vn
2020109715,Vũ Văn Uyên,sv009715@uni.edu.vn
2021109716,Đặng Văn Uyên,sv009716@uni.edu.vn
2022109717,Bùi Văn Uyên,sv009717@uni.edu.vn
2023109718,Đỗ Văn Uyên,sv009718@uni.edu.vn
2024109719,Hồ Văn Uyên,sv009719@uni.edu.vn
2019109720,Nguyễn Minh Uyên,sv009720@uni.edu.vn
2020109721,Trần Minh Uyên,sv009721@uni.edu.vn
2021109722,Lê Minh Uyên,sv009722@uni.edu.vn
2022109723,Phạm Minh Uyên,sv009723@uni.edu.vn
2023109724,Hoàng Minh Uyên,sv009724@uni.edu.vn
2024109725,Vũ Minh Uyên,sv009725@uni.edu.vn
2019109726,Đặng Minh Uyên,sv009726@uni.edu.vn
2020109727,Bùi Minh Uyên,sv009727@uni.edu.vn
2021109728,Đỗ Minh Uyên,sv009728@uni.edu.vn
2022109729,Hồ Minh Uyên,sv009729@uni.edu.vn
2023109730,Nguyễn Quốc Uyên,sv009730@uni.edu.vn
2024109731,Trần Quốc Uyên,sv009731@uni.edu.vn
2019109732,Lê Quốc Uyên,sv009732@uni.edu.vn
2020109733,Phạm Quốc Uyên,sv009733@uni.edu.vn
2021109734,Hoàng Quốc Uyên,sv009734@uni.edu.vn
2022109735,Vũ Quốc Uyên,sv009735@uni.edu.vn
2023109736,Đặng Quốc Uyên,sv009736@uni.edu.vn
2024109737,Bùi Quốc Uyên,sv009737@uni.edu.vn
2019109738,Đỗ Quốc Uyên,sv009738@uni.edu.vn
2020109739,Hồ Quốc Uyên,sv009739@uni.edu.vn
2021109740,Nguyễn Anh Uyên,sv009740@uni.edu.vn
2022109741,Trần Anh Uyên,sv009741@uni.edu.vn
2023109742,Lê Anh Uyên,sv009742@uni.edu.vn
2024109743,Phạm Anh Uyên,sv009743@uni.edu.vn
2019109744,Hoàng Anh Uyên,sv009744@uni.edu.vn
2020109745,Vũ Anh Uyên,sv009745@uni.edu.vn
2021109746,Đặng Anh Uyên,sv009746@uni.edu.vn
2022109747,Bùi Anh Uyên,sv009747@uni.edu.vn
2023109748,Đỗ Anh Uyên,sv009748@uni.edu.vn
2024109749,Hồ Anh Uyên,sv009749@uni.edu.vn
2019109750,Nguyễn Tuấn Uyên,sv009750@uni.edu.vn
2020109751,Trần Tuấn Uyên,sv009751@uni.edu.vn
2021109752,Lê Tuấn Uyên,sv009752@uni.edu.vn
2022109753,Phạm Tuấn Uyên,sv009753@uni.edu.vn
2023109754,Hoàng Tuấn Uyên,sv009754@uni.edu.vn
2024109755,Vũ Tuấn Uyên,sv009755@uni.edu.vn
2019109756,Đặng Tuấn Uyên,sv009756@uni.edu.vn
2020109757,Bùi Tuấn Uyên,sv009757@uni.edu.vn
2021109758,Đỗ Tuấn Uyên,sv009758@uni.edu.vn
2022109759,Hồ Tuấn Uyên,sv009759@uni.edu.vn
2023109760,Nguyễn Hữu Uyên,sv009760@uni.edu.vn
2024109761,Trần Hữu Uyên,sv009761@uni.edu.vn
2019109762,Lê Hữu Uyên,sv009762@uni.edu.vn
2020109763,Phạm Hữu Uyên,sv009763@uni.edu.vn
2021109764,Hoàng Hữu Uyên,sv009764@uni.edu.vn
2022109765,Vũ Hữu Uyên,sv009765@uni.edu.vn
2023109766,Đặng Hữu Uyên,sv009766@uni.edu.vn
2024109767,Bùi Hữu Uyên,sv009767@uni.edu.vn
2019109768,Đỗ Hữu Uyên,sv009768@uni.edu.vn
2020109769,Hồ Hữu Uyên,sv009769@uni.edu.vn
2021109770,Nguyễn Thành Uyên,sv009770@uni.edu.vn
2022109771,Trần Thành Uyên,sv009771@uni.edu.vn
2023109772,Lê Thành Uyên,sv009772@uni.edu.vn
2024109773,Phạm Thành Uyên,sv009773@uni.edu.vn
2019109774,Hoàng Thành Uyên,sv009774@uni.edu.vn
2020109775,Vũ Thành Uyên,sv009775@uni.edu.vn
2021109776,Đặng Thành Uyên,sv009776@uni.edu.vn
2022109777,Bùi Thành Uyên,sv009777@uni.edu.vn
2023109778,Đỗ Thành Uyên,sv009778@uni.edu.vn
2024109779,Hồ Thành Uyên,sv009779@uni.edu.vn
2019109780,Nguyễn Ngọc Uyên,sv009780@uni.edu.vn
2020109781,Trần Ngọc Uyên,sv009781@uni.edu.vn
2021109782,Lê Ngọc Uyên,sv009782@uni.edu.vn
2022109783,Phạm Ngọc Uyên,sv009783@uni.edu.vn
2023109784,Hoàng Ngọc Uyên,sv009784@uni.edu.vn
2024109785,Vũ Ngọc Uyên,sv009785@uni.edu.vn
2019109786,Đặng Ngọc Uyên,sv009786@uni.edu.vn
2020109787,Bùi Ngọc Uyên,sv009787@uni.edu.vn
2021109788,Đỗ Ngọc Uyên,sv009788@uni.edu.vn
2022109789,Hồ Ngọc Uyên,sv009789@uni.edu.vn
2023109790,Nguyễn Uyên,sv009790@uni.edu.vn
2024109791,Trần Uyên,sv009791@uni.edu.vn
2019109792,Lê Uyên,sv009792@uni.edu.vn
2020109793,Phạm Uyên,sv009793@uni.edu.vn
2021109794,Hoàng Uyên,sv009794@uni.edu.vn
2022109795,Vũ Uyên,sv009795@uni.edu.vn
2023109796,Đặng Uyên,sv009796@uni.edu.vn
2024109797,Bùi Uyên,sv009797@uni.edu.vn
2019109798,Đỗ Uyên,sv009798@uni.edu.vn
2020109799,Hồ Uyên,sv009799@uni.edu.vn
2021109800,Nguyễn Thị Việt,sv009800@uni.edu.vn
2022109801,Trần Thị Việt,sv009801@uni.edu.vn
2023109802,Lê Thị Việt,sv009802@uni.edu.vn
2024109803,Phạm Thị Việt,sv009803@uni.edu.vn
2019109804,Hoàng Thị Việt,sv009804@uni.edu.vn
2020109805,Vũ Thị Việt,sv009805@uni.edu.vn
2021109806,Đặng Thị Việt,sv009806@uni.edu.vn
2022109807,Bùi Thị Việt,sv009807@uni.edu.vn
2023109808,Đỗ Thị Việt,sv009808@uni.edu.vn
2024109809,Hồ Thị Việt,sv009809@uni.edu.vn
2019109810,Nguyễn Văn Việt,sv009810@uni.edu.vn
2020109811,Trần Văn Việt,sv009811@uni.edu.vn
2021109812,Lê Văn Việt,sv009812@uni.edu.vn
2022109813,Phạm Văn Việt,sv009813@uni.edu.vn
2023109814,Hoàng Văn Việt,sv009814@uni.edu.vn
2024109815,Vũ Văn Việt,sv009815@uni.edu.vn
2019109816,Đặng Văn Việt,sv009816@uni.edu.vn
2020109817,Bùi Văn Việt,sv009817@uni.edu.vn
2021109818,Đỗ Văn Việt,sv009818@uni.edu.vn
2022109819,Hồ Văn Việt,sv009819@uni.edu.vn
2023109820,Nguyễn Minh Việt,sv009820@uni.edu.vn
2024109821,Trần Minh Việt,sv009821@uni.edu.vn
2019109822,Lê Minh Việt,sv009822@uni.edu.vn
2020109823,Phạm Minh Việt,sv009823@uni.edu.vn
2021109824,Hoàng Minh Việt,sv009824@uni.edu.vn
2022109825,Vũ Minh Việt,sv009825@uni.edu.vn
2023109826,Đặng Minh Việt,sv009826@uni.edu.vn
2024109827,Bùi Minh Việt,sv009827@uni.edu.vn
2019109828,Đỗ Minh Việt,sv009828@uni.edu.vn
2020109829,Hồ Minh Việt,sv009829@uni.edu.vn
2021109830,Nguyễn Quốc Việt,sv009830@uni.edu.vn
2022109831,Trần Quốc Việt,sv009831@uni.edu.vn
2023109832,Lê Quốc Việt,sv009832@uni.edu.vn
2024109833,Phạm Quốc Việt,sv009833@uni.edu.vn
2019109834,Hoàng Quốc Việt,sv009834@uni.edu.vn
2020109835,Vũ Quốc Việt,sv009835@uni.edu.vn
2021109836,Đặng Quốc Việt,sv009836@uni.edu.vn
2022109837,Bùi Quốc Việt,sv009837@uni.edu.vn
2023109838,Đỗ Quốc Việt,sv009838@uni.edu.vn
2024109839,Hồ Quốc Việt,sv009839@uni.edu.vn
2019109840,Nguyễn Anh Việt,sv009840@uni.edu.vn
2020109841,Trần Anh Việt,sv009841@uni.edu.vn
2021109842,Lê Anh Việt,sv009842@uni.edu.vn
2022109843,Phạm Anh Việt,sv009843@uni.edu.vn
2023109844,Hoàng Anh Việt,sv009844@uni.edu.vn
2024109845,Vũ Anh Việt,sv009845@uni.edu.vn
2019109846,Đặng Anh Việt,sv009846@uni.edu.vn
2020109847,Bùi Anh Việt,sv009847@uni.edu.vn
2021109848,Đỗ Anh Việt,sv009848@uni.edu.vn
2022109849,Hồ Anh Việt,sv009849@uni.edu.vn
2023109850,Nguyễn Tuấn Việt,sv009850@uni.edu.vn
2024109851,Trần Tuấn Việt,sv009851@uni.edu.vn
2019109852,Lê Tuấn Việt,sv009852@uni.edu.vn
2020109853,Phạm Tuấn Việt,sv009853@uni.edu.vn
2021109854,Hoàng Tuấn Việt,sv009854@uni.edu.vn
2022109855,Vũ Tuấn Việt,sv009855@uni.edu.vn
2023109856,Đặng Tuấn Việt,sv009856@uni.edu.vn
2024109857,Bùi Tuấn Việt,sv009857@uni.edu.vn
2019109858,Đỗ Tuấn Việt,sv009858@uni.edu.vn
2020109859,Hồ Tuấn Việt,sv009859@uni.edu.vn
2021109860,Nguyễn Hữu Việt,sv009860@uni.edu.vn
2022109861,Trần Hữu Việt,sv009861@uni.edu.vn
2023109862,Lê Hữu Việt,sv009862@uni.edu.vn
2024109863,Phạm Hữu Việt,sv009863@uni.edu.vn
2019109864,Hoàng Hữu Việt,sv009864@uni.edu.vn
2020109865,Vũ Hữu Việt,sv009865@uni.edu.vn
2021109866,Đặng Hữu Việt,sv009866@uni.edu.vn
2022109867,Bùi Hữu Việt,sv009867@uni.edu.vn
2023109868,Đỗ Hữu Việt,sv009868@uni.edu.vn
2024109869,Hồ Hữu Việt,sv009869@uni.edu.vn
2019109870,Nguyễn Thành Việt,sv009870@uni.edu.vn
2020109871,Trần Thành Việt,sv009871@uni.edu.vn
2021109872,Lê Thành Việt,sv009872@uni.edu.vn
2022109873,Phạm Thành Việt,sv009873@uni.edu.vn
2023109874,Hoàng Thành Việt,sv009874@uni.edu.vn
2024109875,Vũ Thành Việt,sv009875@uni.edu.vn
2019109876,Đặng Thành Việt,sv009876@uni.edu.vn
2020109877,Bùi Thành Việt,sv009877@uni.edu.vn
2021109878,Đỗ Thành Việt,sv009878@uni.edu.vn
2022109879,Hồ Thành Việt,sv009879@uni.edu.vn
2023109880,Nguyễn Ngọc Việt,sv009880@uni.edu.vn
2024109881,Trần Ngọc Việt,sv009881@uni.edu.vn
2019109882,Lê Ngọc Việt,sv009882@uni.edu.vn
2020109883,Phạm Ngọc Việt,sv009883@uni.edu.vn
2021109884,Hoàng Ngọc Việt,sv009884@uni.edu.vn
2022109885,Vũ Ngọc Việt,sv009885@uni.edu.vn
2023109886,Đặng Ngọc Việt,sv009886@uni.edu.vn
2024109887,Bùi Ngọc Việt,sv009887@uni.edu.vn
2019109888,Đỗ Ngọc Việt,sv009888@uni.edu.vn
2020109889,Hồ Ngọc Việt,sv009889@uni.edu.vn
2021109890,Nguyễn Việt,sv009890@uni.edu.vn
2022109891,Trần Việt,sv009891@uni.edu.vn
2023109892,Lê Việt,sv009892@uni.edu.vn
2024109893,Phạm Việt,sv009893@uni.edu.vn
2019109894,Hoàng Việt,sv009894@uni.edu.vn
2020109895,Vũ Việt,sv009895@uni.edu.vn
2021109896,Đặng Việt,sv009896@uni.edu.vn
2022109897,Bùi Việt,sv009897@uni.edu.vn
2023109898,Đỗ Việt,sv009898@uni.edu.vn
2024109899,Hồ Việt,sv009899@uni.edu.vn
2019109900,Nguyễn Thị Yến,sv009900@uni.edu.vn
2020109901,Trần Thị Yến,sv009901@uni.edu.vn
2021109902,Lê Thị Yến,sv009902@uni.edu.vn
2022109903,Phạm Thị Yến,sv009903@uni.edu.vn
2023109904,Hoàng Thị Yến,sv009904@uni.edu.vn
2024109905,Vũ Thị Yến,sv009905@uni.edu.vn
2019109906,Đặng Thị Yến,sv009906@uni.edu.vn
2020109907,Bùi Thị Yến,sv009907@uni.edu.vn
2021109908,Đỗ Thị Yến,sv009908@uni.edu.vn
2022109909,Hồ Thị Yến,sv009909@uni.edu.vn
2023109910,Nguyễn Văn Yến,sv009910@uni.edu.vn
2024109911,Trần Văn Yến,sv009911@uni.edu.vn
2019109912,Lê Văn Yến,sv009912@uni.edu.vn
2020109913,Phạm Văn Yến,sv009913@uni.edu.vn
2021109914,Hoàng Văn Yến,sv009914@uni.edu.vn
2022109915,Vũ Văn Yến,sv009915@uni.edu.vn
2023109916,Đặng Văn Yến,sv009916@uni.edu.vn
2024109917,Bùi Văn Yến,sv009917@uni.edu.vn
2019109918,Đỗ Văn Yến,sv009918@uni.edu.vn
2020109919,Hồ Văn Yến,sv009919@uni.edu.vn
2021109920,Nguyễn Minh Yến,sv009920@uni.edu.vn
2022109921,Trần Minh Yến,sv009921@uni.edu.vn
2023109922,Lê Minh Yến,sv009922@uni.edu.vn
2024109923,Phạm Minh Yến,sv009923@uni.edu.vn
2019109924,Hoàng Minh Yến,sv009924@uni.edu.vn
2020109925,Vũ Minh Yến,sv009925@uni.edu.vn
2021109926,Đặng Minh Yến,sv009926@uni.edu.vn
2022109927,Bùi Minh Yến,sv009927@uni.edu.vn
2023109928,Đỗ Minh Yến,sv009928@uni.edu.vn
2024109929,Hồ Minh Yến,sv009929@uni.edu.vn
2019109930,Nguyễn Quốc Yến,sv009930@uni.edu.vn
2020109931,Trần Quốc Yến,sv009931@uni.edu.vn
2021109932,Lê Quốc Yến,sv009932@uni.edu.vn
2022109933,Phạm Quốc Yến,sv009933@uni.edu.vn
2023109934,Hoàng Quốc Yến,sv009934@uni.edu.vn
2024109935,Vũ Quốc Yến,sv009935@uni.edu.vn
2019109936,Đặng Quốc Yến,sv009936@uni.edu.vn
2020109937,Bùi Quốc Yến,sv009937@uni.edu.vn
2021109938,Đỗ Quốc Yến,sv009938@uni.edu.vn
2022109939,Hồ Quốc Yến,sv009939@uni.edu.vn
2023109940,Nguyễn Anh Yến,sv009940@uni.edu.vn
2024109941,Trần Anh Yến,sv009941@uni.edu.vn
2019109942,Lê Anh Yến,sv009942@uni.edu.vn
2020109943,Phạm Anh Yến,sv009943@uni.edu.vn
2021109944,Hoàng Anh Yến,sv009944@uni.edu.vn
2022109945,Vũ Anh Yến,sv009945@uni.edu.vn
2023109946,Đặng Anh Yến,sv009946@uni.edu.vn
2024109947,Bùi Anh Yến,sv009947@uni.edu.vn
2019109948,Đỗ Anh Yến,sv009948@uni.edu.vn
2020109949,Hồ Anh Yến,sv009949@uni.edu.vn
2021109950,Nguyễn Tuấn Yến,sv009950@uni.edu.vn
2022109951,Trần Tuấn Yến,sv009951@uni.edu.vn
2023109952,Lê Tuấn Yến,sv009952@uni.edu.vn
2024109953,Phạm Tuấn Yến,sv009953@uni.edu.vn
2019109954,Hoàng Tuấn Yến,sv009954@uni.edu.vn
2020109955,Vũ Tuấn Yến,sv009955@uni.edu.vn
2021109956,Đặng Tuấn Yến,sv009956@uni.edu.vn
2022109957,Bùi Tuấn Yến,sv009957@uni.edu.vn
2023109958,Đỗ Tuấn Yến,sv009958@uni.edu.vn
2024109959,Hồ Tuấn Yến,sv009959@uni.edu.vn
2019109960,Nguyễn Hữu Yến,sv009960@uni.edu.vn
2020109961,Trần Hữu Yến,sv009961@uni.edu.vn
2021109962,Lê Hữu Yến,sv009962@uni.edu.vn
2022109963,Phạm Hữu Yến,sv009963@uni.edu.vn
2023109964,Hoàng Hữu Yến,sv009964@uni.edu.vn
2024109965,Vũ Hữu Yến,sv009965@uni.edu.vn
2019109966,Đặng Hữu Yến,sv009966@uni.edu.vn
2020109967,Bùi Hữu Yến,sv009967@uni.edu.vn
2021109968,Đỗ Hữu Yến,sv009968@uni.edu.vn
2022109969,Hồ Hữu Yến,sv009969@uni.edu.vn
2023109970,Nguyễn Thành Yến,sv009970@uni.edu.vn
2024109971,Trần Thành Yến,sv009971@uni.edu.vn
2019109972,Lê Thành Yến,sv009972@uni.edu.vn
2020109973,Phạm Thành Yến,sv009973@uni.edu.vn
2021109974,Hoàng Thành Yến,sv009974@uni.edu.vn
2022109975,Vũ Thành Yến,sv009975@uni.edu.vn
2023109976,Đặng Thành Yến,sv009976@uni.edu.vn
2024109977,Bùi Thành Yến,sv009977@uni.edu.vn
2019109978,Đỗ Thành Yến,sv009978@uni.edu.vn
2020109979,Hồ Thành Yến,sv009979@uni.edu.vn
2021109980,Nguyễn Ngọc Yến,sv009980@uni.edu.vn
2022109981,Trần Ngọc Yến,sv009981@uni.edu.vn
2023109982,Lê Ngọc Yến,sv009982@uni.edu.vn
2024109983,Phạm Ngọc Yến,sv009983@uni.edu.vn
2019109984,Hoàng Ngọc Yến,sv009984@uni.edu.vn
2020109985,Vũ Ngọc Yến,sv009985@uni.edu.vn
2021109986,Đặng Ngọc Yến,sv009986@uni.edu.vn
2022109987,Bùi Ngọc Yến,sv009987@uni.edu.vn
2023109988,Đỗ Ngọc Yến,sv009988@uni.edu.vn
2024109989,Hồ Ngọc Yến,sv009989@uni.edu.vn
2019109990,Nguyễn Yến,sv009990@uni.edu.vn
2020109991,Trần Yến,sv009991@uni.edu.vn
2021109992,Lê Yến,sv009992@uni.edu.vn
2022109993,Phạm Yến,sv009993@uni.edu.vn
2023109994,Hoàng Yến,sv009994@uni.edu.vn
2024109995,Vũ Yến,sv009995@uni.edu.vn
2019109996,Đặng Yến,sv009996@uni.edu.vn
2020109997,Bùi Yến,sv009997@uni.edu.vn
2021109998,Đỗ Yến,sv009998@uni.edu.vn
2022109999,Hồ Yến,sv009999@uni.edu.vn
2023110000,Nguyễn Thị An,sv010000@uni.edu.vn
2024110001,Trần Thị An,sv010001@uni.edu.vn
2019110002,Lê Thị An,sv010002@uni.edu.vn
2020110003,Phạm Thị An,sv010003@uni.edu.vn
2021110004,Hoàng Thị An,sv010004@uni.edu.vn
2022110005,Vũ Thị An,sv010005@uni.edu.vn
2023110006,Đặng Thị An,sv010006@uni.edu.vn
2024110007,Bùi Thị An,sv010007@uni.edu.vn
2019110008,Đỗ Thị An,sv010008@uni.edu.vn
2020110009,Hồ Thị An,sv010009@uni.edu.vn
2021110010,Nguyễn Văn An,sv010010@uni.edu.vn
2022110011,Trần Văn An,sv010011@uni.edu.vn
2023110012,Lê Văn An,sv010012@uni.edu.vn
2024110013,Phạm Văn An,sv010013@uni.edu.vn
2019110014,Hoàng Văn An,sv010014@uni.edu.vn
2020110015,Vũ Văn An,sv010015@uni.edu.vn
2021110016,Đặng Văn An,sv010016@uni.edu.vn
2022110017,Bùi Văn An,sv010017@uni.edu.vn
2023110018,Đỗ Văn An,sv010018@uni.edu.vn
2024110019,Hồ Văn An,sv010019@uni.edu.vn
2019110020,Nguyễn Minh An,sv010020@uni.edu.vn
2020110021,Trần Minh An,sv010021@uni.edu.vn
2021110022,Lê Minh An,sv010022@uni.edu.vn
2022110023,Phạm Minh An,sv010023@uni.edu.vn
2023110024,Hoàng Minh An,sv010024@uni.edu.vn
2024110025,Vũ Minh An,sv010025@uni.edu.vn
2019110026,Đặng Minh An,sv010026@uni.edu.vn
2020110027,Bùi Minh An,sv010027@uni.edu.vn
2021110028,Đỗ Minh An,sv010028@uni.edu.vn
2022110029,Hồ Minh An,sv010029@uni.edu.vn
2023110030,Nguyễn Quốc An,sv010030@uni.edu.vn
2024110031,Trần Quốc An,sv010031@uni.edu.vn
2019110032,Lê Quốc An,sv010032@uni.edu.vn
2020110033,Phạm Quốc An,sv010033@uni.edu.vn
2021110034,Hoàng Quốc An,sv010034@uni.edu.vn
2022110035,Vũ Quốc An,sv010035@uni.edu.vn
2023110036,Đặng Quốc An,sv010036@uni.edu.vn
2024110037,Bùi Quốc An,sv010037@uni.edu.vn
2019110038,Đỗ Quốc An,sv010038@uni.edu.vn
2020110039,Hồ Quốc An,sv010039@uni.edu.vn
2021110040,Nguyễn Anh An,sv010040@uni.edu.vn
2022110041,Trần Anh An,sv010041@uni.edu.vn
2023110042,Lê Anh An,sv010042@uni.edu.vn
2024110043,Phạm Anh An,sv010043@uni.edu.vn
2019110044,Hoàng Anh An,sv010044@uni.edu.vn
2020110045,Vũ Anh An,sv010045@uni.edu.vn
2021110046,Đặng Anh An,sv010046@uni.edu.vn
2022110047,Bùi Anh An,sv010047@uni.edu.vn
2023110048,Đỗ Anh An,sv010048@uni.edu.vn
2024110049,Hồ Anh An,sv010049@uni.edu.vn
2019110050,Nguyễn Tuấn An,sv010050@uni.edu.vn
2020110051,Trần Tuấn An,sv010051@uni.edu.vn
2021110052,Lê Tuấn An,sv010052@uni.edu.vn
2022110053,Phạm Tuấn An,sv010053@uni.edu.vn
2023110054,Hoàng Tuấn An,sv010054@uni.edu.vn
2024110055,Vũ Tuấn An,sv010055@uni.edu.vn
2019110056,Đặng Tuấn An,sv010056@uni.edu.vn
2020110057,Bùi Tuấn An,sv010057@uni.edu.vn
2021110058,Đỗ Tuấn An,sv010058@uni.edu.vn
2022110059,Hồ Tuấn An,sv010059@uni.edu.vn
2023110060,Nguyễn Hữu An,sv010060@uni.edu.vn
2024110061,Trần Hữu An,sv010061@uni.edu.vn
2019110062,Lê Hữu An,sv010062@uni.edu.vn
2020110063,Phạm Hữu An,sv010063@uni.edu.vn
2021110064,Hoàng Hữu An,sv010064@uni.edu.vn
2022110065,Vũ Hữu An,sv010065@uni.edu.vn
2023110066,Đặng Hữu An,sv010066@uni.edu.vn
2024110067,Bùi Hữu An,sv010067@uni.edu.vn
2019110068,Đỗ Hữu An,sv010068@uni.edu.vn
2020110069,Hồ Hữu An,sv010069@uni.edu.vn
2021110070,Nguyễn Thành An,sv010070@uni.edu.vn
2022110071,Trần Thành An,sv010071@uni.edu.vn
2023110072,Lê Thành An,sv010072@uni.edu.vn
2024110073,Phạm Thành An,sv010073@uni.edu.vn
2019110074,Hoàng Thành An,sv010074@uni.edu.vn
2020110075,Vũ Thành An,sv010075@uni.edu.vn
2021110076,Đặng Thành An,sv010076@uni.edu.vn
2022110077,Bùi Thành An,sv010077@uni.edu.vn
2023110078,Đỗ Thành An,sv010078@uni.edu.vn
2024110079,Hồ Thành An,sv010079@uni.edu.vn
2019110080,Nguyễn Ngọc An,sv010080@uni.edu.vn
2020110081,Trần Ngọc An,sv010081@uni.edu.vn
2021110082,Lê Ngọc An,sv010082@uni.edu.vn
2022110083,Phạm Ngọc An,sv010083@uni.edu.vn
2023110084,Hoàng Ngọc An,sv010084@uni.edu.vn
2024110085,Vũ Ngọc An,sv010085@uni.edu.vn
2019110086,Đặng Ngọc An,sv010086@uni.edu.vn
2020110087,Bùi Ngọc An,sv010087@uni.edu.vn
2021110088,Đỗ Ngọc An,sv010088@uni.edu.vn
2022110089,Hồ Ngọc An,sv010089@uni.edu.vn
2023110090,Nguyễn An,sv010090@uni.edu.vn
2024110091,Trần An,sv010091@uni.edu.vn
2019110092,Lê An,sv010092@uni.edu.vn
2020110093,Phạm An,sv010093@uni.edu.vn
2021110094,Hoàng An,sv010094@uni.edu.vn
2022110095,Vũ An,sv010095@uni.edu.vn
2023110096,Đặng An,sv010096@uni.edu.vn
2024110097,Bùi An,sv010097@uni.edu.vn
2019110098,Đỗ An,sv010098@uni.edu.vn
2020110099,Hồ An,sv010099@uni.edu.vn
2021110100,Nguyễn Thị Bình,sv010100@uni.edu.vn
2022110101,Trần Thị Bình,sv010101@uni.edu.vn
2023110102,Lê Thị Bình,sv010102@uni.edu.vn
2024110103,Phạm Thị Bình,sv010103@uni.edu.vn
2019110104,Hoàng Thị Bình,sv010104@uni.edu.vn
2020110105,Vũ Thị Bình,sv010105@uni.edu.vn
2021110106,Đặng Thị Bình,sv010106@uni.edu.vn
2022110107,Bùi Thị Bình,sv010107@uni.edu.vn
2023110108,Đỗ Thị Bình,sv010108@uni.edu.vn
2024110109,Hồ Thị Bình,sv010109@uni.edu.vn
2019110110,Nguyễn Văn Bình,sv010110@uni.edu.vn
2020110111,Trần Văn Bình,sv010111@uni.edu.vn
2021110112,Lê Văn Bình,sv010112@uni.edu.vn
2022110113,Phạm Văn Bình,sv010113@uni.edu.vn
2023110114,Hoàng Văn Bình,sv010114@uni.edu.vn
2024110115,Vũ Văn Bình,sv010115@uni.edu.vn
2019110116,Đặng Văn Bình,sv010116@uni.edu.vn
2020110117,Bùi Văn Bình,sv010117@uni.edu.vn
2021110118,Đỗ Văn Bình,sv010118@uni.edu.vn
2022110119,Hồ Văn Bình,sv010119@uni.edu.vn
2023110120,Nguyễn Minh Bình,sv010120@uni.edu.vn
2024110121,Trần Minh Bình,sv010121@uni.edu.vn
2019110122,Lê Minh Bình,sv010122@uni.edu.vn
2020110123,Phạm Minh Bình,sv010123@uni.edu.vn
2021110124,Hoàng Minh Bình,sv010124@uni.edu.vn
2022110125,Vũ Minh Bình,sv010125@uni.edu.vn
2023110126,Đặng Minh Bình,sv010126@uni.edu.vn
2024110127,Bùi Minh Bình,sv010127@uni.edu.vn
2019110128,Đỗ Minh Bình,sv010128@uni.edu.vn
2020110129,Hồ Minh Bình,sv010129@uni.edu.vn
2021110130,Nguyễn Quốc Bình,sv010130@uni.edu.vn
2022110131,Trần Quốc Bình,sv010131@uni.edu.vn
2023110132,Lê Quốc Bình,sv010132@uni.edu.vn
2024110133,Phạm Quốc Bình,sv010133@uni.edu.vn
2019110134,Hoàng Quốc Bình,sv010134@uni.edu.vn
2020110135,Vũ Quốc Bình,sv010135@uni.edu.vn
2021110136,Đặng Quốc Bình,sv010136@uni.edu.vn
2022110137,Bùi Quốc Bình,sv010137@uni.edu.vn
2023110138,Đỗ Quốc Bình,sv010138@uni.edu.vn
2024110139,Hồ Quốc Bình,sv010139@uni.edu.vn
2019110140,Nguyễn Anh Bình,sv010140@uni.edu.vn
2020110141,Trần Anh Bình,sv010141@uni.edu.vn
2021110142,Lê Anh Bình,sv010142@uni.edu.vn
2022110143,Phạm Anh Bình,sv010143@uni.edu.vn
2023110144,Hoàng Anh Bình,sv010144@uni.edu.vn
2024110145,Vũ Anh Bình,sv010145@uni.edu.vn
2019110146,Đặng Anh Bình,sv010146@uni.edu.vn
2020110147,Bùi Anh Bình,sv010147@uni.edu.vn
2021110148,Đỗ Anh Bình,sv010148@uni.edu.vn
2022110149,Hồ Anh Bình,sv010149@uni.edu.vn
2023110150,Nguyễn Tuấn Bình,sv010150@uni.edu.vn
2024110151,Trần Tuấn Bình,sv010151@uni.edu.vn
2019110152,Lê Tuấn Bình,sv010152@uni.edu.vn
2020110153,Phạm Tuấn Bình,sv010153@uni.edu.vn
2021110154,Hoàng Tuấn Bình,sv010154@uni.edu.vn
2022110155,Vũ Tuấn Bình,sv010155@uni.edu.vn
2023110156,Đặng Tuấn Bình,sv010156@uni.edu.vn
2024110157,Bùi Tuấn Bình,sv010157@uni.edu.vn
2019110158,Đỗ Tuấn Bình,sv010158@uni.edu.vn
2020110159,Hồ Tuấn Bình,sv010159@uni.edu.vn
2021110160,Nguyễn Hữu Bình,sv010160@uni.edu.vn
2022110161,Trần Hữu Bình,sv010161@uni.edu.vn
2023110162,Lê Hữu Bình,sv010162@uni.edu.vn
2024110163,Phạm Hữu Bình,sv010163@uni.edu.vn
2019110164,Hoàng Hữu Bình,sv010164@uni.edu.vn
2020110165,Vũ Hữu Bình,sv010165@uni.edu.vn
2021110166,Đặng Hữu Bình,sv010166@uni.edu.vn
2022110167,Bùi Hữu Bình,sv010167@uni.edu.vn
2023110168,Đỗ Hữu Bình,sv010168@uni.edu.vn
2024110169,Hồ Hữu Bình,sv010169@uni.edu.vn
2019110170,Nguyễn Thành Bình,sv010170@uni.edu.vn
2020110171,Trần Thành Bình,sv010171@uni.edu.vn
2021110172,Lê Thành Bình,sv010172@uni.edu.vn
2022110173,Phạm Thành Bình,sv010173@uni.edu.vn
2023110174,Hoàng Thành Bình,sv010174@uni.edu.vn
2024110175,Vũ Thành Bình,sv010175@uni.edu.vn
2019110176,Đặng Thành Bình,sv010176@uni.edu.vn
2020110177,Bùi Thành Bình,sv010177@uni.edu.vn
2021110178,Đỗ Thành Bình,sv010178@uni.edu.vn
2022110179,Hồ Thành Bình,sv010179@uni.edu.vn
2023110180,Nguyễn Ngọc Bình,sv010180@uni.edu.vn
2024110181,Trần Ngọc Bình,sv010181@uni.edu.vn
2019110182,Lê Ngọc Bình,sv010182@uni.edu.vn
2020110183,Phạm Ngọc Bình,sv010183@uni.edu.vn
2021110184,Hoàng Ngọc Bình,sv010184@uni.edu.vn
2022110185,Vũ Ngọc Bình,sv010185@uni.edu.vn
2023110186,Đặng Ngọc Bình,sv010186@uni.edu.vn
2024110187,Bùi Ngọc Bình,sv010187@uni.edu.vn
2019110188,Đỗ Ngọc Bình,sv010188@uni.edu.vn
2020110189,Hồ Ngọc Bình,sv010189@uni.edu.vn
2021110190,Nguyễn Bình,sv010190@uni.edu.vn
2022110191,Trần Bình,sv010191@uni.edu.vn
2023110192,Lê Bình,sv010192@uni.edu.vn
2024110193,Phạm Bình,sv010193@uni.edu.vn
2019110194,Hoàng Bình,sv010194@uni.edu.vn
2020110195,Vũ Bình,sv010195@uni.edu.vn
2021110196,Đặng Bình,sv010196@uni.edu.vn
2022110197,Bùi Bình,sv010197@uni.edu.vn
2023110198,Đỗ Bình,sv010198@uni.edu.vn
2024110199,Hồ Bình,sv010199@uni.edu.vn
2019110200,Nguyễn Thị Chi,sv010200@uni.edu.vn
2020110201,Trần Thị Chi,sv010201@uni.edu.vn
2021110202,Lê Thị Chi,sv010202@uni.edu.vn
2022110203,Phạm Thị Chi,sv010203@uni.edu.vn
2023110204,Hoàng Thị Chi,sv010204@uni.edu.vn
2024110205,Vũ Thị Chi,sv010205@uni.edu.vn
2019110206,Đặng Thị Chi,sv010206@uni.edu.vn
2020110207,Bùi Thị Chi,sv010207@uni.edu.vn
2021110208,Đỗ Thị Chi,sv010208@uni.edu.vn
2022110209,Hồ Thị Chi,sv010209@uni.edu.vn
2023110210,Nguyễn Văn Chi,sv010210@uni.edu.vn
2024110211,Trần Văn Chi,sv010211@uni.edu.vn
2019110212,Lê Văn Chi,sv010212@uni.edu.vn
2020110213,Phạm Văn Chi,sv010213@uni.edu.vn
2021110214,Hoàng Văn Chi,sv010214@uni.edu.vn
2022110215,Vũ Văn Chi,sv010215@uni.edu.vn
2023110216,Đặng Văn Chi,sv010216@uni.edu.vn
2024110217,Bùi Văn Chi,sv010217@uni.edu.vn
2019110218,Đỗ Văn Chi,sv010218@uni.edu.vn
2020110219,Hồ Văn Chi,sv010219@uni.edu.vn
2021110220,Nguyễn Minh Chi,sv010220@uni.edu.vn
2022110221,Trần Minh Chi,sv010221@uni.edu.vn
2023110222,Lê Minh Chi,sv010222@uni.edu.vn
2024110223,Phạm Minh Chi,sv010223@uni.edu.vn
2019110224,Hoàng Minh Chi,sv010224@uni.edu.vn
2020110225,Vũ Minh Chi,sv010225@uni.edu.vn
2021110226,Đặng Minh Chi,sv010226@uni.edu.vn
2022110227,Bùi Minh Chi,sv010227@uni.edu.vn
2023110228,Đỗ Minh Chi,sv010228@uni.edu.vn
2024110229,Hồ Minh Chi,sv010229@uni.edu.vn
2019110230,Nguyễn Quốc Chi,sv010230@uni.edu.vn
2020110231,Trần Quốc Chi,sv010231@uni.edu.vn
2021110232,Lê Quốc Chi,sv010232@uni.edu.vn
2022110233,Phạm Quốc Chi,sv010233@uni.edu.vn
2023110234,Hoàng Quốc Chi,sv010234@uni.edu.vn
2024110235,Vũ Quốc Chi,sv010235@uni.edu.vn
2019110236,Đặng Quốc Chi,sv010236@uni.edu.vn
2020110237,Bùi Quốc Chi,sv010237@uni.edu.vn
2021110238,Đỗ Quốc Chi,sv010238@uni.edu.vn
2022110239,Hồ Quốc Chi,sv010239@uni.edu.vn
2023110240,Nguyễn Anh Chi,sv010240@uni.edu.vn
2024110241,Trần Anh Chi,sv010241@uni.edu.vn
2019110242,Lê Anh Chi,sv010242@uni.edu.vn
2020110243,Phạm Anh Chi,sv010243@uni.edu.vn
2021110244,Hoàng Anh Chi,sv010244@uni.edu.vn
2022110245,Vũ Anh Chi,sv010245@uni.edu.vn
2023110246,Đặng Anh Chi,sv010246@uni.edu.vn
2024110247,Bùi Anh Chi,sv010247@uni.edu.vn
2019110248,Đỗ Anh Chi,sv010248@uni.edu.vn
2020110249,Hồ Anh Chi,sv010249@uni.edu.vn
2021110250,Nguyễn Tuấn Chi,sv010250@uni.edu.vn
2022110251,Trần Tuấn Chi,sv010251@uni.edu.vn
2023110252,Lê Tuấn Chi,sv010252@uni.edu.vn
2024110253,Phạm Tuấn Chi,sv010253@uni.edu.vn
2019110254,Hoàng Tuấn Chi,sv010254@uni.edu.vn
2020110255,Vũ Tuấn Chi,sv010255@uni.edu.vn
2021110256,Đặng Tuấn Chi,sv010256@uni.edu.vn
2022110257,Bùi Tuấn Chi,sv010257@uni.edu.vn
2023110258,Đỗ Tuấn Chi,sv010258@uni.edu.vn
2024110259,Hồ Tuấn Chi,sv010259@uni.edu.vn
2019110260,Nguyễn Hữu Chi,sv010260@uni.edu.vn
2020110261,Trần Hữu Chi,sv010261@uni.edu.vn
2021110262,Lê Hữu Chi,sv010262@uni.edu.vn
2022110263,Phạm Hữu Chi,sv010263@uni.edu.vn
2023110264,Hoàng Hữu Chi,sv010264@uni.edu.vn
2024110265,Vũ Hữu Chi,sv010265@uni.edu.vn
2019110266,Đặng Hữu Chi,sv010266@uni.edu.vn
2020110267,Bùi Hữu Chi,sv010267@uni.edu.vn
2021110268,Đỗ Hữu Chi,sv010268@uni.edu.vn
2022110269,Hồ Hữu Chi,sv010269@uni.edu.vn
2023110270,Nguyễn Thành Chi,sv010270@uni.edu.vn
2024110271,Trần Thành Chi,sv010271@uni.edu.vn
2019110272,Lê Thành Chi,sv010272@uni.edu.vn
2020110273,Phạm Thành Chi,sv010273@uni.edu.vn
2021110274,Hoàng Thành Chi,sv010274@uni.edu.vn
2022110275,Vũ Thành Chi,sv010275@uni.edu.vn
2023110276,Đặng Thành Chi,sv010276@uni.edu.vn
2024110277,Bùi Thành Chi,sv010277@uni.edu.vn
2019110278,Đỗ Thành Chi,sv010278@uni.edu.vn
2020110279,Hồ Thành Chi,sv010279@uni.edu.vn
2021110280,Nguyễn Ngọc Chi,sv010280@uni.edu.vn
2022110281,Trần Ngọc Chi,sv010281@uni.edu.vn
2023110282,Lê Ngọc Chi,sv010282@uni.edu.vn
2024110283,Phạm Ngọc Chi,sv010283@uni.edu.vn
2019110284,Hoàng Ngọc Chi,sv010284@uni.edu.vn
2020110285,Vũ Ngọc Chi,sv010285@uni.edu.vn
2021110286,Đặng Ngọc Chi,sv010286@uni.edu.vn
2022110287,Bùi Ngọc Chi,sv010287@uni.edu.vn
2023110288,Đỗ Ngọc Chi,sv010288@uni.edu.vn
2024110289,Hồ Ngọc Chi,sv010289@uni.edu.vn
2019110290,Nguyễn Chi,sv010290@uni.edu.vn
2020110291,Trần Chi,sv010291@uni.edu.vn
2021110292,Lê Chi,sv010292@uni.edu.vn
2022110293,Phạm Chi,sv010293@uni.edu.vn
2023110294,Hoàng Chi,sv010294@uni.edu.vn
2024110295,Vũ Chi,sv010295@uni.edu.vn
2019110296,Đặng Chi,sv010296@uni.edu.vn
2020110297,Bùi Chi,sv010297@uni.edu.vn
2021110298,Đỗ Chi,sv010298@uni.edu.vn
2022110299,Hồ Chi,sv010299@uni.edu.vn
2023110300,Nguyễn Thị Dũng,sv010300@uni.edu.vn
2024110301,Trần Thị Dũng,sv010301@uni.edu.vn
2019110302,Lê Thị Dũng,sv010302@uni.edu.vn
2020110303,Phạm Thị Dũng,sv010303@uni.edu.vn
2021110304,Hoàng Thị Dũng,sv010304@uni.edu.vn
2022110305,Vũ Thị Dũng,sv010305@uni.edu.vn
2023110306,Đặng Thị Dũng,sv010306@uni.edu.vn
2024110307,Bùi Thị Dũng,sv010307@uni.edu.vn
2019110308,Đỗ Thị Dũng,sv010308@uni.edu.vn
2020110309,Hồ Thị Dũng,sv010309@uni.edu.vn
2021110310,Nguyễn Văn Dũng,sv010310@uni.edu.vn
2022110311,Trần Văn Dũng,sv010311@uni.edu.vn
2023110312,Lê Văn Dũng,sv010312@uni.edu.vn
2024110313,Phạm Văn Dũng,sv010313@uni.edu.vn
2019110314,Hoàng Văn Dũng,sv010314@uni.edu.vn
2020110315,Vũ Văn Dũng,sv010315@uni.edu.vn
2021110316,Đặng Văn Dũng,sv010316@uni.edu.vn
2022110317,Bùi Văn Dũng,sv010317@uni.edu.vn
2023110318,Đỗ Văn Dũng,sv010318@uni.edu.vn
2024110319,Hồ Văn Dũng,sv010319@uni.edu.vn
2019110320,Nguyễn Minh Dũng,sv010320@uni.edu.vn
2020110321,Trần Minh Dũng,sv010321@uni.edu.vn
2021110322,Lê Minh Dũng,sv010322@uni.edu.vn
2022110323,Phạm Minh Dũng,sv010323@uni.edu.vn
2023110324,Hoàng Minh Dũng,sv010324@uni.edu.vn
2024110325,Vũ Minh Dũng,sv010325@uni.edu.vn
2019110326,Đặng Minh Dũng,sv010326@uni.edu.vn
2020110327,Bùi Minh Dũng,sv010327@uni.edu.vn
2021110328,Đỗ Minh Dũng,sv010328@uni.edu.vn
2022110329,Hồ Minh Dũng,sv010329@uni.edu.vn
2023110330,Nguyễn Quốc Dũng,sv010330@uni.edu.vn
2024110331,Trần Quốc Dũng,sv010331@uni.edu.vn
2019110332,Lê Quốc Dũng,sv010332@uni.edu.vn
2020110333,Phạm Quốc Dũng,sv010333@uni.edu.vn
2021110334,Hoàng Quốc Dũng,sv010334@uni.edu.vn
2022110335,Vũ Quốc Dũng,sv010335@uni.edu.vn
2023110336,Đặng Quốc Dũng,sv010336@uni.edu.vn
2024110337,Bùi Quốc Dũng,sv010337@uni.edu.vn
2019110338,Đỗ Quốc Dũng,sv010338@uni.edu.vn
2020110339,Hồ Quốc Dũng,sv010339@uni.edu.vn
2021110340,Nguyễn Anh Dũng,sv010340@uni.edu.vn
2022110341,Trần Anh Dũng,sv010341@uni.edu.vn
2023110342,Lê Anh Dũng,sv010342@uni.edu.vn
2024110343,Phạm Anh Dũng,sv010343@uni.edu.vn
2019110344,Hoàng Anh Dũng,sv010344@uni.edu.vn
2020110345,Vũ Anh Dũng,sv010345@uni.edu.vn
2021110346,Đặng Anh Dũng,sv010346@uni.edu.vn
2022110347,Bùi Anh Dũng,sv010347@uni.edu.vn
2023110348,Đỗ Anh Dũng,sv010348@uni.edu.vn
2024110349,Hồ Anh Dũng,sv010349@uni.edu.vn
2019110350,Nguyễn Tuấn Dũng,sv010350@uni.edu.vn
2020110351,Trần Tuấn Dũng,sv010351@uni.edu.vn
2021110352,Lê Tuấn Dũng,sv010352@uni.edu.vn
2022110353,Phạm Tuấn Dũng,sv010353@uni.edu.vn
2023110354,Hoàng Tuấn Dũng,sv010354@uni.edu.vn
2024110355,Vũ Tuấn Dũng,sv010355@uni.edu.vn
2019110356,Đặng Tuấn Dũng,sv010356@uni.edu.vn
2020110357,Bùi Tuấn Dũng,sv010357@uni.edu.vn
2021110358,Đỗ Tuấn Dũng,sv010358@uni.edu.vn
2022110359,Hồ Tuấn Dũng,sv010359@uni.edu.vn
2023110360,Nguyễn Hữu Dũng,sv010360@uni.edu.vn
2024110361,Trần Hữu Dũng,sv010361@uni.edu.vn
2019110362,Lê Hữu Dũng,sv010362@uni.edu.vn
2020110363,Phạm Hữu Dũng,sv010363@uni.edu.vn
2021110364,Hoàng Hữu Dũng,sv010364@uni.edu.vn
2022110365,Vũ Hữu Dũng,sv010365@uni.edu.vn
2023110366,Đặng Hữu Dũng,sv010366@uni.edu.vn
2024110367,Bùi Hữu Dũng,sv010367@uni.edu.vn
2019110368,Đỗ Hữu Dũng,sv010368@uni.edu.vn
2020110369,Hồ Hữu Dũng,sv010369@uni.edu.vn
2021110370,Nguyễn Thành Dũng,sv010370@uni.edu.vn
2022110371,Trần Thành Dũng,sv010371@uni.edu.vn
2023110372,Lê Thành Dũng,sv010372@uni.edu.vn
2024110373,Phạm Thành Dũng,sv010373@uni.edu.vn
2019110374,Hoàng Thành Dũng,sv010374@uni.edu.vn
2020110375,Vũ Thành Dũng,sv010375@uni.edu.vn
2021110376,Đặng Thành Dũng,sv010376@uni.edu.vn
2022110377,Bùi Thành Dũng,sv010377@uni.edu.vn
2023110378,Đỗ Thành Dũng,sv010378@uni.edu.vn
2024110379,Hồ Thành Dũng,sv010379@uni.edu.vn
2019110380,Nguyễn Ngọc Dũng,sv010380@uni.edu.vn
2020110381,Trần Ngọc Dũng,sv010381@uni.edu.vn
2021110382,Lê Ngọc Dũng,sv010382@uni.edu.vn
2022110383,Phạm Ngọc Dũng,sv010383@uni.edu.vn
2023110384,Hoàng Ngọc Dũng,sv010384@uni.edu.vn
2024110385,Vũ Ngọc Dũng,sv010385@uni.edu.vn
2019110386,Đặng Ngọc Dũng,sv010386@uni.edu.vn
2020110387,Bùi Ngọc Dũng,sv010387@uni.edu.vn
2021110388,Đỗ Ngọc Dũng,sv010388@uni.edu.vn
2022110389,Hồ Ngọc Dũng,sv010389@uni.edu.vn
2023110390,Nguyễn Dũng,sv010390@uni.edu.vn
2024110391,Trần Dũng,sv010391@uni.edu.vn
2019110392,Lê Dũng,sv010392@uni.edu.vn
2020110393,Phạm Dũng,sv010393@uni.edu.vn
2021110394,Hoàng Dũng,sv010394@uni.edu.vn
2022110395,Vũ Dũng,sv010395@uni.edu.vn
2023110396,Đặng Dũng,sv010396@uni.edu.vn
2024110397,Bùi Dũng,sv010397@uni.edu.vn
2019110398,Đỗ Dũng,sv010398@uni.edu.vn
2020110399,Hồ Dũng,sv010399@uni.edu.vn
2021110400,Nguyễn Thị Giang,sv010400@uni.edu.vn
2022110401,Trần Thị Giang,sv010401@uni.edu.vn
2023110402,Lê Thị Giang,sv010402@uni.edu.vn
2024110403,Phạm Thị Giang,sv010403@uni.edu.vn
2019110404,Hoàng Thị Giang,sv010404@uni.edu.vn
2020110405,Vũ Thị Giang,sv010405@uni.edu.vn
2021110406,Đặng Thị Giang,sv010406@uni.edu.vn
2022110407,Bùi Thị Giang,sv010407@uni.edu.vn
2023110408,Đỗ Thị Giang,sv010408@uni.edu.vn
2024110409,Hồ Thị Giang,sv010409@uni.edu.vn
2019110410,Nguyễn Văn Giang,sv010410@uni.edu.vn
2020110411,Trần Văn Giang,sv010411@uni.edu.vn
2021110412,Lê Văn Giang,sv010412@uni.edu.vn
2022110413,Phạm Văn Giang,sv010413@uni.edu.vn
2023110414,Hoàng Văn Giang,sv010414@uni.edu.vn
2024110415,Vũ Văn Giang,sv010415@uni.edu.vn
2019110416,Đặng Văn Giang,sv010416@uni.edu.vn
2020110417,Bùi Văn Giang,sv010417@uni.edu.vn
2021110418,Đỗ Văn Giang,sv010418@uni.edu.vn
2022110419,Hồ Văn Giang,sv010419@uni.edu.vn
2023110420,Nguyễn Minh Giang,sv010420@uni.edu.vn
2024110421,Trần Minh Giang,sv010421@uni.edu.vn
2019110422,Lê Minh Giang,sv010422@uni.edu.vn
2020110423,Phạm Minh Giang,sv010423@uni.edu.vn
2021110424,Hoàng Minh Giang,sv010424@uni.edu.vn
2022110425,Vũ Minh Giang,sv010425@uni.edu.vn
2023110426,Đặng Minh Giang,sv010426@uni.edu.vn
2024110427,Bùi Minh Giang,sv010427@uni.edu.vn
2019110428,Đỗ Minh Giang,sv010428@uni.edu.vn
2020110429,Hồ Minh Giang,sv010429@uni.edu.vn
2021110430,Nguyễn Quốc Giang,sv010430@uni.edu.vn
2022110431,Trần Quốc Giang,sv010431@uni.edu.vn
2023110432,Lê Quốc Giang,sv010432@uni.edu.vn
2024110433,Phạm Quốc Giang,sv010433@uni.edu.vn
2019110434,Hoàng Quốc Giang,sv010434@uni.edu.vn
2020110435,Vũ Quốc Giang,sv010435@uni.edu.vn
2021110436,Đặng Quốc Giang,sv010436@uni.edu.vn
2022110437,Bùi Quốc Giang,sv010437@uni.edu.vn
2023110438,Đỗ Quốc Giang,sv010438@uni.edu.vn
2024110439,Hồ Quốc Giang,sv010439@uni.edu.vn
2019110440,Nguyễn Anh Giang,sv010440@uni.edu.vn
2020110441,Trần Anh Giang,sv010441@uni.edu.vn
2021110442,Lê Anh Giang,sv010442@uni.edu.vn
2022110443,Phạm Anh Giang,sv010443@uni.edu.vn
2023110444,Hoàng Anh Giang,sv010444@uni.edu.vn
2024110445,Vũ Anh Giang,sv010445@uni.edu.vn
2019110446,Đặng Anh Giang,sv010446@uni.edu.vn
2020110447,Bùi Anh Giang,sv010447@uni.edu.vn
2021110448,Đỗ Anh Giang,sv010448@uni.edu.vn
2022110449,Hồ Anh Giang,sv010449@uni.edu.vn
2023110450,Nguyễn Tuấn Giang,sv010450@uni.edu.vn
2024110451,Trần Tuấn Giang,sv010451@uni.edu.vn
2019110452,Lê Tuấn Giang,sv010452@uni.edu.vn
2020110453,Phạm Tuấn Giang,sv010453@uni.edu.vn
2021110454,Hoàng Tuấn Giang,sv010454@uni.edu.vn
2022110455,Vũ Tuấn Giang,sv010455@uni.edu.vn
2023110456,Đặng Tuấn Giang,sv010456@uni.edu.vn
2024110457,Bùi Tuấn Giang,sv010457@uni.edu.vn
2019110458,Đỗ Tuấn Giang,sv010458@uni.edu.vn
2020110459,Hồ Tuấn Giang,sv010459@uni.edu.vn
2021110460,Nguyễn Hữu Giang,sv010460@uni.edu.vn
2022110461,Trần Hữu Giang,sv010461@uni.edu.vn
2023110462,Lê Hữu Giang,sv010462@uni.edu.vn
2024110463,Phạm Hữu Giang,sv010463@uni.edu.vn
2019110464,Hoàng Hữu Giang,sv010464@uni.edu.vn
2020110465,Vũ Hữu Giang,sv010465@uni.edu.vn
2021110466,Đặng Hữu Giang,sv010466@uni.edu.vn
2022110467,Bùi Hữu Giang,sv010467@uni.edu.vn
2023110468,Đỗ Hữu Giang,sv010468@uni.edu.vn
2024110469,Hồ Hữu Giang,sv010469@uni.edu.vn
2019110470,Nguyễn Thành Giang,sv010470@uni.edu.vn
2020110471,Trần Thành Giang,sv010471@uni.edu.vn
2021110472,Lê Thành Giang,sv010472@uni.edu.vn
2022110473,Phạm Thành Giang,sv010473@uni.edu.vn
2023110474,Hoàng Thành Giang,sv010474@uni.edu.vn
2024110475,Vũ Thành Giang,sv010475@uni.edu.vn
2019110476,Đặng Thành Giang,sv010476@uni.edu.vn
2020110477,Bùi Thành Giang,sv010477@uni.edu.vn
2021110478,Đỗ Thành Giang,sv010478@uni.edu.vn
2022110479,Hồ Thành Giang,sv010479@uni.edu.vn
2023110480,Nguyễn Ngọc Giang,sv010480@uni.edu.vn
2024110481,Trần Ngọc Giang,sv010481@uni.edu.vn
2019110482,Lê Ngọc Giang,sv010482@uni.edu.vn
2020110483,Phạm Ngọc Giang,sv010483@uni.edu.vn
2021110484,Hoàng Ngọc Giang,sv010484@uni.edu.vn
2022110485,Vũ Ngọc Giang,sv010485@uni.edu.vn
2023110486,Đặng Ngọc Giang,sv010486@uni.edu.vn
2024110487,Bùi Ngọc Giang,sv010487@uni.edu.vn
2019110488,Đỗ Ngọc Giang,sv010488@uni.edu.vn
2020110489,Hồ Ngọc Giang,sv010489@uni.edu.vn
2021110490,Nguyễn Giang,sv010490@uni.edu.vn
2022110491,Trần Giang,sv010491@uni.edu.vn
2023110492,Lê Giang,sv010492@uni.edu.vn
2024110493,Phạm Giang,sv010493@uni.edu.vn
2019110494,Hoàng Giang,sv010494@uni.edu.vn
2020110495,Vũ Giang,sv010495@uni.edu.vn
2021110496,Đặng Giang,sv010496@uni.edu.vn
2022110497,Bùi Giang,sv010497@uni.edu.vn
2023110498,Đỗ Giang,sv010498@uni.edu.vn
2024110499,Hồ Giang,sv010499@uni.edu.vn
2019110500,Nguyễn Thị Hà,sv010500@uni.edu.vn
2020110501,Trần Thị Hà,sv010501@uni.edu.vn
2021110502,Lê Thị Hà,sv010502@uni.edu.vn
2022110503,Phạm Thị Hà,sv010503@uni.edu.vn
2023110504,Hoàng Thị Hà,sv010504@uni.edu.vn
2024110505,Vũ Thị Hà,sv010505@uni.edu.vn
2019110506,Đặng Thị Hà,sv010506@uni.edu.vn
2020110507,Bùi Thị Hà,sv010507@uni.edu.vn
2021110508,Đỗ Thị Hà,sv010508@uni.edu.vn
2022110509,Hồ Thị Hà,sv010509@uni.edu.vn
2023110510,Nguyễn Văn Hà,sv010510@uni.edu.vn
2024110511,Trần Văn Hà,sv010511@uni.edu.vn
2019110512,Lê Văn Hà,sv010512@uni.edu.vn
2020110513,Phạm Văn Hà,sv010513@uni.edu.vn
2021110514,Hoàng Văn Hà,sv010514@uni.edu.vn
2022110515,Vũ Văn Hà,sv010515@uni.edu.vn
2023110516,Đặng Văn Hà,sv010516@uni.edu.vn
2024110517,Bùi Văn Hà,sv010517@uni.edu.vn
2019110518,Đỗ Văn Hà,sv010518@uni.edu.vn
2020110519,Hồ Văn Hà,sv010519@uni.edu.vn
2021110520,Nguyễn Minh Hà,sv010520@uni.edu.vn
2022110521,Trần Minh Hà,sv010521@uni.edu.vn
2023110522,Lê Minh Hà,sv010522@uni.edu.vn
2024110523,Phạm Minh Hà,sv010523@uni.edu.vn
2019110524,Hoàng Minh Hà,sv010524@uni.edu.vn
2020110525,Vũ Minh Hà,sv010525@uni.edu.vn
2021110526,Đặng Minh Hà,sv010526@uni.edu.vn
2022110527,Bùi Minh Hà,sv010527@uni.edu.vn
2023110528,Đỗ Minh Hà,sv010528@uni.edu.vn
2024110529,Hồ Minh Hà,sv010529@uni.edu.vn
2019110530,Nguyễn Quốc Hà,sv010530@uni.edu.vn
2020110531,Trần Quốc Hà,sv010531@uni.edu.vn
2021110532,Lê Quốc Hà,sv010532@uni.edu.vn
2022110533,Phạm Quốc Hà,sv010533@uni.edu.vn
2023110534,Hoàng Quốc Hà,sv010534@uni.edu.vn
2024110535,Vũ Quốc Hà,sv010535@uni.edu.vn
2019110536,Đặng Quốc Hà,sv010536@uni.edu.vn
2020110537,Bùi Quốc Hà,sv010537@uni.edu.vn
2021110538,Đỗ Quốc Hà,sv010538@uni.edu.vn
2022110539,Hồ Quốc Hà,sv010539@uni.edu.vn
2023110540,Nguyễn Anh Hà,sv010540@uni.edu.vn
2024110541,Trần Anh Hà,sv010541@uni.edu.vn
2019110542,Lê Anh Hà,sv010542@uni.edu.vn
2020110543,Phạm Anh Hà,sv010543@uni.edu.vn
2021110544,Hoàng Anh Hà,sv010544@uni.edu.vn
2022110545,Vũ Anh Hà,sv010545@uni.edu.vn
2023110546,Đặng Anh Hà,sv010546@uni.edu.vn
2024110547,Bùi Anh Hà,sv010547@uni.edu.vn
2019110548,Đỗ Anh Hà,sv010548@uni.edu.vn
2020110549,Hồ Anh Hà,sv010549@uni.edu.vn
2021110550,Nguyễn Tuấn Hà,sv010550@uni.edu.vn
2022110551,Trần Tuấn Hà,sv010551@uni.edu.vn
2023110552,Lê Tuấn Hà,sv010552@uni.edu.vn
2024110553,Phạm Tuấn Hà,sv010553@uni.edu.vn
2019110554,Hoàng Tuấn Hà,sv010554@uni.edu.vn
2020110555,Vũ Tuấn Hà,sv010555@uni.edu.vn
2021110556,Đặng Tuấn Hà,sv010556@uni.edu.vn
2022110557,Bùi Tuấn Hà,sv010557@uni.edu.vn
2023110558,Đỗ Tuấn Hà,sv010558@uni.edu.vn
2024110559,Hồ Tuấn Hà,sv010559@uni.edu.vn
2019110560,Nguyễn Hữu Hà,sv010560@uni.edu.vn
2020110561,Trần Hữu Hà,sv010561@uni.edu.vn
2021110562,Lê Hữu Hà,sv010562@uni.edu.vn
2022110563,Phạm Hữu Hà,sv010563@uni.edu.vn
2023110564,Hoàng Hữu Hà,sv010564@uni.edu.vn
2024110565,Vũ Hữu Hà,sv010565@uni.edu.vn
2019110566,Đặng Hữu Hà,sv010566@uni.edu.vn
2020110567,Bùi Hữu Hà,sv010567@uni.edu.vn
2021110568,Đỗ Hữu Hà,sv010568@uni.edu.vn
2022110569,Hồ Hữu Hà,sv010569@uni.edu.vn
2023110570,Nguyễn Thành Hà,sv010570@uni.edu.vn
2024110571,Trần Thành Hà,sv010571@uni.edu.vn
2019110572,Lê Thành Hà,sv010572@uni.edu.vn
2020110573,Phạm Thành Hà,sv010573@uni.edu.vn
2021110574,Hoàng Thành Hà,sv010574@uni.edu.vn
2022110575,Vũ Thành Hà,sv010575@uni.edu.vn
2023110576,Đặng Thành Hà,sv010576@uni.edu.vn
2024110577,Bùi Thành Hà,sv010577@uni.edu.vn
2019110578,Đỗ Thành Hà,sv010578@uni.edu.vn
2020110579,Hồ Thành Hà,sv010579@uni.edu.vn
2021110580,Nguyễn Ngọc Hà,sv010580@uni.edu.vn
2022110581,Trần Ngọc Hà,sv010581@uni.edu.vn
2023110582,Lê Ngọc Hà,sv010582@uni.edu.vn
2024110583,Phạm Ngọc Hà,sv010583@uni.edu.vn
2019110584,Hoàng Ngọc Hà,sv010584@uni.edu.vn
2020110585,Vũ Ngọc Hà,sv010585@uni.edu.vn
2021110586,Đặng Ngọc Hà,sv010586@uni.edu.vn
2022110587,Bùi Ngọc Hà,sv010587@uni.edu.vn
2023110588,Đỗ Ngọc Hà,sv010588@uni.edu.vn
2024110589,Hồ Ngọc Hà,sv010589@uni.edu.vn
2019110590,Nguyễn Hà,sv010590@uni.edu.vn
2020110591,Trần Hà,sv010591@uni.edu.vn
2021110592,Lê Hà,sv010592@uni.edu.vn
2022110593,Phạm Hà,sv010593@uni.edu.vn
2023110594,Hoàng Hà,sv010594@uni.edu.vn
2024110595,Vũ Hà,sv010595@uni.edu.vn
2019110596,Đặng Hà,sv010596@uni.edu.vn
2020110597,Bùi Hà,sv010597@uni.edu.vn
2021110598,Đỗ Hà,sv010598@uni.edu.vn
2022110599,Hồ Hà,sv010599@uni.edu.vn
2023110600,Nguyễn Thị Hùng,sv010600@uni.edu.vn
2024110601,Trần Thị Hùng,sv010601@uni.edu.vn
2019110602,Lê Thị Hùng,sv010602@uni.edu.vn
2020110603,Phạm Thị Hùng,sv010603@uni.edu.vn
2021110604,Hoàng Thị Hùng,sv010604@uni.edu.vn
2022110605,Vũ Thị Hùng,sv010605@uni.edu.vn
2023110606,Đặng Thị Hùng,sv010606@uni.edu.vn
2024110607,Bùi Thị Hùng,sv010607@uni.edu.vn
2019110608,Đỗ Thị Hùng,sv010608@uni.edu.vn
2020110609,Hồ Thị Hùng,sv010609@uni.edu.vn
2021110610,Nguyễn Văn Hùng,sv010610@uni.edu.vn
2022110611,Trần Văn Hùng,sv010611@uni.edu.vn
2023110612,Lê Văn Hùng,sv010612@uni.edu.vn
2024110613,Phạm Văn Hùng,sv010613@uni.edu.vn
2019110614,Hoàng Văn Hùng,sv010614@uni.edu.vn
2020110615,Vũ Văn Hùng,sv010615@uni.edu.vn
2021110616,Đặng Văn Hùng,sv010616@uni.edu.vn
2022110617,Bùi Văn Hùng,sv010617@uni.edu.vn
2023110618,Đỗ Văn Hùng,sv010618@uni.edu.vn
2024110619,Hồ Văn Hùng,sv010619@uni.edu.vn
2019110620,Nguyễn Minh Hùng,sv010620@uni.edu.vn
2020110621,Trần Minh Hùng,sv010621@uni.edu.vn
2021110622,Lê Minh Hùng,sv010622@uni.edu.vn
2022110623,Phạm Minh Hùng,sv010623@uni.edu.vn
2023110624,Hoàng Minh Hùng,sv010624@uni.edu.vn
2024110625,Vũ Minh Hùng,sv010625@uni.edu.vn
2019110626,Đặng Minh Hùng,sv010626@uni.edu.vn
2020110627,Bùi Minh Hùng,sv010627@uni.edu.vn
2021110628,Đỗ Minh Hùng,sv010628@uni.edu.vn
2022110629,Hồ Minh Hùng,sv010629@uni.edu.vn
2023110630,Nguyễn Quốc Hùng,sv010630@uni.edu.vn
2024110631,Trần Quốc Hùng,sv010631@uni.edu.vn
2019110632,Lê Quốc Hùng,sv010632@uni.edu.vn
2020110633,Phạm Quốc Hùng,sv010633@uni.edu.vn
2021110634,Hoàng Quốc Hùng,sv010634@uni.edu.vn
2022110635,Vũ Quốc Hùng,sv010635@uni.edu.vn
2023110636,Đặng Quốc Hùng,sv010636@uni.edu.vn
2024110637,Bùi Quốc Hùng,sv010637@uni.edu.vn
2019110638,Đỗ Quốc Hùng,sv010638@uni.edu.vn
2020110639,Hồ Quốc Hùng,sv010639@uni.edu.vn
2021110640,Nguyễn Anh Hùng,sv010640@uni.edu.vn
2022110641,Trần Anh Hùng,sv010641@uni.edu.vn
2023110642,Lê Anh Hùng,sv010642@uni.edu.vn
2024110643,Phạm Anh Hùng,sv010643@uni.edu.vn
2019110644,Hoàng Anh Hùng,sv010644@uni.edu.vn
2020110645,Vũ Anh Hùng,sv010645@uni.edu.vn
2021110646,Đặng Anh Hùng,sv010646@uni.edu.vn
2022110647,Bùi Anh Hùng,sv010647@uni.edu.vn
2023110648,Đỗ Anh Hùng,sv010648@uni.edu.vn
2024110649,Hồ Anh Hùng,sv010649@uni.edu.vn
2019110650,Nguyễn Tuấn Hùng,sv010650@uni.edu.vn
2020110651,Trần Tuấn Hùng,sv010651@uni.edu.vn
2021110652,Lê Tuấn Hùng,sv010652@uni.edu.vn
2022110653,Phạm Tuấn Hùng,sv010653@uni.edu.vn
2023110654,Hoàng Tuấn Hùng,sv010654@uni.edu.vn
2024110655,Vũ Tuấn Hùng,sv010655@uni.edu.vn
2019110656,Đặng Tuấn Hùng,sv010656@uni.edu.vn
2020110657,Bùi Tuấn Hùng,sv010657@uni.edu.vn
2021110658,Đỗ Tuấn Hùng,sv010658@uni.edu.vn
2022110659,Hồ Tuấn Hùng,sv010659@uni.edu.vn
2023110660,Nguyễn Hữu Hùng,sv010660@uni.edu.vn
2024110661,Trần Hữu Hùng,sv010661@uni.edu.vn
2019110662,Lê Hữu Hùng,sv010662@uni.edu.vn
2020110663,Phạm Hữu Hùng,sv010663@uni.edu.vn
2021110664,Hoàng Hữu Hùng,sv010664@uni.edu.vn
2022110665,Vũ Hữu Hùng,sv010665@uni.edu.vn
2023110666,Đặng Hữu Hùng,sv010666@uni.edu.vn
2024110667,Bùi Hữu Hùng,sv010667@uni.edu.vn
2019110668,Đỗ Hữu Hùng,sv010668@uni.edu.vn
2020110669,Hồ Hữu Hùng,sv010669@uni.edu.vn
2021110670,Nguyễn Thành Hùng,sv010670@uni.edu.vn
2022110671,Trần Thành Hùng,sv010671@uni.edu.vn
2023110672,Lê Thành Hùng,sv010672@uni.edu.vn
2024110673,Phạm Thành Hùng,sv010673@uni.edu.vn
2019110674,Hoàng Thành Hùng,sv010674@uni.edu.vn
2020110675,Vũ Thành Hùng,sv010675@uni.edu.vn
2021110676,Đặng Thành Hùng,sv010676@uni.edu.vn
2022110677,Bùi Thành Hùng,sv010677@uni.edu.vn
2023110678,Đỗ Thành Hùng,sv010678@uni.edu.vn
2024110679,Hồ Thành Hùng,sv010679@uni.edu.vn
2019110680,Nguyễn Ngọc Hùng,sv010680@uni.edu.vn
2020110681,Trần Ngọc Hùng,sv010681@uni.edu.vn
2021110682,Lê Ngọc Hùng,sv010682@uni.edu.vn
2022110683,Phạm Ngọc Hùng,sv010683@uni.edu.vn
2023110684,Hoàng Ngọc Hùng,sv010684@uni.edu.vn
2024110685,Vũ Ngọc Hùng,sv010685@uni.edu.vn
2019110686,Đặng Ngọc Hùng,sv010686@uni.edu.vn
2020110687,Bùi Ngọc Hùng,sv010687@uni.edu.vn
2021110688,Đỗ Ngọc Hùng,sv010688@uni.edu.vn
2022110689,Hồ Ngọc Hùng,sv010689@uni.edu.vn
2023110690,Nguyễn Hùng,sv010690@uni.edu.vn
2024110691,Trần Hùng,sv010691@uni.edu.vn
2019110692,Lê Hùng,sv010692@uni.edu.vn
2020110693,Phạm Hùng,sv010693@uni.edu.vn
2021110694,Hoàng Hùng,sv010694@uni.edu.vn
2022110695,Vũ Hùng,sv010695@uni.edu.vn
2023110696,Đặng Hùng,sv010696@uni.edu.vn
2024110697,Bùi Hùng,sv010697@uni.edu.vn
2019110698,Đỗ Hùng,sv010698@uni.edu.vn
2020110699,Hồ Hùng,sv010699@uni.edu.vn
2021110700,Nguyễn Thị Khoa,sv010700@uni.edu.vn
2022110701,Trần Thị Khoa,sv010701@uni.edu.vn
2023110702,Lê Thị Khoa,sv010702@uni.edu.vn
2024110703,Phạm Thị Khoa,sv010703@uni.edu.vn
2019110704,Hoàng Thị Khoa,sv010704@uni.edu.vn
2020110705,Vũ Thị Khoa,sv010705@uni.edu.vn
2021110706,Đặng Thị Khoa,sv010706@uni.edu.vn
2022110707,Bùi Thị Khoa,sv010707@uni.edu.vn
2023110708,Đỗ Thị Khoa,sv010708@uni.edu.vn
2024110709,Hồ Thị Khoa,sv010709@uni.edu.vn
2019110710,Nguyễn Văn Khoa,sv010710@uni.edu.vn
2020110711,Trần Văn Khoa,sv010711@uni.edu.vn
2021110712,Lê Văn Khoa,sv010712@uni.edu.vn
2022110713,Phạm Văn Khoa,sv010713@uni.edu.vn
2023110714,Hoàng Văn Khoa,sv010714@uni.edu.vn
2024110715,Vũ Văn Khoa,sv010715@uni.edu.vn
2019110716,Đặng Văn Khoa,sv010716@uni.edu.vn
2020110717,Bùi Văn Khoa,sv010717@uni.edu.vn
2021110718,Đỗ Văn Khoa,sv010718@uni.edu.vn
2022110719,Hồ Văn Khoa,sv010719@uni.edu.vn
2023110720,Nguyễn Minh Khoa,sv010720@uni.edu.vn
2024110721,Trần Minh Khoa,sv010721@uni.edu.vn
2019110722,Lê Minh Khoa,sv010722@uni.edu.vn
2020110723,Phạm Minh Khoa,sv010723@uni.edu.vn
2021110724,Hoàng Minh Khoa,sv010724@uni.edu.vn
2022110725,Vũ Minh Khoa,sv010725@uni.edu.vn
2023110726,Đặng Minh Khoa,sv010726@uni.edu.vn
2024110727,Bùi Minh Khoa,sv010727@uni.edu.vn
2019110728,Đỗ Minh Khoa,sv010728@uni.edu.vn
2020110729,Hồ Minh Khoa,sv010729@uni.edu.vn
2021110730,Nguyễn Quốc Khoa,sv010730@uni.edu.vn
2022110731,Trần Quốc Khoa,sv010731@uni.edu.vn
2023110732,Lê Quốc Khoa,sv010732@uni.edu.vn
2024110733,Phạm Quốc Khoa,sv010733@uni.edu.vn
2019110734,Hoàng Quốc Khoa,sv010734@uni.edu.vn
2020110735,Vũ Quốc Khoa,sv010735@uni.edu.vn
2021110736,Đặng Quốc Khoa,sv010736@uni.edu.vn
2022110737,Bùi Quốc Khoa,sv010737@uni.edu.vn
2023110738,Đỗ Quốc Khoa,sv010738@uni.edu.vn
2024110739,Hồ Quốc Khoa,sv010739@uni.edu.vn
2019110740,Nguyễn Anh Khoa,sv010740@uni.edu.vn
2020110741,Trần Anh Khoa,sv010741@uni.edu.vn
2021110742,Lê Anh Khoa,sv010742@uni.edu.vn
2022110743,Phạm Anh Khoa,sv010743@uni.edu.vn
2023110744,Hoàng Anh Khoa,sv010744@uni.edu.vn
2024110745,Vũ Anh Khoa,sv010745@uni.edu.vn
2019110746,Đặng Anh Khoa,sv010746@uni.edu.vn
2020110747,Bùi Anh Khoa,sv010747@uni.edu.vn
2021110748,Đỗ Anh Khoa,sv010748@uni.edu.vn
2022110749,Hồ Anh Khoa,sv010749@uni.edu.vn
2023110750,Nguyễn Tuấn Khoa,sv010750@uni.edu.vn
2024110751,Trần Tuấn Khoa,sv010751@uni.edu.vn
2019110752,Lê Tuấn Khoa,sv010752@uni.edu.vn
2020110753,Phạm Tuấn Khoa,sv010753@uni.edu.vn
2021110754,Hoàng Tuấn Khoa,sv010754@uni.edu.vn
2022110755,Vũ Tuấn Khoa,sv010755@uni.edu.vn
2023110756,Đặng Tuấn Khoa,sv010756@uni.edu.vn
2024110757,Bùi Tuấn Khoa,sv010757@uni.edu.vn
2019110758,Đỗ Tuấn Khoa,sv010758@uni.edu.vn
2020110759,Hồ Tuấn Khoa,sv010759@uni.edu.vn
2021110760,Nguyễn Hữu Khoa,sv010760@uni.edu.vn
2022110761,Trần Hữu Khoa,sv010761@uni.edu.vn
2023110762,Lê Hữu Khoa,sv010762@uni.edu.vn
2024110763,Phạm Hữu Khoa,sv010763@uni.edu.vn
2019110764,Hoàng Hữu Khoa,sv010764@uni.edu.vn
2020110765,Vũ Hữu Khoa,sv010765@uni.edu.vn
2021110766,Đặng Hữu Khoa,sv010766@uni.edu.vn
2022110767,Bùi Hữu Khoa,sv010767@uni.edu.vn
2023110768,Đỗ Hữu Khoa,sv010768@uni.edu.vn
2024110769,Hồ Hữu Khoa,sv010769@uni.edu.vn
2019110770,Nguyễn Thành Khoa,sv010770@uni.edu.vn
2020110771,Trần Thành Khoa,sv010771@uni.edu.vn
2021110772,Lê Thành Khoa,sv010772@uni.edu.vn
2022110773,Phạm Thành Khoa,sv010773@uni.edu.vn
2023110774,Hoàng Thành Khoa,sv010774@uni.edu.vn
2024110775,Vũ Thành Khoa,sv010775@uni.edu.vn
2019110776,Đặng Thành Khoa,sv010776@uni.edu.vn
2020110777,Bùi Thành Khoa,sv010777@uni.edu.vn
2021110778,Đỗ Thành Khoa,sv010778@uni.edu.vn
2022110779,Hồ Thành Khoa,sv010779@uni.edu.vn
2023110780,Nguyễn Ngọc Khoa,sv010780@uni.edu.vn
2024110781,Trần Ngọc Khoa,sv010781@uni.edu.vn
2019110782,Lê Ngọc Khoa,sv010782@uni.edu.vn
2020110783,Phạm Ngọc Khoa,sv010783@uni.edu.vn
2021110784,Hoàng Ngọc Khoa,sv010784@uni.edu.vn
2022110785,Vũ Ngọc Khoa,sv010785@uni.edu.vn
2023110786,Đặng Ngọc Khoa,sv010786@uni.edu.vn
2024110787,Bùi Ngọc Khoa,sv010787@uni.edu.vn
2019110788,Đỗ Ngọc Khoa,sv010788@uni.edu.vn
2020110789,Hồ Ngọc Khoa,sv010789@uni.edu.vn
2021110790,Nguyễn Khoa,sv010790@uni.edu.vn
2022110791,Trần Khoa,sv010791@uni.edu.vn
2023110792,Lê Khoa,sv010792@uni.edu.vn
2024110793,Phạm Khoa,sv010793@uni.edu.vn
2019110794,Hoàng Khoa,sv010794@uni.edu.vn
2020110795,Vũ Khoa,sv010795@uni.edu.vn
2021110796,Đặng Khoa,sv010796@uni.edu.vn
2022110797,Bùi Khoa,sv010797@uni.edu.vn
2023110798,Đỗ Khoa,sv010798@uni.edu.vn
2024110799,Hồ Khoa,sv010799@uni.edu.vn
2019110800,Nguyễn Thị Lan,sv010800@uni.edu.vn
2020110801,Trần Thị Lan,sv010801@uni.edu.vn
2021110802,Lê Thị Lan,sv010802@uni.edu.vn
2022110803,Phạm Thị Lan,sv010803@uni.edu.vn
2023110804,Hoàng Thị Lan,sv010804@uni.edu.vn
2024110805,Vũ Thị Lan,sv010805@uni.edu.vn
2019110806,Đặng Thị Lan,sv010806@uni.edu.vn
2020110807,Bùi Thị Lan,sv010807@uni.edu.vn
2021110808,Đỗ Thị Lan,sv010808@uni.edu.vn
2022110809,Hồ Thị Lan,sv010809@uni.edu.vn
2023110810,Nguyễn Văn Lan,sv010810@uni.edu.vn
2024110811,Trần Văn Lan,sv010811@uni.edu.vn
2019110812,Lê Văn Lan,sv010812@uni.edu.vn
2020110813,Phạm Văn Lan,sv010813@uni.edu.vn
2021110814,Hoàng Văn Lan,sv010814@uni.edu.vn
2022110815,Vũ Văn Lan,sv010815@uni.edu.vn
2023110816,Đặng Văn Lan,sv010816@uni.edu.vn
2024110817,Bùi Văn Lan,sv010817@uni.edu.vn
2019110818,Đỗ Văn Lan,sv010818@uni.edu.vn
2020110819,Hồ Văn Lan,sv010819@uni.edu.vn
2021110820,Nguyễn Minh Lan,sv010820@uni.edu.vn
2022110821,Trần Minh Lan,sv010821@uni.edu.vn
2023110822,Lê Minh Lan,sv010822@uni.edu.vn
2024110823,Phạm Minh Lan,sv010823@uni.edu.vn
2019110824,Hoàng Minh Lan,sv010824@uni.edu.vn
2020110825,Vũ Minh Lan,sv010825@uni.edu.vn
2021110826,Đặng Minh Lan,sv010826@uni.edu.vn
2022110827,Bùi Minh Lan,sv010827@uni.edu.vn
2023110828,Đỗ Minh Lan,sv010828@uni.edu.vn
2024110829,Hồ Minh Lan,sv010829@uni.edu.vn
2019110830,Nguyễn Quốc Lan,sv010830@uni.edu.vn
2020110831,Trần Quốc Lan,sv010831@uni.edu.vn
2021110832,Lê Quốc Lan,sv010832@uni.edu.vn
2022110833,Phạm Quốc Lan,sv010833@uni.edu.vn
2023110834,Hoàng Quốc Lan,sv010834@uni.edu.vn
2024110835,Vũ Quốc Lan,sv010835@uni.edu.vn
2019110836,Đặng Quốc Lan,sv010836@uni.edu.vn
2020110837,Bùi Quốc Lan,sv010837@uni.edu.vn
2021110838,Đỗ Quốc Lan,sv010838@uni.edu.vn
2022110839,Hồ Quốc Lan,sv010839@uni.edu.vn
2023110840,Nguyễn Anh Lan,sv010840@uni.edu.vn
2024110841,Trần Anh Lan,sv010841@uni.edu.vn
2019110842,Lê Anh Lan,sv010842@uni.edu.vn
2020110843,Phạm Anh Lan,sv010843@uni.edu.vn
2021110844,Hoàng Anh Lan,sv010844@uni.edu.vn
2022110845,Vũ Anh Lan,sv010845@uni.edu.vn
2023110846,Đặng Anh Lan,sv010846@uni.edu.vn
2024110847,Bùi Anh Lan,sv010847@uni.edu.vn
2019110848,Đỗ Anh Lan,sv010848@uni.edu.vn
2020110849,Hồ Anh Lan,sv010849@uni.edu.vn
2021110850,Nguyễn Tuấn Lan,sv010850@uni.edu.vn
2022110851,Trần Tuấn Lan,sv010851@uni.edu.vn
2023110852,Lê Tuấn Lan,sv010852@uni.edu.vn
2024110853,Phạm Tuấn Lan,sv010853@uni.edu.vn
2019110854,Hoàng Tuấn Lan,sv010854@uni.edu.vn
2020110855,Vũ Tuấn Lan,sv010855@uni.edu.vn
2021110856,Đặng Tuấn Lan,sv010856@uni.edu.vn
2022110857,Bùi Tuấn Lan,sv010857@uni.edu.vn
2023110858,Đỗ Tuấn Lan,sv010858@uni.edu.vn
2024110859,Hồ Tuấn Lan,sv010859@uni.edu.vn
2019110860,Nguyễn Hữu Lan,sv010860@uni.edu.vn
2020110861,Trần Hữu Lan,sv010861@uni.edu.vn
2021110862,Lê Hữu Lan,sv010862@uni.edu.vn
2022110863,Phạm Hữu Lan,sv010863@uni.edu.vn
2023110864,Hoàng Hữu Lan,sv010864@uni.edu.vn
2024110865,Vũ Hữu Lan,sv010865@uni.edu.vn
2019110866,Đặng Hữu Lan,sv010866@uni.edu.vn
2020110867,Bùi Hữu Lan,sv010867@uni.edu.vn
2021110868,Đỗ Hữu Lan,sv010868@uni.edu.vn
2022110869,Hồ Hữu Lan,sv010869@uni.edu.vn
2023110870,Nguyễn Thành Lan,sv010870@uni.edu.vn
2024110871,Trần Thành Lan,sv010871@uni.edu.vn
2019110872,Lê Thành Lan,sv010872@uni.edu.vn
2020110873,Phạm Thành Lan,sv010873@uni.edu.vn
2021110874,Hoàng Thành Lan,sv010874@uni.edu.vn
2022110875,Vũ Thành Lan,sv010875@uni.edu.vn
2023110876,Đặng Thành Lan,sv010876@uni.edu.vn
2024110877,Bùi Thành Lan,sv010877@uni.edu.vn
2019110878,Đỗ Thành Lan,sv010878@uni.edu.vn
2020110879,Hồ Thành Lan,sv010879@uni.edu.vn
2021110880,Nguyễn Ngọc Lan,sv010880@uni.edu.vn
2022110881,Trần Ngọc Lan,sv010881@uni.edu.vn
2023110882,Lê Ngọc Lan,sv010882@uni.edu.vn
2024110883,Phạm Ngọc Lan,sv010883@uni.edu.vn
2019110884,Hoàng Ngọc Lan,sv010884@uni.edu.vn
2020110885,Vũ Ngọc Lan,sv010885@uni.edu.vn
2021110886,Đặng Ngọc Lan,sv010886@uni.edu.vn
2022110887,Bùi Ngọc Lan,sv010887@uni.edu.vn
2023110888,Đỗ Ngọc Lan,sv010888@uni.edu.vn
2024110889,Hồ Ngọc Lan,sv010889@uni.edu.vn
2019110890,Nguyễn Lan,sv010890@uni.edu.vn
2020110891,Trần Lan,sv010891@uni.edu.vn
2021110892,Lê Lan,sv010892@uni.edu.vn
2022110893,Phạm Lan,sv010893@uni.edu.vn
2023110894,Hoàng Lan,sv010894@uni.edu.vn
2024110895,Vũ Lan,sv010895@uni.edu.vn
2019110896,Đặng Lan,sv010896@uni.edu.vn
2020110897,Bùi Lan,sv010897@uni.edu.vn
2021110898,Đỗ Lan,sv010898@uni.edu.vn
2022110899,Hồ Lan,sv010899@uni.edu.vn
2023110900,Nguyễn Thị Linh,sv010900@uni.edu.vn
2024110901,Trần Thị Linh,sv010901@uni.edu.vn
2019110902,Lê Thị Linh,sv010902@uni.edu.vn
2020110903,Phạm Thị Linh,sv010903@uni.edu.vn
2021110904,Hoàng Thị Linh,sv010904@uni.edu.vn
2022110905,Vũ Thị Linh,sv010905@uni.edu.vn
2023110906,Đặng Thị Linh,sv010906@uni.edu.vn
2024110907,Bùi Thị Linh,sv010907@uni.edu.vn
2019110908,Đỗ Thị Linh,sv010908@uni.edu.vn
2020110909,Hồ Thị Linh,sv010909@uni.edu.vn
2021110910,Nguyễn Văn Linh,sv010910@uni.edu.vn
2022110911,Trần Văn Linh,sv010911@uni.edu.vn
2023110912,Lê Văn Linh,sv010912@uni.edu.vn
2024110913,Phạm Văn Linh,sv010913@uni.edu.vn
2019110914,Hoàng Văn Linh,sv010914@uni.edu.vn
2020110915,Vũ Văn Linh,sv010915@uni.edu.vn
2021110916,Đặng Văn Linh,sv010916@uni.edu.vn
2022110917,Bùi Văn Linh,sv010917@uni.edu.vn
2023110918,Đỗ Văn Linh,sv010918@uni.edu.vn
2024110919,Hồ Văn Linh,sv010919@uni.edu.vn
2019110920,Nguyễn Minh Linh,sv010920@uni.edu.vn
2020110921,Trần Minh Linh,sv010921@uni.edu.vn
2021110922,Lê Minh Linh,sv010922@uni.edu.vn
2022110923,Phạm Minh Linh,sv010923@uni.edu.vn
2023110924,Hoàng Minh Linh,sv010924@uni.edu.vn
2024110925,Vũ Minh Linh,sv010925@uni.edu.vn
2019110926,Đặng Minh Linh,sv010926@uni.edu.vn
2020110927,Bùi Minh Linh,sv010927@uni.edu.vn
2021110928,Đỗ Minh Linh,sv010928@uni.edu.vn
2022110929,Hồ Minh Linh,sv010929@uni.edu.vn
2023110930,Nguyễn Quốc Linh,sv010930@uni.edu.vn
2024110931,Trần Quốc Linh,sv010931@uni.edu.vn
2019110932,Lê Quốc Linh,sv010932@uni.edu.vn
2020110933,Phạm Quốc Linh,sv010933@uni.edu.vn
2021110934,Hoàng Quốc Linh,sv010934@uni.edu.vn
2022110935,Vũ Quốc Linh,sv010935@uni.edu.vn
2023110936,Đặng Quốc Linh,sv010936@uni.edu.vn
2024110937,Bùi Quốc Linh,sv010937@uni.edu.vn
2019110938,Đỗ Quốc Linh,sv010938@uni.edu.vn
2020110939,Hồ Quốc Linh,sv010939@uni.edu.vn
2021110940,Nguyễn Anh Linh,sv010940@uni.edu.vn
2022110941,Trần Anh Linh,sv010941@uni.edu.vn
2023110942,Lê Anh Linh,sv010942@uni.edu.vn
2024110943,Phạm Anh Linh,sv010943@uni.edu.vn
2019110944,Hoàng Anh Linh,sv010944@uni.edu.vn
2020110945,Vũ Anh Linh,sv010945@uni.edu.vn
2021110946,Đặng Anh Linh,sv010946@uni.edu.vn
2022110947,Bùi Anh Linh,sv010947@uni.edu.vn
2023110948,Đỗ Anh Linh,sv010948@uni.edu.vn
2024110949,Hồ Anh Linh,sv010949@uni.edu.vn
2019110950,Nguyễn Tuấn Linh,sv010950@uni.edu.vn
2020110951,Trần Tuấn Linh,sv010951@uni.edu.vn
2021110952,Lê Tuấn Linh,sv010952@uni.edu.vn
2022110953,Phạm Tuấn Linh,sv010953@uni.edu.vn
2023110954,Hoàng Tuấn Linh,sv010954@uni.edu.vn
2024110955,Vũ Tuấn Linh,sv010955@uni.edu.vn
2019110956,Đặng Tuấn Linh,sv010956@uni.edu.vn
2020110957,Bùi Tuấn Linh,sv010957@uni.edu.vn
2021110958,Đỗ Tuấn Linh,sv010958@uni.edu.vn
2022110959,Hồ Tuấn Linh,sv010959@uni.edu.vn
2023110960,Nguyễn Hữu Linh,sv010960@uni.edu.vn
2024110961,Trần Hữu Linh,sv010961@uni.edu.vn
2019110962,Lê Hữu Linh,sv010962@uni.edu.vn
2020110963,Phạm Hữu Linh,sv010963@uni.edu.vn
2021110964,Hoàng Hữu Linh,sv010964@uni.edu.vn
2022110965,Vũ Hữu Linh,sv010965@uni.edu.vn
2023110966,Đặng Hữu Linh,sv010966@uni.edu.vn
2024110967,Bùi Hữu Linh,sv010967@uni.edu.vn
2019110968,Đỗ Hữu Linh,sv010968@uni.edu.vn
2020110969,Hồ Hữu Linh,sv010969@uni.edu.vn
2021110970,Nguyễn Thành Linh,sv010970@uni.edu.vn
2022110971,Trần Thành Linh,sv010971@uni.edu.vn
2023110972,Lê Thành Linh,sv010972@uni.edu.vn
2024110973,Phạm Thành Linh,sv010973@uni.edu.vn
2019110974,Hoàng Thành Linh,sv010974@uni.edu.vn
2020110975,Vũ Thành Linh,sv010975@uni.edu.vn
2021110976,Đặng Thành Linh,sv010976@uni.edu.vn
2022110977,Bùi Thành Linh,sv010977@uni.edu.vn
2023110978,Đỗ Thành Linh,sv010978@uni.edu.vn
2024110979,Hồ Thành Linh,sv010979@uni.edu.vn
2019110980,Nguyễn Ngọc Linh,sv010980@uni.edu.vn
2020110981,Trần Ngọc Linh,sv010981@uni.edu.vn
2021110982,Lê Ngọc Linh,sv010982@uni.edu.vn
2022110983,Phạm Ngọc Linh,sv010983@uni.edu.vn
2023110984,Hoàng Ngọc Linh,sv010984@uni.edu.vn
2024110985,Vũ Ngọc Linh,sv010985@uni.edu.vn
2019110986,Đặng Ngọc Linh,sv010986@uni.edu.vn
2020110987,Bùi Ngọc Linh,sv010987@uni.edu.vn
2021110988,Đỗ Ngọc Linh,sv010988@uni.edu.vn
2022110989,Hồ Ngọc Linh,sv010989@uni.edu.vn
2023110990,Nguyễn Linh,sv010990@uni.edu.vn
2024110991,Trần Linh,sv010991@uni.edu.vn
2019110992,Lê Linh,sv010992@uni.edu.vn
2020110993,Phạm Linh,sv010993@uni.edu.vn
2021110994,Hoàng Linh,sv010994@uni.edu.vn
2022110995,Vũ Linh,sv010995@uni.edu.vn
2023110996,Đặng Linh,sv010996@uni.edu.vn
2024110997,Bùi Linh,sv010997@uni.edu.vn
2019110998,Đỗ Linh,sv010998@uni.edu.vn
2020110999,Hồ Linh,sv010999@uni.edu.vn
2021111000,Nguyễn Thị Mai,sv011000@uni.edu.vn
2022111001,Trần Thị Mai,sv011001@uni.edu.vn
2023111002,Lê Thị Mai,sv011002@uni.edu.vn
2024111003,Phạm Thị Mai,sv011003@uni.edu.vn
2019111004,Hoàng Thị Mai,sv011004@uni.edu.vn
2020111005,Vũ Thị Mai,sv011005@uni.edu.vn
2021111006,Đặng Thị Mai,sv011006@uni.edu.vn
2022111007,Bùi Thị Mai,sv011007@uni.edu.vn
2023111008,Đỗ Thị Mai,sv011008@uni.edu.vn
2024111009,Hồ Thị Mai,sv011009@uni.edu.vn
2019111010,Nguyễn Văn Mai,sv011010@uni.edu.vn
2020111011,Trần Văn Mai,sv011011@uni.edu.vn
2021111012,Lê Văn Mai,sv011012@uni.edu.vn
2022111013,Phạm Văn Mai,sv011013@uni.edu.vn
2023111014,Hoàng Văn Mai,sv011014@uni.edu.vn
2024111015,Vũ Văn Mai,sv011015@uni.edu.vn
2019111016,Đặng Văn Mai,sv011016@uni.edu.vn
2020111017,Bùi Văn Mai,sv011017@uni.edu.vn
2021111018,Đỗ Văn Mai,sv011018@uni.edu.vn
2022111019,Hồ Văn Mai,sv011019@uni.edu.vn
2023111020,Nguyễn Minh Mai,sv011020@uni.edu.vn
2024111021,Trần Minh Mai,sv011021@uni.edu.vn
2019111022,Lê Minh Mai,sv011022@uni.edu.vn
2020111023,Phạm Minh Mai,sv011023@uni.edu.vn
2021111024,Hoàng Minh Mai,sv011024@uni.edu.vn
2022111025,Vũ Minh Mai,sv011025@uni.edu.vn
2023111026,Đặng Minh Mai,sv011026@uni.edu.vn
2024111027,Bùi Minh Mai,sv011027@uni.edu.vn
2019111028,Đỗ Minh Mai,sv011028@uni.edu.vn
2020111029,Hồ Minh Mai,sv011029@uni.edu.vn
2021111030,Nguyễn Quốc Mai,sv011030@uni.edu.vn
2022111031,Trần Quốc Mai,sv011031@uni.edu.vn
2023111032,Lê Quốc Mai,sv011032@uni.edu.vn
2024111033,Phạm Quốc Mai,sv011033@uni.edu.vn
2019111034,Hoàng Quốc Mai,sv011034@uni.edu.vn
2020111035,Vũ Quốc Mai,sv011035@uni.edu.vn
2021111036,Đặng Quốc Mai,sv011036@uni.edu.vn
2022111037,Bùi Quốc Mai,sv011037@uni.edu.vn
2023111038,Đỗ Quốc Mai,sv011038@uni.edu.vn
2024111039,Hồ Quốc Mai,sv011039@uni.edu.vn
2019111040,Nguyễn Anh Mai,sv011040@uni.edu.vn
2020111041,Trần Anh Mai,sv011041@uni.edu.vn
2021111042,Lê Anh Mai,sv011042@uni.edu.vn
2022111043,Phạm Anh Mai,sv011043@uni.edu.vn
2023111044,Hoàng Anh Mai,sv011044@uni.edu.vn
2024111045,Vũ Anh Mai,sv011045@uni.edu.vn
2019111046,Đặng Anh Mai,sv011046@uni.edu.vn
2020111047,Bùi Anh Mai,sv011047@uni.edu.vn
2021111048,Đỗ Anh Mai,sv011048@uni.edu.vn
2022111049,Hồ Anh Mai,sv011049@uni.edu.vn
2023111050,Nguyễn Tuấn Mai,sv011050@uni.edu.vn
2024111051,Trần Tuấn Mai,sv011051@uni.edu.vn
2019111052,Lê Tuấn Mai,sv011052@uni.edu.vn
2020111053,Phạm Tuấn Mai,sv011053@uni.edu.vn
2021111054,Hoàng Tuấn Mai,sv011054@uni.edu.vn
2022111055,Vũ Tuấn Mai,sv011055@uni.edu.vn
2023111056,Đặng Tuấn Mai,sv011056@uni.edu.vn
2024111057,Bùi Tuấn Mai,sv011057@uni.edu.vn
2019111058,Đỗ Tuấn Mai,sv011058@uni.edu.vn
2020111059,Hồ Tuấn Mai,sv011059@uni.edu.vn
2021111060,Nguyễn Hữu Mai,sv011060@uni.edu.vn
2022111061,Trần Hữu Mai,sv011061@uni.edu.vn
2023111062,Lê Hữu Mai,sv011062@uni.edu.vn
2024111063,Phạm Hữu Mai,sv011063@uni.edu.vn
2019111064,Hoàng Hữu Mai,sv011064@uni.edu.vn
2020111065,Vũ Hữu Mai,sv011065@uni.edu.vn
2021111066,Đặng Hữu Mai,sv011066@uni.edu.vn
2022111067,Bùi Hữu Mai,sv011067@uni.edu.vn
2023111068,Đỗ Hữu Mai,sv011068@uni.edu.vn
2024111069,Hồ Hữu Mai,sv011069@uni.edu.vn
2019111070,Nguyễn Thành Mai,sv011070@uni.edu.vn
2020111071,Trần Thành Mai,sv011071@uni.edu.vn
2021111072,Lê Thành Mai,sv011072@uni.edu.vn
2022111073,Phạm Thành Mai,sv011073@uni.edu.vn
2023111074,Hoàng Thành Mai,sv011074@uni.edu.vn
2024111075,Vũ Thành Mai,sv011075@uni.edu.vn
2019111076,Đặng Thành Mai,sv011076@uni.edu.vn
2020111077,Bùi Thành Mai,sv011077@uni.edu.vn
2021111078,Đỗ Thành Mai,sv011078@uni.edu.vn
2022111079,Hồ Thành Mai,sv011079@uni.edu.vn
2023111080,Nguyễn Ngọc Mai,sv011080@uni.edu.vn
2024111081,Trần Ngọc Mai,sv011081@uni.edu.vn
2019111082,Lê Ngọc Mai,sv011082@uni.edu.vn
2020111083,Phạm Ngọc Mai,sv011083@uni.edu.vn
2021111084,Hoàng Ngọc Mai,sv011084@uni.edu.vn
2022111085,Vũ Ngọc Mai,sv011085@uni.edu.vn
2023111086,Đặng Ngọc Mai,sv011086@uni.edu.vn
2024111087,Bùi Ngọc Mai,sv011087@uni.edu.vn
2019111088,Đỗ Ngọc Mai,sv011088@uni.edu.vn
2020111089,Hồ Ngọc Mai,sv011089@uni.edu.vn
2021111090,Nguyễn Mai,sv011090@uni.edu.vn
2022111091,Trần Mai,sv011091@uni.edu.vn
2023111092,Lê Mai,sv011092@uni.edu.vn
2024111093,Phạm Mai,sv011093@uni.edu.vn
2019111094,Hoàng Mai,sv011094@uni.edu.vn
2020111095,Vũ Mai,sv011095@uni.edu.vn
2021111096,Đặng Mai,sv011096@uni.edu.vn
2022111097,Bùi Mai,sv011097@uni.edu.vn
2023111098,Đỗ Mai,sv011098@uni.edu.vn
2024111099,Hồ Mai,sv011099@uni.edu.vn
2019111100,Nguyễn Thị Nam,sv011100@uni.edu.vn
2020111101,Trần Thị Nam,sv011101@uni.edu.vn
2021111102,Lê Thị Nam,sv011102@uni.edu.vn
2022111103,Phạm Thị Nam,sv011103@uni.edu.vn
2023111104,Hoàng Thị Nam,sv011104@uni.edu.vn
2024111105,Vũ Thị Nam,sv011105@uni.edu.vn
2019111106,Đặng Thị Nam,sv011106@uni.edu.vn
2020111107,Bùi Thị Nam,sv011107@uni.edu.vn
2021111108,Đỗ Thị Nam,sv011108@uni.edu.vn
2022111109,Hồ Thị Nam,sv011109@uni.edu.vn
2023111110,Nguyễn Văn Nam,sv011110@uni.edu.vn
2024111111,Trần Văn Nam,sv011111@uni.edu.vn
2019111112,Lê Văn Nam,sv011112@uni.edu.vn
2020111113,Phạm Văn Nam,sv011113@uni.edu.vn
2021111114,Hoàng Văn Nam,sv011114@uni.edu.vn
2022111115,Vũ Văn Nam,sv011115@uni.edu.vn
2023111116,Đặng Văn Nam,sv011116@uni.edu.vn
2024111117,Bùi Văn Nam,sv011117@uni.edu.vn
2019111118,Đỗ Văn Nam,sv011118@uni.edu.vn
2020111119,Hồ Văn Nam,sv011119@uni.edu.vn
2021111120,Nguyễn Minh Nam,sv011120@uni.edu.vn
2022111121,Trần Minh Nam,sv011121@uni.edu.vn
2023111122,Lê Minh Nam,sv011122@uni.edu.vn
2024111123,Phạm Minh Nam,sv011123@uni.edu.vn
2019111124,Hoàng Minh Nam,sv011124@uni.edu.vn
2020111125,Vũ Minh Nam,sv011125@uni.edu.vn
2021111126,Đặng Minh Nam,sv011126@uni.edu.vn
2022111127,Bùi Minh Nam,sv011127@uni.edu.vn
2023111128,Đỗ Minh Nam,sv011128@uni.edu.vn
2024111129,Hồ Minh Nam,sv011129@uni.edu.vn
2019111130,Nguyễn Quốc Nam,sv011130@uni.edu.vn
2020111131,Trần Quốc Nam,sv011131@uni.edu.vn
2021111132,Lê Quốc Nam,sv011132@uni.edu.vn
2022111133,Phạm Quốc Nam,sv011133@uni.edu.vn
2023111134,Hoàng Quốc Nam,sv011134@uni.edu.vn
2024111135,Vũ Quốc Nam,sv011135@uni.edu.vn
2019111136,Đặng Quốc Nam,sv011136@uni.edu.vn
2020111137,Bùi Quốc Nam,sv011137@uni.edu.vn
2021111138,Đỗ Quốc Nam,sv011138@uni.edu.vn
2022111139,Hồ Quốc Nam,sv011139@uni.edu.vn
2023111140,Nguyễn Anh Nam,sv011140@uni.edu.vn
2024111141,Trần Anh Nam,sv011141@uni.edu.vn
2019111142,Lê Anh Nam,sv011142@uni.edu.vn
2020111143,Phạm Anh Nam,sv011143@uni.edu.vn
2021111144,Hoàng Anh Nam,sv011144@uni.edu.vn
2022111145,Vũ Anh Nam,sv011145@uni.edu.vn
2023111146,Đặng Anh Nam,sv011146@uni.edu.vn
2024111147,Bùi Anh Nam,sv011147@uni.edu.vn
2019111148,Đỗ Anh Nam,sv011148@uni.edu.vn
2020111149,Hồ Anh Nam,sv011149@uni.edu.vn
2021111150,Nguyễn Tuấn Nam,sv011150@uni.edu.vn
2022111151,Trần Tuấn Nam,sv011151@uni.edu.vn
2023111152,Lê Tuấn Nam,sv011152@uni.edu.vn
2024111153,Phạm Tuấn Nam,sv011153@uni.edu.vn
2019111154,Hoàng Tuấn Nam,sv011154@uni.edu.vn
2020111155,Vũ Tuấn Nam,sv011155@uni.edu.vn
2021111156,Đặng Tuấn Nam,sv011156@uni.edu.vn
2022111157,Bùi Tuấn Nam,sv011157@uni.edu.vn
2023111158,Đỗ Tuấn Nam,sv011158@uni.edu.vn
2024111159,Hồ Tuấn Nam,sv011159@uni.edu.vn
2019111160,Nguyễn Hữu Nam,sv011160@uni.edu.vn
2020111161,Trần Hữu Nam,sv011161@uni.edu.vn
2021111162,Lê Hữu Nam,sv011162@uni.edu.vn
2022111163,Phạm Hữu Nam,sv011163@uni.edu.vn
2023111164,Hoàng Hữu Nam,sv011164@uni.edu.vn
2024111165,Vũ Hữu Nam,sv011165@uni.edu.vn
2019111166,Đặng Hữu Nam,sv011166@uni.edu.vn
2020111167,Bùi Hữu Nam,sv011167@uni.edu.vn
2021111168,Đỗ Hữu Nam,sv011168@uni.edu.vn
2022111169,Hồ Hữu Nam,sv011169@uni.edu.vn
2023111170,Nguyễn Thành Nam,sv011170@uni.edu.vn
2024111171,Trần Thành Nam,sv011171@uni.edu.vn
2019111172,Lê Thành Nam,sv011172@uni.edu.vn
2020111173,Phạm Thành Nam,sv011173@uni.edu.vn
2021111174,Hoàng Thành Nam,sv011174@uni.edu.vn
2022111175,Vũ Thành Nam,sv011175@uni.edu.vn
2023111176,Đặng Thành Nam,sv011176@uni.edu.vn
2024111177,Bùi Thành Nam,sv011177@uni.edu.vn
2019111178,Đỗ Thành Nam,sv011178@uni.edu.vn
2020111179,Hồ Thành Nam,sv011179@uni.edu.vn
2021111180,Nguyễn Ngọc Nam,sv011180@uni.edu.vn
2022111181,Trần Ngọc Nam,sv011181@uni.edu.vn
2023111182,Lê Ngọc Nam,sv011182@uni.edu.vn
2024111183,Phạm Ngọc Nam,sv011183@uni.edu.vn
2019111184,Hoàng Ngọc Nam,sv011184@uni.edu.vn
2020111185,Vũ Ngọc Nam,sv011185@uni.edu.vn
2021111186,Đặng Ngọc Nam,sv011186@uni.edu.vn
2022111187,Bùi Ngọc Nam,sv011187@uni.edu.vn
2023111188,Đỗ Ngọc Nam,sv011188@uni.edu.vn
2024111189,Hồ Ngọc Nam,sv011189@uni.edu.vn
2019111190,Nguyễn Nam,sv011190@uni.edu.vn
2020111191,Trần Nam,sv011191@uni.edu.vn
2021111192,Lê Nam,sv011192@uni.edu.vn
2022111193,Phạm Nam,sv011193@uni.edu.vn
2023111194,Hoàng Nam,sv011194@uni.edu.vn
2024111195,Vũ Nam,sv011195@uni.edu.vn
2019111196,Đặng Nam,sv011196@uni.edu.vn
2020111197,Bùi Nam,sv011197@uni.edu.vn
2021111198,Đỗ Nam,sv011198@uni.edu.vn
2022111199,Hồ Nam,sv011199@uni.edu.vn
2023111200,Nguyễn Thị Phong,sv011200@uni.edu.vn
2024111201,Trần Thị Phong,sv011201@uni.edu.vn
2019111202,Lê Thị Phong,sv011202@uni.edu.vn
2020111203,Phạm Thị Phong,sv011203@uni.edu.vn
2021111204,Hoàng Thị Phong,sv011204@uni.edu.vn
2022111205,Vũ Thị Phong,sv011205@uni.edu.vn
2023111206,Đặng Thị Phong,sv011206@uni.edu.vn
2024111207,Bùi Thị Phong,sv011207@uni.edu.vn
2019111208,Đỗ Thị Phong,sv011208@uni.edu.vn
2020111209,Hồ Thị Phong,sv011209@uni.edu.vn
2021111210,Nguyễn Văn Phong,sv011210@uni.edu.vn
2022111211,Trần Văn Phong,sv011211@uni.edu.vn
2023111212,Lê Văn Phong,sv011212@uni.edu.vn
2024111213,Phạm Văn Phong,sv011213@uni.edu.vn
2019111214,Hoàng Văn Phong,sv011214@uni.edu.vn
2020111215,Vũ Văn Phong,sv011215@uni.edu.vn
2021111216,Đặng Văn Phong,sv011216@uni.edu.vn
2022111217,Bùi Văn Phong,sv011217@uni.edu.vn
2023111218,Đỗ Văn Phong,sv011218@uni.edu.vn
2024111219,Hồ Văn Phong,sv011219@uni.edu.vn
2019111220,Nguyễn Minh Phong,sv011220@uni.edu.vn
2020111221,Trần Minh Phong,sv011221@uni.edu.vn
2021111222,Lê Minh Phong,sv011222@uni.edu.vn
2022111223,Phạm Minh Phong,sv011223@uni.edu.vn
2023111224,Hoàng Minh Phong,sv011224@uni.edu.vn
2024111225,Vũ Minh Phong,sv011225@uni.edu.vn
2019111226,Đặng Minh Phong,sv011226@uni.edu.vn
2020111227,Bùi Minh Phong,sv011227@uni.edu.vn
2021111228,Đỗ Minh Phong,sv011228@uni.edu.vn
2022111229,Hồ Minh Phong,sv011229@uni.edu.vn
2023111230,Nguyễn Quốc Phong,sv011230@uni.edu.vn
2024111231,Trần Quốc Phong,sv011231@uni.edu.vn
2019111232,Lê Quốc Phong,sv011232@uni.edu.vn
2020111233,Phạm Quốc Phong,sv011233@uni.edu.vn
2021111234,Hoàng Quốc Phong,sv011234@uni.edu.vn
2022111235,Vũ Quốc Phong,sv011235@uni.edu.vn
2023111236,Đặng Quốc Phong,sv011236@uni.edu.vn
2024111237,Bùi Quốc Phong,sv011237@uni.edu.vn
2019111238,Đỗ Quốc Phong,sv011238@uni.edu.vn
2020111239,Hồ Quốc Phong,sv011239@uni.edu.vn
2021111240,Nguyễn Anh Phong,sv011240@uni.edu.vn
2022111241,Trần Anh Phong,sv011241@uni.edu.vn
2023111242,Lê Anh Phong,sv011242@uni.edu.vn
2024111243,Phạm Anh Phong,sv011243@uni.edu.vn
2019111244,Hoàng Anh Phong,sv011244@uni.edu.vn
2020111245,Vũ Anh Phong,sv011245@uni.edu.vn
2021111246,Đặng Anh Phong,sv011246@uni.edu.vn
2022111247,Bùi Anh Phong,sv011247@uni.edu.vn
2023111248,Đỗ Anh Phong,sv011248@uni.edu.vn
2024111249,Hồ Anh Phong,sv011249@uni.edu.vn
2019111250,Nguyễn Tuấn Phong,sv011250@uni.edu.vn
2020111251,Trần Tuấn Phong,sv011251@uni.edu.vn
2021111252,Lê Tuấn Phong,sv011252@uni.edu.vn
2022111253,Phạm Tuấn Phong,sv011253@uni.edu.vn
2023111254,Hoàng Tuấn Phong,sv011254@uni.edu.vn
2024111255,Vũ Tuấn Phong,sv011255@uni.edu.vn
2019111256,Đặng Tuấn Phong,sv011256@uni.edu.vn
2020111257,Bùi Tuấn Phong,sv011257@uni.edu.vn
2021111258,Đỗ Tuấn Phong,sv011258@uni.edu.vn
2022111259,Hồ Tuấn Phong,sv011259@uni.edu.vn
2023111260,Nguyễn Hữu Phong,sv011260@uni.edu.vn
2024111261,Trần Hữu Phong,sv011261@uni.edu.vn
2019111262,Lê Hữu Phong,sv011262@uni.edu.vn
2020111263,Phạm Hữu Phong,sv011263@uni.edu.vn
2021111264,Hoàng Hữu Phong,sv011264@uni.edu.vn
2022111265,Vũ Hữu Phong,sv011265@uni.edu.vn
2023111266,Đặng Hữu Phong,sv011266@uni.edu.vn
2024111267,Bùi Hữu Phong,sv011267@uni.edu.vn
2019111268,Đỗ Hữu Phong,sv011268@uni.edu.vn
2020111269,Hồ Hữu Phong,sv011269@uni.edu.vn
2021111270,Nguyễn Thành Phong,sv011270@uni.edu.vn
2022111271,Trần Thành Phong,sv011271@uni.edu.vn
2023111272,Lê Thành Phong,sv011272@uni.edu.vn
2024111273,Phạm Thành Phong,sv011273@uni.edu.vn
2019111274,Hoàng Thành Phong,sv011274@uni.edu.vn
2020111275,Vũ Thành Phong,sv011275@uni.edu.vn
2021111276,Đặng Thành Phong,sv011276@uni.edu.vn
2022111277,Bùi Thành Phong,sv011277@uni.edu.vn
2023111278,Đỗ Thành Phong,sv011278@uni.edu.vn
2024111279,Hồ Thành Phong,sv011279@uni.edu.vn
2019111280,Nguyễn Ngọc Phong,sv011280@uni.edu.vn
2020111281,Trần Ngọc Phong,sv011281@uni.edu.vn
2021111282,Lê Ngọc Phong,sv011282@uni.edu.vn
2022111283,Phạm Ngọc Phong,sv011283@uni.edu.vn
2023111284,Hoàng Ngọc Phong,sv011284@uni.edu.vn
2024111285,Vũ Ngọc Phong,sv011285@uni.edu.vn
2019111286,Đặng Ngọc Phong,sv011286@uni.edu.vn
2020111287,Bùi Ngọc Phong,sv011287@uni.edu.vn
2021111288,Đỗ Ngọc Phong,sv011288@uni.edu.vn
2022111289,Hồ Ngọc Phong,sv011289@uni.edu.vn
2023111290,Nguyễn Phong,sv011290@uni.edu.vn
2024111291,Trần Phong,sv011291@uni.edu.vn
2019111292,Lê Phong,sv011292@uni.edu.vn
2020111293,Phạm Phong,sv011293@uni.edu.vn
2021111294,Hoàng Phong,sv011294@uni.edu.vn
2022111295,Vũ Phong,sv011295@uni.edu.vn
2023111296,Đặng Phong,sv011296@uni.edu.vn
2024111297,Bùi Phong,sv011297@uni.edu.vn
2019111298,Đỗ Phong,sv011298@uni.edu.vn
2020111299,Hồ Phong,sv011299@uni.edu.vn
2021111300,Nguyễn Thị Quân,sv011300@uni.edu.vn
2022111301,Trần Thị Quân,sv011301@uni.edu.vn
2023111302,Lê Thị Quân,sv011302@uni.edu.vn
2024111303,Phạm Thị Quân,sv011303@uni.edu.vn
2019111304,Hoàng Thị Quân,sv011304@uni.edu.vn
2020111305,Vũ Thị Quân,sv011305@uni.edu.vn
2021111306,Đặng Thị Quân,sv011306@uni.edu.vn
2022111307,Bùi Thị Quân,sv011307@uni.edu.vn
2023111308,Đỗ Thị Quân,sv011308@uni.edu.vn
2024111309,Hồ Thị Quân,sv011309@uni.edu.vn
2019111310,Nguyễn Văn Quân,sv011310@uni.edu.vn
2020111311,Trần Văn Quân,sv011311@uni.edu.vn
2021111312,Lê Văn Quân,sv011312@uni.edu.vn
2022111313,Phạm Văn Quân,sv011313@uni.edu.vn
2023111314,Hoàng Văn Quân,sv011314@uni.edu.vn
2024111315,Vũ Văn Quân,sv011315@uni.edu.vn
2019111316,Đặng Văn Quân,sv011316@uni.edu.vn
2020111317,Bùi Văn Quân,sv011317@uni.edu.vn
2021111318,Đỗ Văn Quân,sv011318@uni.edu.vn
2022111319,Hồ Văn Quân,sv011319@uni.edu.vn
2023111320,Nguyễn Minh Quân,sv011320@uni.edu.vn
2024111321,Trần Minh Quân,sv011321@uni.edu.vn
2019111322,Lê Minh Quân,sv011322@uni.edu.vn
2020111323,Phạm Minh Quân,sv011323@uni.edu.vn
2021111324,Hoàng Minh Quân,sv011324@uni.edu.vn
2022111325,Vũ Minh Quân,sv011325@uni.edu.vn
2023111326,Đặng Minh Quân,sv011326@uni.edu.vn
2024111327,Bùi Minh Quân,sv011327@uni.edu.vn
2019111328,Đỗ Minh Quân,sv011328@uni.edu.vn
2020111329,Hồ Minh Quân,sv011329@uni.edu.vn
2021111330,Nguyễn Quốc Quân,sv011330@uni.edu.vn
2022111331,Trần Quốc Quân,sv011331@uni.edu.vn
2023111332,Lê Quốc Quân,sv011332@uni.edu.vn
2024111333,Phạm Quốc Quân,sv011333@uni.edu.vn
2019111334,Hoàng Quốc Quân,sv011334@uni.edu.vn
2020111335,Vũ Quốc Quân,sv011335@uni.edu.vn
2021111336,Đặng Quốc Quân,sv011336@uni.edu.vn
2022111337,Bùi Quốc Quân,sv011337@uni.edu.vn
2023111338,Đỗ Quốc Quân,sv011338@uni.edu.vn
2024111339,Hồ Quốc Quân,sv011339@uni.edu.vn
2019111340,Nguyễn Anh Quân,sv011340@uni.edu.vn
2020111341,Trần Anh Quân,sv011341@uni.edu.vn
2021111342,Lê Anh Quân,sv011342@uni.edu.vn
2022111343,Phạm Anh Quân,sv011343@uni.edu.vn
2023111344,Hoàng Anh Quân,sv011344@uni.edu.vn
2024111345,Vũ Anh Quân,sv011345@uni.edu.vn
2019111346,Đặng Anh Quân,sv011346@uni.edu.vn
2020111347,Bùi Anh Quân,sv011347@uni.edu.vn
2021111348,Đỗ Anh Quân,sv011348@uni.edu.vn
2022111349,Hồ Anh Quân,sv011349@uni.edu.vn
2023111350,Nguyễn Tuấn Quân,sv011350@uni.edu.vn
2024111351,Trần Tuấn Quân,sv011351@uni.edu.vn
2019111352,Lê Tuấn Quân,sv011352@uni.edu.vn
2020111353,Phạm Tuấn Quân,sv011353@uni.edu.vn
2021111354,Hoàng Tuấn Quân,sv011354@uni.edu.vn
2022111355,Vũ Tuấn Quân,sv011355@uni.edu.vn
2023111356,Đặng Tuấn Quân,sv011356@uni.edu.vn
2024111357,Bùi Tuấn Quân,sv011357@uni.edu.vn
2019111358,Đỗ Tuấn Quân,sv011358@uni.edu.vn
2020111359,Hồ Tuấn Quân,sv011359@uni.edu.vn
2021111360,Nguyễn Hữu Quân,sv011360@uni.edu.vn
2022111361,Trần Hữu Quân,sv011361@uni.edu.vn
2023111362,Lê Hữu Quân,sv011362@uni.edu.vn
2024111363,Phạm Hữu Quân,sv011363@uni.edu.vn
2019111364,Hoàng Hữu Quân,sv011364@uni.edu.vn
2020111365,Vũ Hữu Quân,sv011365@uni.edu.vn
2021111366,Đặng Hữu Quân,sv011366@uni.edu.vn
2022111367,Bùi Hữu Quân,sv011367@uni.edu.vn
2023111368,Đỗ Hữu Quân,sv011368@uni.edu.vn
2024111369,Hồ Hữu Quân,sv011369@uni.edu.vn
2019111370,Nguyễn Thành Quân,sv011370@uni.edu.vn
2020111371,Trần Thành Quân,sv011371@uni.edu.vn
2021111372,Lê Thành Quân,sv011372@uni.edu.vn
2022111373,Phạm Thành Quân,sv011373@uni.edu.vn
2023111374,Hoàng Thành Quân,sv011374@uni.edu.vn
2024111375,Vũ Thành Quân,sv011375@uni.edu.vn
2019111376,Đặng Thành Quân,sv011376@uni.edu.vn
2020111377,Bùi Thành Quân,sv011377@uni.edu.vn
2021111378,Đỗ Thành Quân,sv011378@uni.edu.vn
2022111379,Hồ Thành Quân,sv011379@uni.edu.vn
2023111380,Nguyễn Ngọc Quân,sv011380@uni.edu.vn
2024111381,Trần Ngọc Quân,sv011381@uni.edu.vn
2019111382,Lê Ngọc Quân,sv011382@uni.edu.vn
2020111383,Phạm Ngọc Quân,sv011383@uni.edu.vn
2021111384,Hoàng Ngọc Quân,sv011384@uni.edu.vn
2022111385,Vũ Ngọc Quân,sv011385@uni.edu.vn
2023111386,Đặng Ngọc Quân,sv011386@uni.edu.vn
2024111387,Bùi Ngọc Quân,sv011387@uni.edu.vn
2019111388,Đỗ Ngọc Quân,sv011388@uni.edu.vn
2020111389,Hồ Ngọc Quân,sv011389@uni.edu.vn
2021111390,Nguyễn Quân,sv011390@uni.edu.vn
2022111391,Trần Quân,sv011391@uni.edu.vn
2023111392,Lê Quân,sv011392@uni.edu.vn
2024111393,Phạm Quân,sv011393@uni.edu.vn
2019111394,Hoàng Quân,sv011394@uni.edu.vn
2020111395,Vũ Quân,sv011395@uni.edu.vn
2021111396,Đặng Quân,sv011396@uni.edu.vn
2022111397,Bùi Quân,sv011397@uni.edu.vn
2023111398,Đỗ Quân,sv011398@uni.edu.vn
2024111399,Hồ Quân,sv011399@uni.edu.vn
2019111400,Nguyễn Thị Sơn,sv011400@uni.edu.vn
2020111401,Trần Thị Sơn,sv011401@uni.edu.vn
2021111402,Lê Thị Sơn,sv011402@uni.edu.vn
2022111403,Phạm Thị Sơn,sv011403@uni.edu.vn
2023111404,Hoàng Thị Sơn,sv011404@uni.edu.vn
2024111405,Vũ Thị Sơn,sv011405@uni.edu.vn
2019111406,Đặng Thị Sơn,sv011406@uni.edu.vn
2020111407,Bùi Thị Sơn,sv011407@uni.edu.vn
2021111408,Đỗ Thị Sơn,sv011408@uni.edu.vn
2022111409,Hồ Thị Sơn,sv011409@uni.edu.vn
2023111410,Nguyễn Văn Sơn,sv011410@uni.edu.vn
2024111411,Trần Văn Sơn,sv011411@uni.edu.vn
2019111412,Lê Văn Sơn,sv011412@uni.edu.vn
2020111413,Phạm Văn Sơn,sv011413@uni.edu.vn
2021111414,Hoàng Văn Sơn,sv011414@uni.edu.vn
2022111415,Vũ Văn Sơn,sv011415@uni.edu.vn
2023111416,Đặng Văn Sơn,sv011416@uni.edu.vn
2024111417,Bùi Văn Sơn,sv011417@uni.edu.vn
2019111418,Đỗ Văn Sơn,sv011418@uni.edu.vn
2020111419,Hồ Văn Sơn,sv011419@uni.edu.vn
2021111420,Nguyễn Minh Sơn,sv011420@uni.edu.vn
2022111421,Trần Minh Sơn,sv011421@uni.edu.vn
2023111422,Lê Minh Sơn,sv011422@uni.edu.vn
2024111423,Phạm Minh Sơn,sv011423@uni.edu.vn
2019111424,Hoàng Minh Sơn,sv011424@uni.edu.vn
2020111425,Vũ Minh Sơn,sv011425@uni.edu.vn
2021111426,Đặng Minh Sơn,sv011426@uni.edu.vn
2022111427,Bùi Minh Sơn,sv011427@uni.edu.vn
2023111428,Đỗ Minh Sơn,sv011428@uni.edu.vn
2024111429,Hồ Minh Sơn,sv011429@uni.edu.vn
2019111430,Nguyễn Quốc Sơn,sv011430@uni.edu.vn
2020111431,Trần Quốc Sơn,sv011431@uni.edu.vn
2021111432,Lê Quốc Sơn,sv011432@uni.edu.vn
2022111433,Phạm Quốc Sơn,sv011433@uni.edu.vn
2023111434,Hoàng Quốc Sơn,sv011434@uni.edu.vn
2024111435,Vũ Quốc Sơn,sv011435@uni.edu.vn
2019111436,Đặng Quốc Sơn,sv011436@uni.edu.vn
2020111437,Bùi Quốc Sơn,sv011437@uni.edu.vn
2021111438,Đỗ Quốc Sơn,sv011438@uni.edu.vn
2022111439,Hồ Quốc Sơn,sv011439@uni.edu.vn
2023111440,Nguyễn Anh Sơn,sv011440@uni.edu.vn
2024111441,Trần Anh Sơn,sv011441@uni.edu.vn
2019111442,Lê Anh Sơn,sv011442@uni.edu.vn
2020111443,Phạm Anh Sơn,sv011443@uni.edu.vn
2021111444,Hoàng Anh Sơn,sv011444@uni.edu.vn
2022111445,Vũ Anh Sơn,sv011445@uni.edu.vn
2023111446,Đặng Anh Sơn,sv011446@uni.edu.vn
2024111447,Bùi Anh Sơn,sv011447@uni.edu.vn
2019111448,Đỗ Anh Sơn,sv011448@uni.edu.vn
2020111449,Hồ Anh Sơn,sv011449@uni.edu.vn
2021111450,Nguyễn Tuấn Sơn,sv011450@uni.edu.vn
2022111451,Trần Tuấn Sơn,sv011451@uni.edu.vn
2023111452,Lê Tuấn Sơn,sv011452@uni.edu.vn
2024111453,Phạm Tuấn Sơn,sv011453@uni.edu.vn
2019111454,Hoàng Tuấn Sơn,sv011454@uni.edu.vn
2020111455,Vũ Tuấn Sơn,sv011455@uni.edu.vn
2021111456,Đặng Tuấn Sơn,sv011456@uni.edu.vn
2022111457,Bùi Tuấn Sơn,sv011457@uni.edu.vn
2023111458,Đỗ Tuấn Sơn,sv011458@uni.edu.vn
2024111459,Hồ Tuấn Sơn,sv011459@uni.edu.vn
2019111460,Nguyễn Hữu Sơn,sv011460@uni.edu.vn
2020111461,Trần Hữu Sơn,sv011461@uni.edu.vn
2021111462,Lê Hữu Sơn,sv011462@uni.edu.vn
2022111463,Phạm Hữu Sơn,sv011463@uni.edu.vn
2023111464,Hoàng Hữu Sơn,sv011464@uni.edu.vn
2024111465,Vũ Hữu Sơn,sv011465@uni.edu.vn
2019111466,Đặng Hữu Sơn,sv011466@uni.edu.vn
2020111467,Bùi Hữu Sơn,sv011467@uni.edu.vn
2021111468,Đỗ Hữu Sơn,sv011468@uni.edu.vn
2022111469,Hồ Hữu Sơn,sv011469@uni.edu.vn
2023111470,Nguyễn Thành Sơn,sv011470@uni.edu.vn
2024111471,Trần Thành Sơn,sv011471@uni.edu.vn
2019111472,Lê Thành Sơn,sv011472@uni.edu.vn
2020111473,Phạm Thành Sơn,sv011473@uni.edu.vn
2021111474,Hoàng Thành Sơn,sv011474@uni.edu.vn
2022111475,Vũ Thành Sơn,sv011475@uni.edu.vn
2023111476,Đặng Thành Sơn,sv011476@uni.edu.vn
2024111477,Bùi Thành Sơn,sv011477@uni.edu.vn
2019111478,Đỗ Thành Sơn,sv011478@uni.edu.vn
2020111479,Hồ Thành Sơn,sv011479@uni.edu.vn
2021111480,Nguyễn Ngọc Sơn,sv011480@uni.edu.vn
2022111481,Trần Ngọc Sơn,sv011481@uni.edu.vn
2023111482,Lê Ngọc Sơn,sv011482@uni.edu.vn
2024111483,Phạm Ngọc Sơn,sv011483@uni.edu.vn
2019111484,Hoàng Ngọc Sơn,sv011484@uni.edu.vn
2020111485,Vũ Ngọc Sơn,sv011485@uni.edu.vn
2021111486,Đặng Ngọc Sơn,sv011486@uni.edu.vn
2022111487,Bùi Ngọc Sơn,sv011487@uni.edu.vn
2023111488,Đỗ Ngọc Sơn,sv011488@uni.edu.vn
2024111489,Hồ Ngọc Sơn,sv011489@uni.edu.vn
2019111490,Nguyễn Sơn,sv011490@uni.edu.vn
2020111491,Trần Sơn,sv011491@uni.edu.vn
2021111492,Lê Sơn,sv011492@uni.edu.vn
2022111493,Phạm Sơn,sv011493@uni.edu.vn
2023111494,Hoàng Sơn,sv011494@uni.edu.vn
2024111495,Vũ Sơn,sv011495@uni.edu.vn
2019111496,Đặng Sơn,sv011496@uni.edu.vn
2020111497,Bùi Sơn,sv011497@uni.edu.vn
2021111498,Đỗ Sơn,sv011498@uni.edu.vn
2022111499,Hồ Sơn,sv011499@uni.edu.vn
2023111500,Nguyễn Thị Tâm,sv011500@uni.edu.vn
2024111501,Trần Thị Tâm,sv011501@uni.edu.vn
2019111502,Lê Thị Tâm,sv011502@uni.edu.vn
2020111503,Phạm Thị Tâm,sv011503@uni.edu.vn
2021111504,Hoàng Thị Tâm,sv011504@uni.edu.vn
2022111505,Vũ Thị Tâm,sv011505@uni.edu.vn
2023111506,Đặng Thị Tâm,sv011506@uni.edu.vn
2024111507,Bùi Thị Tâm,sv011507@uni.edu.vn
2019111508,Đỗ Thị Tâm,sv011508@uni.edu.vn
2020111509,Hồ Thị Tâm,sv011509@uni.edu.vn
2021111510,Nguyễn Văn Tâm,sv011510@uni.edu.vn
2022111511,Trần Văn Tâm,sv011511@uni.edu.vn
2023111512,Lê Văn Tâm,sv011512@uni.edu.vn
2024111513,Phạm Văn Tâm,sv011513@uni.edu.vn
2019111514,Hoàng Văn Tâm,sv011514@uni.edu.vn
2020111515,Vũ Văn Tâm,sv011515@uni.edu.vn
2021111516,Đặng Văn Tâm,sv011516@uni.edu.vn
2022111517,Bùi Văn Tâm,sv011517@uni.edu.vn
2023111518,Đỗ Văn Tâm,sv011518@uni.edu.vn
2024111519,Hồ Văn Tâm,sv011519@uni.edu.vn
2019111520,Nguyễn Minh Tâm,sv011520@uni.edu.vn
2020111521,Trần Minh Tâm,sv011521@uni.edu.vn
2021111522,Lê Minh Tâm,sv011522@uni.edu.vn
2022111523,Phạm Minh Tâm,sv011523@uni.edu.vn
2023111524,Hoàng Minh Tâm,sv011524@uni.edu.vn
2024111525,Vũ Minh Tâm,sv011525@uni.edu.vn
2019111526,Đặng Minh Tâm,sv011526@uni.edu.vn
2020111527,Bùi Minh Tâm,sv011527@uni.edu.vn
2021111528,Đỗ Minh Tâm,sv011528@uni.edu.vn
2022111529,Hồ Minh Tâm,sv011529@uni.edu.vn
2023111530,Nguyễn Quốc Tâm,sv011530@uni.edu.vn
2024111531,Trần Quốc Tâm,sv011531@uni.edu.vn
2019111532,Lê Quốc Tâm,sv011532@uni.edu.vn
2020111533,Phạm Quốc Tâm,sv011533@uni.edu.vn
2021111534,Hoàng Quốc Tâm,sv011534@uni.edu.vn
2022111535,Vũ Quốc Tâm,sv011535@uni.edu.vn
2023111536,Đặng Quốc Tâm,sv011536@uni.edu.vn
2024111537,Bùi Quốc Tâm,sv011537@uni.edu.vn
2019111538,Đỗ Quốc Tâm,sv011538@uni.edu.vn
2020111539,Hồ Quốc Tâm,sv011539@uni.edu.vn
2021111540,Nguyễn Anh Tâm,sv011540@uni.edu.vn
2022111541,Trần Anh Tâm,sv011541@uni.edu.vn
2023111542,Lê Anh Tâm,sv011542@uni.edu.vn
2024111543,Phạm Anh Tâm,sv011543@uni.edu.vn
2019111544,Hoàng Anh Tâm,sv011544@uni.edu.vn
2020111545,Vũ Anh Tâm,sv011545@uni.edu.vn
2021111546,Đặng Anh Tâm,sv011546@uni.edu.vn
2022111547,Bùi Anh Tâm,sv011547@uni.edu.vn
2023111548,Đỗ Anh Tâm,sv011548@uni.edu.vn
2024111549,Hồ Anh Tâm,sv011549@uni.edu.vn
2019111550,Nguyễn Tuấn Tâm,sv011550@uni.edu.vn
2020111551,Trần Tuấn Tâm,sv011551@uni.edu.vn
2021111552,Lê Tuấn Tâm,sv011552@uni.edu.vn
2022111553,Phạm Tuấn Tâm,sv011553@uni.edu.vn
2023111554,Hoàng Tuấn Tâm,sv011554@uni.edu.vn
2024111555,Vũ Tuấn Tâm,sv011555@uni.edu.vn
2019111556,Đặng Tuấn Tâm,sv011556@uni.edu.vn
2020111557,Bùi Tuấn Tâm,sv011557@uni.edu.vn
2021111558,Đỗ Tuấn Tâm,sv011558@uni.edu.vn
2022111559,Hồ Tuấn Tâm,sv011559@uni.edu.vn
2023111560,Nguyễn Hữu Tâm,sv011560@uni.edu.vn
2024111561,Trần Hữu Tâm,sv011561@uni.edu.vn
2019111562,Lê Hữu Tâm,sv011562@uni.edu.vn
2020111563,Phạm Hữu Tâm,sv011563@uni.edu.vn
2021111564,Hoàng Hữu Tâm,sv011564@uni.edu.vn
2022111565,Vũ Hữu Tâm,sv011565@uni.edu.vn
2023111566,Đặng Hữu Tâm,sv011566@uni.edu.vn
2024111567,Bùi Hữu Tâm,sv011567@uni.edu.vn
2019111568,Đỗ Hữu Tâm,sv011568@uni.edu.vn
2020111569,Hồ Hữu Tâm,sv011569@uni.edu.vn
2021111570,Nguyễn Thành Tâm,sv011570@uni.edu.vn
2022111571,Trần Thành Tâm,sv011571@uni.edu.vn
2023111572,Lê Thành Tâm,sv011572@uni.edu.vn
2024111573,Phạm Thành Tâm,sv011573@uni.edu.vn
2019111574,Hoàng Thành Tâm,sv011574@uni.edu.vn
2020111575,Vũ Thành Tâm,sv011575@uni.edu.vn
2021111576,Đặng Thành Tâm,sv011576@uni.edu.vn
2022111577,Bùi Thành Tâm,sv011577@uni.edu.vn
2023111578,Đỗ Thành Tâm,sv011578@uni.edu.vn
2024111579,Hồ Thành Tâm,sv011579@uni.edu.vn
2019111580,Nguyễn Ngọc Tâm,sv011580@uni.edu.vn
2020111581,Trần Ngọc Tâm,sv011581@uni.edu.vn
2021111582,Lê Ngọc Tâm,sv011582@uni.edu.vn
2022111583,Phạm Ngọc Tâm,sv011583@uni.edu.vn
2023111584,Hoàng Ngọc Tâm,sv011584@uni.edu.vn
2024111585,Vũ Ngọc Tâm,sv011585@uni.edu.vn
2019111586,Đặng Ngọc Tâm,sv011586@uni.edu.vn
2020111587,Bùi Ngọc Tâm,sv011587@uni.edu.vn
2021111588,Đỗ Ngọc Tâm,sv011588@uni.edu.vn
2022111589,Hồ Ngọc Tâm,sv011589@uni.edu.vn
2023111590,Nguyễn Tâm,sv011590@uni.edu.vn
2024111591,Trần Tâm,sv011591@uni.edu.vn
2019111592,Lê Tâm,sv011592@uni.edu.vn
2020111593,Phạm Tâm,sv011593@uni.edu.vn
2021111594,Hoàng Tâm,sv011594@uni.edu.vn
2022111595,Vũ Tâm,sv011595@uni.edu.vn
2023111596,Đặng Tâm,sv011596@uni.edu.vn
2024111597,Bùi Tâm,sv011597@uni.edu.vn
2019111598,Đỗ Tâm,sv011598@uni.edu.vn
2020111599,Hồ Tâm,sv011599@uni.edu.vn
2021111600,Nguyễn Thị Thảo,sv011600@uni.edu.vn
2022111601,Trần Thị Thảo,sv011601@uni.edu.vn
2023111602,Lê Thị Thảo,sv011602@uni.edu.vn
2024111603,Phạm Thị Thảo,sv011603@uni.edu.vn
2019111604,Hoàng Thị Thảo,sv011604@uni.edu.vn
2020111605,Vũ Thị Thảo,sv011605@uni.edu.vn
2021111606,Đặng Thị Thảo,sv011606@uni.edu.vn
2022111607,Bùi Thị Thảo,sv011607@uni.edu.vn
2023111608,Đỗ Thị Thảo,sv011608@uni.edu.vn
2024111609,Hồ Thị Thảo,sv011609@uni.edu.vn
2019111610,Nguyễn Văn Thảo,sv011610@uni.edu.vn
2020111611,Trần Văn Thảo,sv011611@uni.edu.vn
2021111612,Lê Văn Thảo,sv011612@uni.edu.vn
2022111613,Phạm Văn Thảo,sv011613@uni.edu.vn
2023111614,Hoàng Văn Thảo,sv011614@uni.edu.vn
2024111615,Vũ Văn Thảo,sv011615@uni.edu.vn
2019111616,Đặng Văn Thảo,sv011616@uni.edu.vn
2020111617,Bùi Văn Thảo,sv011617@uni.edu.vn
2021111618,Đỗ Văn Thảo,sv011618@uni.edu.vn
2022111619,Hồ Văn Thảo,sv011619@uni.edu.vn
2023111620,Nguyễn Minh Thảo,sv011620@uni.edu.vn
2024111621,Trần Minh Thảo,sv011621@uni.edu.vn
2019111622,Lê Minh Thảo,sv011622@uni.edu.vn
2020111623,Phạm Minh Thảo,sv011623@uni.edu.vn
2021111624,Hoàng Minh Thảo,sv011624@uni.edu.vn
2022111625,Vũ Minh Thảo,sv011625@uni.edu.vn
2023111626,Đặng Minh Thảo,sv011626@uni.edu.vn
2024111627,Bùi Minh Thảo,sv011627@uni.edu.vn
2019111628,Đỗ Minh Thảo,sv011628@uni.edu.vn
2020111629,Hồ Minh Thảo,sv011629@uni.edu.vn
2021111630,Nguyễn Quốc Thảo,sv011630@uni.edu.vn
2022111631,Trần Quốc Thảo,sv011631@uni.edu.vn
2023111632,Lê Quốc Thảo,sv011632@uni.edu.vn
2024111633,Phạm Quốc Thảo,sv011633@uni.edu.vn
2019111634,Hoàng Quốc Thảo,sv011634@uni.edu.vn
2020111635,Vũ Quốc Thảo,sv011635@uni.edu.vn
2021111636,Đặng Quốc Thảo,sv011636@uni.edu.vn
2022111637,Bùi Quốc Thảo,sv011637@uni.edu.vn
2023111638,Đỗ Quốc Thảo,sv011638@uni.edu.vn
2024111639,Hồ Quốc Thảo,sv011639@uni.edu.vn
2019111640,Nguyễn Anh Thảo,sv011640@uni.edu.vn
2020111641,Trần Anh Thảo,sv011641@uni.edu.vn
2021111642,Lê Anh Thảo,sv011642@uni.edu.vn
2022111643,Phạm Anh Thảo,sv011643@uni.edu.vn
2023111644,Hoàng Anh Thảo,sv011644@uni.edu.vn
2024111645,Vũ Anh Thảo,sv011645@uni.edu.vn
2019111646,Đặng Anh Thảo,sv011646@uni.edu.vn
2020111647,Bùi Anh Thảo,sv011647@uni.edu.vn
2021111648,Đỗ Anh Thảo,sv011648@uni.edu.vn
2022111649,Hồ Anh Thảo,sv011649@uni.edu.vn
2023111650,Nguyễn Tuấn Thảo,sv011650@uni.edu.vn
2024111651,Trần Tuấn Thảo,sv011651@uni.edu.vn
2019111652,Lê Tuấn Thảo,sv011652@uni.edu.vn
2020111653,Phạm Tuấn Thảo,sv011653@uni.edu.vn
2021111654,Hoàng Tuấn Thảo,sv011654@uni.edu.vn
2022111655,Vũ Tuấn Thảo,sv011655@uni.edu.vn
2023111656,Đặng Tuấn Thảo,sv011656@uni.edu.vn
2024111657,Bùi Tuấn Thảo,sv011657@uni.edu.vn
2019111658,Đỗ Tuấn Thảo,sv011658@uni.edu.vn
2020111659,Hồ Tuấn Thảo,sv011659@uni.edu.vn
2021111660,Nguyễn Hữu Thảo,sv011660@uni.edu.vn
2022111661,Trần Hữu Thảo,sv011661@uni.edu.vn
2023111662,Lê Hữu Thảo,sv011662@uni.edu.vn
2024111663,Phạm Hữu Thảo,sv011663@uni.edu.vn
2019111664,Hoàng Hữu Thảo,sv011664@uni.edu.vn
2020111665,Vũ Hữu Thảo,sv011665@uni.edu.vn
2021111666,Đặng Hữu Thảo,sv011666@uni.edu.vn
2022111667,Bùi Hữu Thảo,sv011667@uni.edu.vn
2023111668,Đỗ Hữu Thảo,sv011668@uni.edu.vn
2024111669,Hồ Hữu Thảo,sv011669@uni.edu.vn
2019111670,Nguyễn Thành Thảo,sv011670@uni.edu.vn
2020111671,Trần Thành Thảo,sv011671@uni.edu.vn
2021111672,Lê Thành Thảo,sv011672@uni.edu.vn
2022111673,Phạm Thành Thảo,sv011673@uni.edu.vn
2023111674,Hoàng Thành Thảo,sv011674@uni.edu.vn
2024111675,Vũ Thành Thảo,sv011675@uni.edu.vn
2019111676,Đặng Thành Thảo,sv011676@uni.edu.vn
2020111677,Bùi Thành Thảo,sv011677@uni.edu.vn
2021111678,Đỗ Thành Thảo,sv011678@uni.edu.vn
2022111679,Hồ Thành Thảo,sv011679@uni.edu.vn
2023111680,Nguyễn Ngọc Thảo,sv011680@uni.edu.vn
2024111681,Trần Ngọc Thảo,sv011681@uni.edu.vn
2019111682,Lê Ngọc Thảo,sv011682@uni.edu.vn
2020111683,Phạm Ngọc Thảo,sv011683@uni.edu.vn
2021111684,Hoàng Ngọc Thảo,sv011684@uni.edu.vn
2022111685,Vũ Ngọc Thảo,sv011685@uni.edu.vn
2023111686,Đặng Ngọc Thảo,sv011686@uni.edu.vn
2024111687,Bùi Ngọc Thảo,sv011687@uni.edu.vn
2019111688,Đỗ Ngọc Thảo,sv011688@uni.edu.vn
2020111689,Hồ Ngọc Thảo,sv011689@uni.edu.vn
2021111690,Nguyễn Thảo,sv011690@uni.edu.vn
2022111691,Trần Thảo,sv011691@uni.edu.vn
2023111692,Lê Thảo,sv011692@uni.edu.vn
2024111693,Phạm Thảo,sv011693@uni.edu.vn
2019111694,Hoàng Thảo,sv011694@uni.edu.vn
2020111695,Vũ Thảo,sv011695@uni.edu.vn
2021111696,Đặng Thảo,sv011696@uni.edu.vn
2022111697,Bùi Thảo,sv011697@uni.edu.vn
2023111698,Đỗ Thảo,sv011698@uni.edu.vn
2024111699,Hồ Thảo,sv011699@uni.edu.vn
2019111700,Nguyễn Thị Uyên,sv011700@uni.edu.vn
2020111701,Trần Thị Uyên,sv011701@uni.edu.vn
2021111702,Lê Thị Uyên,sv011702@uni.edu.vn
2022111703,Phạm Thị Uyên,sv011703@uni.edu.vn
2023111704,Hoàng Thị Uyên,sv011704@uni.edu.vn
2024111705,Vũ Thị Uyên,sv011705@uni.edu.vn
2019111706,Đặng Thị Uyên,sv011706@uni.edu.vn
2020111707,Bùi Thị Uyên,sv011707@uni.edu.vn
2021111708,Đỗ Thị Uyên,sv011708@uni.edu.vn
2022111709,Hồ Thị Uyên,sv011709@uni.edu.vn
2023111710,Nguyễn Văn Uyên,sv011710@uni.edu.vn
2024111711,Trần Văn Uyên,sv011711@uni.edu.vn
2019111712,Lê Văn Uyên,sv011712@uni.edu.vn
2020111713,Phạm Văn Uyên,sv011713@uni.edu.vn
2021111714,Hoàng Văn Uyên,sv011714@uni.edu.vn
2022111715,Vũ Văn Uyên,sv011715@uni.edu.vn
2023111716,Đặng Văn Uyên,sv011716@uni.edu.vn
2024111717,Bùi Văn Uyên,sv011717@uni.edu.vn
2019111718,Đỗ Văn Uyên,sv011718@uni.edu.vn
2020111719,Hồ Văn Uyên,sv011719@uni.edu.vn
2021111720,Nguyễn Minh Uyên,sv011720@uni.edu.vn
2022111721,Trần Minh Uyên,sv011721@uni.edu.vn
2023111722,Lê Minh Uyên,sv011722@uni.edu.vn
2024111723,Phạm Minh Uyên,sv011723@uni.edu.vn
2019111724,Hoàng Minh Uyên,sv011724@uni.edu.vn
2020111725,Vũ Minh Uyên,sv011725@uni.edu.vn
2021111726,Đặng Minh Uyên,sv011726@uni.edu.vn
2022111727,Bùi Minh Uyên,sv011727@uni.edu.vn
2023111728,Đỗ Minh Uyên,sv011728@uni.edu.vn
2024111729,Hồ Minh Uyên,sv011729@uni.edu.vn
2019111730,Nguyễn Quốc Uyên,sv011730@uni.edu.vn
2020111731,Trần Quốc Uyên,sv011731@uni.edu.vn
2021111732,Lê Quốc Uyên,sv011732@uni.edu.vn
2022111733,Phạm Quốc Uyên,sv011733@uni.edu.vn
2023111734,Hoàng Quốc Uyên,sv011734@uni.edu.vn
2024111735,Vũ Quốc Uyên,sv011735@uni.edu.vn
2019111736,Đặng Quốc Uyên,sv011736@uni.edu.vn
2020111737,Bùi Quốc Uyên,sv011737@uni.edu.vn
2021111738,Đỗ Quốc Uyên,sv011738@uni.edu.vn
2022111739,Hồ Quốc Uyên,sv011739@uni.edu.vn
2023111740,Nguyễn Anh Uyên,sv011740@uni.edu.vn
2024111741,Trần Anh Uyên,sv011741@uni.edu.vn
2019111742,Lê Anh Uyên,sv011742@uni.edu.vn
2020111743,Phạm Anh Uyên,sv011743@uni.edu.vn
2021111744,Hoàng Anh Uyên,sv011744@uni.edu.vn
2022111745,Vũ Anh Uyên,sv011745@uni.edu.vn
2023111746,Đặng Anh Uyên,sv011746@uni.edu.vn
2024111747,Bùi Anh Uyên,sv011747@uni.edu.vn
2019111748,Đỗ Anh Uyên,sv011748@uni.edu.vn
2020111749,Hồ Anh Uyên,sv011749@uni.edu.vn
2021111750,Nguyễn Tuấn Uyên,sv011750@uni.edu.vn
2022111751,Trần Tuấn Uyên,sv011751@uni.edu.vn
2023111752,Lê Tuấn Uyên,sv011752@uni.edu.vn
2024111753,Phạm Tuấn Uyên,sv011753@uni.edu.vn
2019111754,Hoàng Tuấn Uyên,sv011754@uni.edu.vn
2020111755,Vũ Tuấn Uyên,sv011755@uni.edu.vn
2021111756,Đặng Tuấn Uyên,sv011756@uni.edu.vn
2022111757,Bùi Tuấn Uyên,sv011757@uni.edu.vn
2023111758,Đỗ Tuấn Uyên,sv011758@uni.edu.vn
2024111759,Hồ Tuấn Uyên,sv011759@uni.edu.vn
2019111760,Nguyễn Hữu Uyên,sv011760@uni.edu.vn
2020111761,Trần Hữu Uyên,sv011761@uni.edu.vn
2021111762,Lê Hữu Uyên,sv011762@uni.edu.vn
2022111763,Phạm Hữu Uyên,sv011763@uni.edu.vn
2023111764,Hoàng Hữu Uyên,sv011764@uni.edu.vn
2024111765,Vũ Hữu Uyên,sv011765@uni.edu.vn
2019111766,Đặng Hữu Uyên,sv011766@uni.edu.vn
2020111767,Bùi Hữu Uyên,sv011767@uni.edu.vn
2021111768,Đỗ Hữu Uyên,sv011768@uni.edu.vn
2022111769,Hồ Hữu Uyên,sv011769@uni.edu.vn
2023111770,Nguyễn Thành Uyên,sv011770@uni.edu.vn
2024111771,Trần Thành Uyên,sv011771@uni.edu.vn
2019111772,Lê Thành Uyên,sv011772@uni.edu.vn
2020111773,Phạm Thành Uyên,sv011773@uni.edu.vn
2021111774,Hoàng Thành Uyên,sv011774@uni.edu.vn
2022111775,Vũ Thành Uyên,sv011775@uni.edu.vn
2023111776,Đặng Thành Uyên,sv011776@uni.edu.vn
2024111777,Bùi Thành Uyên,sv011777@uni.edu.vn
2019111778,Đỗ Thành Uyên,sv011778@uni.edu.vn
2020111779,Hồ Thành Uyên,sv011779@uni.edu.vn
2021111780,Nguyễn Ngọc Uyên,sv011780@uni.edu.vn
2022111781,Trần Ngọc Uyên,sv011781@uni.edu.vn
2023111782,Lê Ngọc Uyên,sv011782@uni.edu.vn
2024111783,Phạm Ngọc Uyên,sv011783@uni.edu.vn
2019111784,Hoàng Ngọc Uyên,sv011784@uni.edu.vn
2020111785,Vũ Ngọc Uyên,sv011785@uni.edu.vn
2021111786,Đặng Ngọc Uyên,sv011786@uni.edu.vn
2022111787,Bùi Ngọc Uyên,sv011787@uni.edu.vn
2023111788,Đỗ Ngọc Uyên,sv011788@uni.edu.vn
2024111789,Hồ Ngọc Uyên,sv011789@uni.edu.vn
2019111790,Nguyễn Uyên,sv011790@uni.edu.vn
2020111791,Trần Uyên,sv011791@uni.edu.vn
2021111792,Lê Uyên,sv011792@uni.edu.vn
2022111793,Phạm Uyên,sv011793@uni.edu.vn
2023111794,Hoàng Uyên,sv011794@uni.edu.vn
2024111795,Vũ Uyên,sv011795@uni.edu.vn
2019111796,Đặng Uyên,sv011796@uni.edu.vn
2020111797,Bùi Uyên,sv011797@uni.edu.vn
2021111798,Đỗ Uyên,sv011798@uni.edu.vn
2022111799,Hồ Uyên,sv011799@uni.edu.vn
2023111800,Nguyễn Thị Việt,sv011800@uni.edu.vn
2024111801,Trần Thị Việt,sv011801@uni.edu.vn
2019111802,Lê Thị Việt,sv011802@uni.edu.vn
2020111803,Phạm Thị Việt,sv011803@uni.edu.vn
2021111804,Hoàng Thị Việt,sv011804@uni.edu.vn
2022111805,Vũ Thị Việt,sv011805@uni.edu.vn
2023111806,Đặng Thị Việt,sv011806@uni.edu.vn
2024111807,Bùi Thị Việt,sv011807@uni.edu.vn
2019111808,Đỗ Thị Việt,sv011808@uni.edu.vn
2020111809,Hồ Thị Việt,sv011809@uni.edu.vn
2021111810,Nguyễn Văn Việt,sv011810@uni.edu.vn
2022111811,Trần Văn Việt,sv011811@uni.edu.vn
2023111812,Lê Văn Việt,sv011812@uni.edu.vn
2024111813,Phạm Văn Việt,sv011813@uni.edu.vn
2019111814,Hoàng Văn Việt,sv011814@uni.edu.vn
2020111815,Vũ Văn Việt,sv011815@uni.edu.vn
2021111816,Đặng Văn Việt,sv011816@uni.edu.vn
2022111817,Bùi Văn Việt,sv011817@uni.edu.vn
2023111818,Đỗ Văn Việt,sv011818@uni.edu.vn
2024111819,Hồ Văn Việt,sv011819@uni.edu.vn
2019111820,Nguyễn Minh Việt,sv011820@uni.edu.vn
2020111821,Trần Minh Việt,sv011821@uni.edu.vn
2021111822,Lê Minh Việt,sv011822@uni.edu.vn
2022111823,Phạm Minh Việt,sv011823@uni.edu.vn
2023111824,Hoàng Minh Việt,sv011824@uni.edu.vn
2024111825,Vũ Minh Việt,sv011825@uni.edu.vn
2019111826,Đặng Minh Việt,sv011826@uni.edu.vn
2020111827,Bùi Minh Việt,sv011827@uni.edu.vn
2021111828,Đỗ Minh Việt,sv011828@uni.edu.vn
2022111829,Hồ Minh Việt,sv011829@uni.edu.vn
2023111830,Nguyễn Quốc Việt,sv011830@uni.edu.vn
2024111831,Trần Quốc Việt,sv011831@uni.edu.vn
2019111832,Lê Quốc Việt,sv011832@uni.edu.vn
2020111833,Phạm Quốc Việt,sv011833@uni.edu.vn
2021111834,Hoàng Quốc Việt,sv011834@uni.edu.vn
2022111835,Vũ Quốc Việt,sv011835@uni.edu.vn
2023111836,Đặng Quốc Việt,sv011836@uni.edu.vn
2024111837,Bùi Quốc Việt,sv011837@uni.edu.vn
2019111838,Đỗ Quốc Việt,sv011838@uni.edu.vn
2020111839,Hồ Quốc Việt,sv011839@uni.edu.vn
2021111840,Nguyễn Anh Việt,sv011840@uni.edu.vn
2022111841,Trần Anh Việt,sv011841@uni.edu.vn
2023111842,Lê Anh Việt,sv011842@uni.edu.vn
2024111843,Phạm Anh Việt,sv011843@uni.edu.vn
2019111844,Hoàng Anh Việt,sv011844@uni.edu.vn
2020111845,Vũ Anh Việt,sv011845@uni.edu.vn
2021111846,Đặng Anh Việt,sv011846@uni.edu.vn
2022111847,Bùi Anh Việt,sv011847@uni.edu.vn
2023111848,Đỗ Anh Việt,sv011848@uni.edu.vn
2024111849,Hồ Anh Việt,sv011849@uni.edu.vn
2019111850,Nguyễn Tuấn Việt,sv011850@uni.edu.vn
2020111851,Trần Tuấn Việt,sv011851@uni.edu.vn
2021111852,Lê Tuấn Việt,sv011852@uni.edu.vn
2022111853,Phạm Tuấn Việt,sv011853@uni.edu.vn
2023111854,Hoàng Tuấn Việt,sv011854@uni.edu.vn
2024111855,Vũ Tuấn Việt,sv011855@uni.edu.vn
2019111856,Đặng Tuấn Việt,sv011856@uni.edu.vn
2020111857,Bùi Tuấn Việt,sv011857@uni.edu.vn
2021111858,Đỗ Tuấn Việt,sv011858@uni.edu.vn
2022111859,Hồ Tuấn Việt,sv011859@uni.edu.vn
2023111860,Nguyễn Hữu Việt,sv011860@uni.edu.vn
2024111861,Trần Hữu Việt,sv011861@uni.edu.vn
2019111862,Lê Hữu Việt,sv011862@uni.edu.vn
2020111863,Phạm Hữu Việt,sv011863@uni.edu.vn
2021111864,Hoàng Hữu Việt,sv011864@uni.edu.vn
2022111865,Vũ Hữu Việt,sv011865@uni.edu.vn
2023111866,Đặng Hữu Việt,sv011866@uni.edu.vn
2024111867,Bùi Hữu Việt,sv011867@uni.edu.vn
2019111868,Đỗ Hữu Việt,sv011868@uni.edu.vn
2020111869,Hồ Hữu Việt,sv011869@uni.edu.vn
2021111870,Nguyễn Thành Việt,sv011870@uni.edu.vn
2022111871,Trần Thành Việt,sv011871@uni.edu.vn
2023111872,Lê Thành Việt,sv011872@uni.edu.vn
2024111873,Phạm Thành Việt,sv011873@uni.edu.vn
2019111874,Hoàng Thành Việt,sv011874@uni.edu.vn
2020111875,Vũ Thành Việt,sv011875@uni.edu.vn
2021111876,Đặng Thành Việt,sv011876@uni.edu.vn
2022111877,Bùi Thành Việt,sv011877@uni.edu.vn
2023111878,Đỗ Thành Việt,sv011878@uni.edu.vn
2024111879,Hồ Thành Việt,sv011879@uni.edu.vn
2019111880,Nguyễn Ngọc Việt,sv011880@uni.edu.vn
2020111881,Trần Ngọc Việt,sv011881@uni.edu.vn
2021111882,Lê Ngọc Việt,sv011882@uni.edu.vn
2022111883,Phạm Ngọc Việt,sv011883@uni.edu.vn
2023111884,Hoàng Ngọc Việt,sv011884@uni.edu.vn
2024111885,Vũ Ngọc Việt,sv011885@uni.edu.vn
2019111886,Đặng Ngọc Việt,sv011886@uni.edu.vn
2020111887,Bùi Ngọc Việt,sv011887@uni.edu.vn
2021111888,Đỗ Ngọc Việt,sv011888@uni.edu.vn
2022111889,Hồ Ngọc Việt,sv011889@uni.edu.vn
2023111890,Nguyễn Việt,sv011890@uni.edu.vn
2024111891,Trần Việt,sv011891@uni.edu.vn
2019111892,Lê Việt,sv011892@uni.edu.vn
2020111893,Phạm Việt,sv011893@uni.edu.vn
2021111894,Hoàng Việt,sv011894@uni.edu.vn
2022111895,Vũ Việt,sv011895@uni.edu.vn
2023111896,Đặng Việt,sv011896@uni.edu.vn
2024111897,Bùi Việt,sv011897@uni.edu.vn
2019111898,Đỗ Việt,sv011898@uni.edu.vn
2020111899,Hồ Việt,sv011899@uni.edu.vn
2021111900,Nguyễn Thị Yến,sv011900@uni.edu.vn
2022111901,Trần Thị Yến,sv011901@uni.edu.vn
2023111902,Lê Thị Yến,sv011902@uni.edu.vn
2024111903,Phạm Thị Yến,sv011903@uni.edu.vn
2019111904,Hoàng Thị Yến,sv011904@uni.edu.vn
2020111905,Vũ Thị Yến,sv011905@uni.edu.vn
2021111906,Đặng Thị Yến,sv011906@uni.edu.vn
2022111907,Bùi Thị Yến,sv011907@uni.edu.vn
2023111908,Đỗ Thị Yến,sv011908@uni.edu.vn
2024111909,Hồ Thị Yến,sv011909@uni.edu.vn
2019111910,Nguyễn Văn Yến,sv011910@uni.edu.vn
2020111911,Trần Văn Yến,sv011911@uni.edu.vn
2021111912,Lê Văn Yến,sv011912@uni.edu.vn
2022111913,Phạm Văn Yến,sv011913@uni.edu.vn
2023111914,Hoàng Văn Yến,sv011914@uni.edu.vn
2024111915,Vũ Văn Yến,sv011915@uni.edu.vn
2019111916,Đặng Văn Yến,sv011916@uni.edu.vn
2020111917,Bùi Văn Yến,sv011917@uni.edu.vn
2021111918,Đỗ Văn Yến,sv011918@uni.edu.vn
2022111919,Hồ Văn Yến,sv011919@uni.edu.vn
2023111920,Nguyễn Minh Yến,sv011920@uni.edu.vn
2024111921,Trần Minh Yến,sv011921@uni.edu.vn
2019111922,Lê Minh Yến,sv011922@uni.edu.vn
2020111923,Phạm Minh Yến,sv011923@uni.edu.vn
2021111924,Hoàng Minh Yến,sv011924@uni.edu.vn
2022111925,Vũ Minh Yến,sv011925@uni.edu.vn
2023111926,Đặng Minh Yến,sv011926@uni.edu.vn
2024111927,Bùi Minh Yến,sv011927@uni.edu.vn
2019111928,Đỗ Minh Yến,sv011928@uni.edu.vn
2020111929,Hồ Minh Yến,sv011929@uni.edu.vn
2021111930,Nguyễn Quốc Yến,sv011930@uni.edu.vn
2022111931,Trần Quốc Yến,sv011931@uni.edu.vn
2023111932,Lê Quốc Yến,sv011932@uni.edu.vn
2024111933,Phạm Quốc Yến,sv011933@uni.edu.vn
2019111934,Hoàng Quốc Yến,sv011934@uni.edu.vn
2020111935,Vũ Quốc Yến,sv011935@uni.edu.vn
2021111936,Đặng Quốc Yến,sv011936@uni.edu.vn
2022111937,Bùi Quốc Yến,sv011937@uni.edu.vn
2023111938,Đỗ Quốc Yến,sv011938@uni.edu.vn
2024111939,Hồ Quốc Yến,sv011939@uni.edu.vn
2019111940,Nguyễn Anh Yến,sv011940@uni.edu.vn
2020111941,Trần Anh Yến,sv011941@uni.edu.vn
2021111942,Lê Anh Yến,sv011942@uni.edu.vn
2022111943,Phạm Anh Yến,sv011943@uni.edu.vn
2023111944,Hoàng Anh Yến,sv011944@uni.edu.vn
2024111945,Vũ Anh Yến,sv011945@uni.edu.vn
2019111946,Đặng Anh Yến,sv011946@uni.edu.vn
2020111947,Bùi Anh Yến,sv011947@uni.edu.vn
2021111948,Đỗ Anh Yến,sv011948@uni.edu.vn
2022111949,Hồ Anh Yến,sv011949@uni.edu.vn
2023111950,Nguyễn Tuấn Yến,sv011950@uni.edu.vn
2024111951,Trần Tuấn Yến,sv011951@uni.edu.vn
2019111952,Lê Tuấn Yến,sv011952@uni.edu.vn
2020111953,Phạm Tuấn Yến,sv011953@uni.edu.vn
2021111954,Hoàng Tuấn Yến,sv011954@uni.edu.vn
2022111955,Vũ Tuấn Yến,sv011955@uni.edu.vn
2023111956,Đặng Tuấn Yến,sv011956@uni.edu.vn
2024111957,Bùi Tuấn Yến,sv011957@uni.edu.vn
2019111958,Đỗ Tuấn Yến,sv011958@uni.edu.vn
2020111959,Hồ Tuấn Yến,sv011959@uni.edu.vn
2021111960,Nguyễn Hữu Yến,sv011960@uni.edu.vn
2022111961,Trần Hữu Yến,sv011961@uni.edu.vn
2023111962,Lê Hữu Yến,sv011962@uni.edu.vn
2024111963,Phạm Hữu Yến,sv011963@uni.edu.vn
2019111964,Hoàng Hữu Yến,sv011964@uni.edu.vn
2020111965,Vũ Hữu Yến,sv011965@uni.edu.vn
2021111966,Đặng Hữu Yến,sv011966@uni.edu.vn
2022111967,Bùi Hữu Yến,sv011967@uni.edu.vn
2023111968,Đỗ Hữu Yến,sv011968@uni.edu.vn
2024111969,Hồ Hữu Yến,sv011969@uni.edu.vn
2019111970,Nguyễn Thành Yến,sv011970@uni.edu.vn
2020111971,Trần Thành Yến,sv011971@uni.edu.vn
2021111972,Lê Thành Yến,sv011972@uni.edu.vn
2022111973,Phạm Thành Yến,sv011973@uni.edu.vn
2023111974,Hoàng Thành Yến,sv011974@uni.edu.vn
2024111975,Vũ Thành Yến,sv011975@uni.edu.vn
2019111976,Đặng Thành Yến,sv011976@uni.edu.vn
2020111977,Bùi Thành Yến,sv011977@uni.edu.vn
2021111978,Đỗ Thành Yến,sv011978@uni.edu.vn
2022111979,Hồ Thành Yến,sv011979@uni.edu.vn
2023111980,Nguyễn Ngọc Yến,sv011980@uni.edu.vn
2024111981,Trần Ngọc Yến,sv011981@uni.edu.vn
2019111982,Lê Ngọc Yến,sv011982@uni.edu.vn
2020111983,Phạm Ngọc Yến,sv011983@uni.edu.vn
2021111984,Hoàng Ngọc Yến,sv011984@uni.edu.vn
2022111985,Vũ Ngọc Yến,sv011985@uni.edu.vn
2023111986,Đặng Ngọc Yến,sv011986@uni.edu.vn
2024111987,Bùi Ngọc Yến,sv011987@uni.edu.vn
2019111988,Đỗ Ngọc Yến,sv011988@uni.edu.vn
2020111989,Hồ Ngọc Yến,sv011989@uni.edu.vn
2021111990,Nguyễn Yến,sv011990@uni.edu.vn
2022111991,Trần Yến,sv011991@uni.edu.vn
2023111992,Lê Yến,sv011992@uni.edu.vn
2024111993,Phạm Yến,sv011993@uni.edu.vn
2019111994,Hoàng Yến,sv011994@uni.edu.vn
2020111995,Vũ Yến,sv011995@uni.edu.vn
2021111996,Đặng Yến,sv011996@uni.edu.vn
2022111997,Bùi Yến,sv011997@uni.edu.vn
2023111998,Đỗ Yến,sv011998@uni.edu.vn
2024111999,Hồ Yến,sv011999@uni.edu.vn
,Nguyễn Thị An,sv012000@uni.edu.vn
2020112001,Trần Thị An,sv012001@uni.edu.vn
2021112002,Lê Thị An,sv012002@uni.edu.vn
2022112003,Phạm Thị An,sv012003@uni.edu.vn
2023112004,Hoàng Thị An,sv012004@uni.edu.vn
2024112005,Vũ Thị An,sv012005@uni.edu.vn
2019112006,Đặng Thị An,sv012006@uni.edu.vn
2020112007,Bùi Thị An,sv012007@uni.edu.vn
2021112008,Đỗ Thị An,sv012008@uni.edu.vn
2022112009,Hồ Thị An,sv012009@uni.edu.vn
2023112010,Nguyễn Văn An,sv012010@uni.edu.vn
2024112011,Trần Văn An,sv012011@uni.edu.vn
2019112012,Lê Văn An,sv012012@uni.edu.vn
2020112013,Phạm Văn An,sv012013@uni.edu.vn
2021112014,Hoàng Văn An,sv012014@uni.edu.vn
2022112015,Vũ Văn An,sv012015@uni.edu.vn
2023112016,Đặng Văn An,sv012016@uni.edu.vn
2024112017,Bùi Văn An,sv012017@uni.edu.vn
2019112018,Đỗ Văn An,sv012018@uni.edu.vn
2020112019,Hồ Văn An,sv012019@uni.edu.vn
2021112020,Nguyễn Minh An,sv012020@uni.edu.vn
2022112021,Trần Minh An,sv012021@uni.edu.vn
2023112022,Lê Minh An,sv012022@uni.edu.vn
2024112023,Phạm Minh An,sv012023@uni.edu.vn
2019112024,Hoàng Minh An,sv012024@uni.edu.vn
2020112025,Vũ Minh An,sv012025@uni.edu.vn
2021112026,Đặng Minh An,sv012026@uni.edu.vn
2022112027,Bùi Minh An,sv012027@uni.edu.vn
2023112028,Đỗ Minh An,sv012028@uni.edu.vn
2024112029,Hồ Minh An,sv012029@uni.edu.vn
2019112030,Nguyễn Quốc An,sv012030@uni.edu.vn
2020112031,Trần Quốc An,sv012031@uni.edu.vn
2021112032,Lê Quốc An,sv012032@uni.edu.vn
2022112033,Phạm Quốc An,sv012033@uni.edu.vn
2023112034,Hoàng Quốc An,sv012034@uni.edu.vn
2024112035,Vũ Quốc An,sv012035@uni.edu.vn
2019112036,Đặng Quốc An,sv012036@uni.edu.vn
2020112037,Bùi Quốc An,sv012037@uni.edu.vn
2021112038,Đỗ Quốc An,sv012038@uni.edu.vn
2022112039,Hồ Quốc An,sv012039@uni.edu.vn
2023112040,Nguyễn Anh An,sv012040@uni.edu.vn
2024112041,Trần Anh An,sv012041@uni.edu.vn
2019112042,Lê Anh An,sv012042@uni.edu.vn
2020112043,Phạm Anh An,sv012043@uni.edu.vn
2021112044,Hoàng Anh An,sv012044@uni.edu.vn
2022112045,Vũ Anh An,sv012045@uni.edu.vn
2023112046,Đặng Anh An,sv012046@uni.edu.vn
2024112047,Bùi Anh An,sv012047@uni.edu.vn
2019112048,Đỗ Anh An,sv012048@uni.edu.vn
2020112049,Hồ Anh An,sv012049@uni.edu.vn
2021112050,Nguyễn Tuấn An,sv012050@uni.edu.vn
2022112051,Trần Tuấn An,sv012051@uni.edu.vn
2023112052,Lê Tuấn An,sv012052@uni.edu.vn
2024112053,Phạm Tuấn An,sv012053@uni.edu.vn
2019112054,Hoàng Tuấn An,sv012054@uni.edu.vn
2020112055,Vũ Tuấn An,sv012055@uni.edu.vn
2021112056,Đặng Tuấn An,sv012056@uni.edu.vn
2022112057,Bùi Tuấn An,sv012057@uni.edu.vn
2023112058,Đỗ Tuấn An,sv012058@uni.edu.vn
2024112059,Hồ Tuấn An,sv012059@uni.edu.vn
2019112060,Nguyễn Hữu An,sv012060@uni.edu.vn
2020112061,Trần Hữu An,sv012061@uni.edu.vn
2021112062,Lê Hữu An,sv012062@uni.edu.vn
2022112063,Phạm Hữu An,sv012063@uni.edu.vn
2023112064,Hoàng Hữu An,sv012064@uni.edu.vn
2024112065,Vũ Hữu An,sv012065@uni.edu.vn
2019112066,Đặng Hữu An,sv012066@uni.edu.vn
2020112067,Bùi Hữu An,sv012067@uni.edu.vn
2021112068,Đỗ Hữu An,sv012068@uni.edu.vn
2022112069,Hồ Hữu An,sv012069@uni.edu.vn
2023112070,Nguyễn Thành An,sv012070@uni.edu.vn
2024112071,Trần Thành An,sv012071@uni.edu.vn
2019112072,Lê Thành An,sv012072@uni.edu.vn
2020112073,Phạm Thành An,sv012073@uni.edu.vn
2021112074,Hoàng Thành An,sv012074@uni.edu.vn
2022112075,Vũ Thành An,sv012075@uni.edu.vn
2023112076,Đặng Thành An,sv012076@uni.edu.vn
2024112077,Bùi Thành An,sv012077@uni.edu.vn
2019112078,Đỗ Thành An,sv012078@uni.edu.vn
2020112079,Hồ Thành An,sv012079@uni.edu.vn
2021112080,Nguyễn Ngọc An,sv012080@uni.edu.vn
2022112081,Trần Ngọc An,sv012081@uni.edu.vn
2023112082,Lê Ngọc An,sv012082@uni.edu.vn
2024112083,Phạm Ngọc An,sv012083@uni.edu.vn
2019112084,Hoàng Ngọc An,sv012084@uni.edu.vn
2020112085,Vũ Ngọc An,sv012085@uni.edu.vn
2021112086,Đặng Ngọc An,sv012086@uni.edu.vn
2022112087,Bùi Ngọc An,sv012087@uni.edu.vn
2023112088,Đỗ Ngọc An,sv012088@uni.edu.vn
2024112089,Hồ Ngọc An,sv012089@uni.edu.vn
2019112090,Nguyễn An,sv012090@uni.edu.vn
2020112091,Trần An,sv012091@uni.edu.vn
2021112092,Lê An,sv012092@uni.edu.vn
2022112093,Phạm An,sv012093@uni.edu.vn
2023112094,Hoàng An,sv012094@uni.edu.vn
2024112095,Vũ An,sv012095@uni.edu.vn
2019112096,Đặng An,sv012096@uni.edu.vn
2020112097,Bùi An,sv012097@uni.edu.vn
2021112098,Đỗ An,sv012098@uni.edu.vn
2022112099,Hồ An,sv012099@uni.edu.vn
2023112100,Nguyễn Thị Bình,sv012100@uni.edu.vn
2024112101,Trần Thị Bình,sv012101@uni.edu.vn
2019112102,Lê Thị Bình,sv012102@uni.edu.vn
2020112103,Phạm Thị Bình,sv012103@uni.edu.vn
2021112104,Hoàng Thị Bình,sv012104@uni.edu.vn
2022112105,Vũ Thị Bình,sv012105@uni.edu.vn
2023112106,Đặng Thị Bình,sv012106@uni.edu.vn
2024112107,Bùi Thị Bình,sv012107@uni.edu.vn
2019112108,Đỗ Thị Bình,sv012108@uni.edu.vn
2020112109,Hồ Thị Bình,sv012109@uni.edu.vn
2021112110,Nguyễn Văn Bình,sv012110@uni.edu.vn
2022112111,Trần Văn Bình,sv012111@uni.edu.vn
2023112112,Lê Văn Bình,sv012112@uni.edu.vn
2024112113,Phạm Văn Bình,sv012113@uni.edu.vn
2019112114,Hoàng Văn Bình,sv012114@uni.edu.vn
2020112115,Vũ Văn Bình,sv012115@uni.edu.vn
2021112116,Đặng Văn Bình,sv012116@uni.edu.vn
2022112117,Bùi Văn Bình,sv012117@uni.edu.vn
2023112118,Đỗ Văn Bình,sv012118@uni.edu.vn
2024112119,Hồ Văn Bình,sv012119@uni.edu.vn
2019112120,Nguyễn Minh Bình,sv012120@uni.edu.vn
2020112121,Trần Minh Bình,sv012121@uni.edu.vn
2021112122,Lê Minh Bình,sv012122@uni.edu.vn
2022112123,Phạm Minh Bình,sv012123@uni.edu.vn
2023112124,Hoàng Minh Bình,sv012124@uni.edu.vn
2024112125,Vũ Minh Bình,sv012125@uni.edu.vn
2019112126,Đặng Minh Bình,sv012126@uni.edu.vn
2020112127,Bùi Minh Bình,sv012127@uni.edu.vn
2021112128,Đỗ Minh Bình,sv012128@uni.edu.vn
2022112129,Hồ Minh Bình,sv012129@uni.edu.vn
2023112130,Nguyễn Quốc Bình,sv012130@uni.edu.vn
2024112131,Trần Quốc Bình,sv012131@uni.edu.vn
2019112132,Lê Quốc Bình,sv012132@uni.edu.vn
2020112133,Phạm Quốc Bình,sv012133@uni.edu.vn
2021112134,Hoàng Quốc Bình,sv012134@uni.edu.vn
2022112135,Vũ Quốc Bình,sv012135@uni.edu.vn
2023112136,Đặng Quốc Bình,sv012136@uni.edu.vn
2024112137,Bùi Quốc Bình,sv012137@uni.edu.vn
2019112138,Đỗ Quốc Bình,sv012138@uni.edu.vn
2020112139,Hồ Quốc Bình,sv012139@uni.edu.vn
2021112140,Nguyễn Anh Bình,sv012140@uni.edu.vn
2022112141,Trần Anh Bình,sv012141@uni.edu.vn
2023112142,Lê Anh Bình,sv012142@uni.edu.vn
2024112143,Phạm Anh Bình,sv012143@uni.edu.vn
2019112144,Hoàng Anh Bình,sv012144@uni.edu.vn
2020112145,Vũ Anh Bình,sv012145@uni.edu.vn
2021112146,Đặng Anh Bình,sv012146@uni.edu.vn
2022112147,Bùi Anh Bình,sv012147@uni.edu.vn
2023112148,Đỗ Anh Bình,sv012148@uni.edu.vn
2024112149,Hồ Anh Bình,sv012149@uni.edu.vn
2019112150,Nguyễn Tuấn Bình,sv012150@uni.edu.vn
2020112151,Trần Tuấn Bình,sv012151@uni.edu.vn
2021112152,Lê Tuấn Bình,sv012152@uni.edu.vn
2022112153,Phạm Tuấn Bình,sv012153@uni.edu.vn
2023112154,Hoàng Tuấn Bình,sv012154@uni.edu.vn
2024112155,Vũ Tuấn Bình,sv012155@uni.edu.vn
2019112156,Đặng Tuấn Bình,sv012156@uni.edu.vn
2020112157,Bùi Tuấn Bình,sv012157@uni.edu.vn
2021112158,Đỗ Tuấn Bình,sv012158@uni.edu.vn
2022112159,Hồ Tuấn Bình,sv012159@uni.edu.vn
2023112160,Nguyễn Hữu Bình,sv012160@uni.edu.vn
2024112161,Trần Hữu Bình,sv012161@uni.edu.vn
2019112162,Lê Hữu Bình,sv012162@uni.edu.vn
2020112163,Phạm Hữu Bình,sv012163@uni.edu.vn
2021112164,Hoàng Hữu Bình,sv012164@uni.edu.vn
2022112165,Vũ Hữu Bình,sv012165@uni.edu.vn
2023112166,Đặng Hữu Bình,sv012166@uni.edu.vn
2024112167,Bùi Hữu Bình,sv012167@uni.edu.vn
2019112168,Đỗ Hữu Bình,sv012168@uni.edu.vn
2020112169,Hồ Hữu Bình,sv012169@uni.edu.vn
2021112170,Nguyễn Thành Bình,sv012170@uni.edu.vn
2022112171,Trần Thành Bình,sv012171@uni.edu.vn
2023112172,Lê Thành Bình,sv012172@uni.edu.vn
2024112173,Phạm Thành Bình,sv012173@uni.edu.vn
2019112174,Hoàng Thành Bình,sv012174@uni.edu.vn
2020112175,Vũ Thành Bình,sv012175@uni.edu.vn
2021112176,Đặng Thành Bình,sv012176@uni.edu.vn
2022112177,Bùi Thành Bình,sv012177@uni.edu.vn
2023112178,Đỗ Thành Bình,sv012178@uni.edu.vn
2024112179,Hồ Thành Bình,sv012179@uni.edu.vn
2019112180,Nguyễn Ngọc Bình,sv012180@uni.edu.vn
2020112181,Trần Ngọc Bình,sv012181@uni.edu.vn
2021112182,Lê Ngọc Bình,sv012182@uni.edu.vn
2022112183,Phạm Ngọc Bình,sv012183@uni.edu.vn
2023112184,Hoàng Ngọc Bình,sv012184@uni.edu.vn
2024112185,Vũ Ngọc Bình,sv012185@uni.edu.vn
2019112186,Đặng Ngọc Bình,sv012186@uni.edu.vn
2020112187,Bùi Ngọc Bình,sv012187@uni.edu.vn
2021112188,Đỗ Ngọc Bình,sv012188@uni.edu.vn
2022112189,Hồ Ngọc Bình,sv012189@uni.edu.vn
2023112190,Nguyễn Bình,sv012190@uni.edu.vn
2024112191,Trần Bình,sv012191@uni.edu.vn
2019112192,Lê Bình,sv012192@uni.edu.vn
2020112193,Phạm Bình,sv012193@uni.edu.vn
2021112194,Hoàng Bình,sv012194@uni.edu.vn
2022112195,Vũ Bình,sv012195@uni.edu.vn
2023112196,Đặng Bình,sv012196@uni.edu.vn
2024112197,Bùi Bình,sv012197@uni.edu.vn
2019112198,Đỗ Bình,sv012198@uni.edu.vn
2020112199,Hồ Bình,sv012199@uni.edu.vn
2021112200,Nguyễn Thị Chi,sv012200@uni.edu.vn
2022112201,Trần Thị Chi,sv012201@uni.edu.vn
2023112202,Lê Thị Chi,sv012202@uni.edu.vn
2024112203,Phạm Thị Chi,sv012203@uni.edu.vn
2019112204,Hoàng Thị Chi,sv012204@uni.edu.vn
2020112205,Vũ Thị Chi,sv012205@uni.edu.vn
2021112206,Đặng Thị Chi,sv012206@uni.edu.vn
2022112207,Bùi Thị Chi,sv012207@uni.edu.vn
2023112208,Đỗ Thị Chi,sv012208@uni.edu.vn
2024112209,Hồ Thị Chi,sv012209@uni.edu.vn
2019112210,Nguyễn Văn Chi,sv012210@uni.edu.vn
2020112211,Trần Văn Chi,sv012211@uni.edu.vn
2021112212,Lê Văn Chi,sv012212@uni.edu.vn
2022112213,Phạm Văn Chi,sv012213@uni.edu.vn
2023112214,Hoàng Văn Chi,sv012214@uni.edu.vn
2024112215,Vũ Văn Chi,sv012215@uni.edu.vn
2019112216,Đặng Văn Chi,sv012216@uni.edu.vn
2020112217,Bùi Văn Chi,sv012217@uni.edu.vn
2021112218,Đỗ Văn Chi,sv012218@uni.edu.vn
2022112219,Hồ Văn Chi,sv012219@uni.edu.vn
2023112220,Nguyễn Minh Chi,sv012220@uni.edu.vn
2024112221,Trần Minh Chi,sv012221@uni.edu.vn
2019112222,Lê Minh Chi,sv012222@uni.edu.vn
2020112223,Phạm Minh Chi,sv012223@uni.edu.vn
2021112224,Hoàng Minh Chi,sv012224@uni.edu.vn
2022112225,Vũ Minh Chi,sv012225@uni.edu.vn
2023112226,Đặng Minh Chi,sv012226@uni.edu.vn
2024112227,Bùi Minh Chi,sv012227@uni.edu.vn
2019112228,Đỗ Minh Chi,sv012228@uni.edu.vn
2020112229,Hồ Minh Chi,sv012229@uni.edu.vn
2021112230,Nguyễn Quốc Chi,sv012230@uni.edu.vn
2022112231,Trần Quốc Chi,sv012231@uni.edu.vn
2023112232,Lê Quốc Chi,sv012232@uni.edu.vn
2024112233,Phạm Quốc Chi,sv012233@uni.edu.vn
2019112234,Hoàng Quốc Chi,sv012234@uni.edu.vn
2020112235,Vũ Quốc Chi,sv012235@uni.edu.vn
2021112236,Đặng Quốc Chi,sv012236@uni.edu.vn
2022112237,Bùi Quốc Chi,sv012237@uni.edu.vn
2023112238,Đỗ Quốc Chi,sv012238@uni.edu.vn
2024112239,Hồ Quốc Chi,sv012239@uni.edu.vn
2019112240,Nguyễn Anh Chi,sv012240@uni.edu.vn
2020112241,Trần Anh Chi,sv012241@uni.edu.vn
2021112242,Lê Anh Chi,sv012242@uni.edu.vn
2022112243,Phạm Anh Chi,sv012243@uni.edu.vn
2023112244,Hoàng Anh Chi,sv012244@uni.edu.vn
2024112245,Vũ Anh Chi,sv012245@uni.edu.vn
2019112246,Đặng Anh Chi,sv012246@uni.edu.vn
2020112247,Bùi Anh Chi,sv012247@uni.edu.vn
2021112248,Đỗ Anh Chi,sv012248@uni.edu.vn
2022112249,Hồ Anh Chi,sv012249@uni.edu.vn
2023112250,Nguyễn Tuấn Chi,sv012250@uni.edu.vn
2024112251,Trần Tuấn Chi,sv012251@uni.edu.vn
2019112252,Lê Tuấn Chi,sv012252@uni.edu.vn
2020112253,Phạm Tuấn Chi,sv012253@uni.edu.vn
2021112254,Hoàng Tuấn Chi,sv012254@uni.edu.vn
2022112255,Vũ Tuấn Chi,sv012255@uni.edu.vn
2023112256,Đặng Tuấn Chi,sv012256@uni.edu.vn
2024112257,Bùi Tuấn Chi,sv012257@uni.edu.vn
2019112258,Đỗ Tuấn Chi,sv012258@uni.edu.vn
2020112259,Hồ Tuấn Chi,sv012259@uni.edu.vn
2021112260,Nguyễn Hữu Chi,sv012260@uni.edu.vn
2022112261,Trần Hữu Chi,sv012261@uni.edu.vn
2023112262,Lê Hữu Chi,sv012262@uni.edu.vn
2024112263,Phạm Hữu Chi,sv012263@uni.edu.vn
2019112264,Hoàng Hữu Chi,sv012264@uni.edu.vn
2020112265,Vũ Hữu Chi,sv012265@uni.edu.vn
2021112266,Đặng Hữu Chi,sv012266@uni.edu.vn
2022112267,Bùi Hữu Chi,sv012267@uni.edu.vn
2023112268,Đỗ Hữu Chi,sv012268@uni.edu.vn
2024112269,Hồ Hữu Chi,sv012269@uni.edu.vn
2019112270,Nguyễn Thành Chi,sv012270@uni.edu.vn
2020112271,Trần Thành Chi,sv012271@uni.edu.vn
2021112272,Lê Thành Chi,sv012272@uni.edu.vn
2022112273,Phạm Thành Chi,sv012273@uni.edu.vn
2023112274,Hoàng Thành Chi,sv012274@uni.edu.vn
2024112275,Vũ Thành Chi,sv012275@uni.edu.vn
2019112276,Đặng Thành Chi,sv012276@uni.edu.vn
2020112277,Bùi Thành Chi,sv012277@uni.edu.vn
2021112278,Đỗ Thành Chi,sv012278@uni.edu.vn
2022112279,Hồ Thành Chi,sv012279@uni.edu.vn
2023112280,Nguyễn Ngọc Chi,sv012280@uni.edu.vn
2024112281,Trần Ngọc Chi,sv012281@uni.edu.vn
2019112282,Lê Ngọc Chi,sv012282@uni.edu.vn
2020112283,Phạm Ngọc Chi,sv012283@uni.edu.vn
2021112284,Hoàng Ngọc Chi,sv012284@uni.edu.vn
2022112285,Vũ Ngọc Chi,sv012285@uni.edu.vn
2023112286,Đặng Ngọc Chi,sv012286@uni.edu.vn
2024112287,Bùi Ngọc Chi,sv012287@uni.edu.vn
2019112288,Đỗ Ngọc Chi,sv012288@uni.edu.vn
2020112289,Hồ Ngọc Chi,sv012289@uni.edu.vn
2021112290,Nguyễn Chi,sv012290@uni.edu.vn
2022112291,Trần Chi,sv012291@uni.edu.vn
2023112292,Lê Chi,sv012292@uni.edu.vn
2024112293,Phạm Chi,sv012293@uni.edu.vn
2019112294,Hoàng Chi,sv012294@uni.edu.vn
2020112295,Vũ Chi,sv012295@uni.edu.vn
2021112296,Đặng Chi,sv012296@uni.edu.vn
2022112297,Bùi Chi,sv012297@uni.edu.vn
2023112298,Đỗ Chi,sv012298@uni.edu.vn
2024112299,Hồ Chi,sv012299@uni.edu.vn
2019112300,Nguyễn Thị Dũng,sv012300@uni.edu.vn
2020112301,Trần Thị Dũng,sv012301@uni.edu.vn
2021112302,Lê Thị Dũng,sv012302@uni.edu.vn
2022112303,Phạm Thị Dũng,sv012303@uni.edu.vn
2023112304,Hoàng Thị Dũng,sv012304@uni.edu.vn
2024112305,Vũ Thị Dũng,sv012305@uni.edu.vn
2019112306,Đặng Thị Dũng,sv012306@uni.edu.vn
2020112307,Bùi Thị Dũng,sv012307@uni.edu.vn
2021112308,Đỗ Thị Dũng,sv012308@uni.edu.vn
2022112309,Hồ Thị Dũng,sv012309@uni.edu.vn
2023112310,Nguyễn Văn Dũng,sv012310@uni.edu.vn
2024112311,Trần Văn Dũng,sv012311@uni.edu.vn
2019112312,Lê Văn Dũng,sv012312@uni.edu.vn
2020112313,Phạm Văn Dũng,sv012313@uni.edu.vn
2021112314,Hoàng Văn Dũng,sv012314@uni.edu.vn
2022112315,Vũ Văn Dũng,sv012315@uni.edu.vn
2023112316,Đặng Văn Dũng,sv012316@uni.edu.vn
2024112317,Bùi Văn Dũng,sv012317@uni.edu.vn
2019112318,Đỗ Văn Dũng,sv012318@uni.edu.vn
2020112319,Hồ Văn Dũng,sv012319@uni.edu.vn
2021112320,Nguyễn Minh Dũng,sv012320@uni.edu.vn
2022112321,Trần Minh Dũng,sv012321@uni.edu.vn
2023112322,Lê Minh Dũng,sv012322@uni.edu.vn
2024112323,Phạm Minh Dũng,sv012323@uni.edu.vn
2019112324,Hoàng Minh Dũng,sv012324@uni.edu.vn
2020112325,Vũ Minh Dũng,sv012325@uni.edu.vn
2021112326,Đặng Minh Dũng,sv012326@uni.edu.vn
2022112327,Bùi Minh Dũng,sv012327@uni.edu.vn
2023112328,Đỗ Minh Dũng,sv012328@uni.edu.vn
2024112329,Hồ Minh Dũng,sv012329@uni.edu.vn
2019112330,Nguyễn Quốc Dũng,sv012330@uni.edu.vn
2020112331,Trần Quốc Dũng,sv012331@uni.edu.vn
2021112332,Lê Quốc Dũng,sv012332@uni.edu.vn
2022112333,Phạm Quốc Dũng,sv012333@uni.edu.vn
2023112334,Hoàng Quốc Dũng,sv012334@uni.edu.vn
2024112335,Vũ Quốc Dũng,sv012335@uni.edu.vn
2019112336,Đặng Quốc Dũng,sv012336@uni.edu.vn
2020112337,Bùi Quốc Dũng,sv012337@uni.edu.vn
2021112338,Đỗ Quốc Dũng,sv012338@uni.edu.vn
2022112339,Hồ Quốc Dũng,sv012339@uni.edu.vn
2023112340,Nguyễn Anh Dũng,sv012340@uni.edu.vn
2024112341,Trần Anh Dũng,sv012341@uni.edu.vn
2019112342,Lê Anh Dũng,sv012342@uni.edu.vn
2020112343,Phạm Anh Dũng,sv012343@uni.edu.vn
2021112344,Hoàng Anh Dũng,sv012344@uni.edu.vn
2022112345,Vũ Anh Dũng,sv012345@uni.edu.vn
2023112346,Đặng Anh Dũng,sv012346@uni.edu.vn
2024112347,Bùi Anh Dũng,sv012347@uni.edu.vn
2019112348,Đỗ Anh Dũng,sv012348@uni.edu.vn
2020112349,Hồ Anh Dũng,sv012349@uni.edu.vn
2021112350,Nguyễn Tuấn Dũng,sv012350@uni.edu.vn
2022112351,Trần Tuấn Dũng,sv012351@uni.edu.vn
2023112352,Lê Tuấn Dũng,sv012352@uni.edu.vn
2024112353,Phạm Tuấn Dũng,sv012353@uni.edu.vn
2019112354,Hoàng Tuấn Dũng,sv012354@uni.edu.vn
2020112355,Vũ Tuấn Dũng,sv012355@uni.edu.vn
2021112356,Đặng Tuấn Dũng,sv012356@uni.edu.vn
2022112357,Bùi Tuấn Dũng,sv012357@uni.edu.vn
2023112358,Đỗ Tuấn Dũng,sv012358@uni.edu.vn
2024112359,Hồ Tuấn Dũng,sv012359@uni.edu.vn
2019112360,Nguyễn Hữu Dũng,sv012360@uni.edu.vn
2020112361,Trần Hữu Dũng,sv012361@uni.edu.vn
2021112362,Lê Hữu Dũng,sv012362@uni.edu.vn
2022112363,Phạm Hữu Dũng,sv012363@uni.edu.vn
2023112364,Hoàng Hữu Dũng,sv012364@uni.edu.vn
2024112365,Vũ Hữu Dũng,sv012365@uni.edu.vn
2019112366,Đặng Hữu Dũng,sv012366@uni.edu.vn
2020112367,Bùi Hữu Dũng,sv012367@uni.edu.vn
2021112368,Đỗ Hữu Dũng,sv012368@uni.edu.vn
2022112369,Hồ Hữu Dũng,sv012369@uni.edu.vn
2023112370,Nguyễn Thành Dũng,sv012370@uni.edu.vn
2024112371,Trần Thành Dũng,sv012371@uni.edu.vn
2019112372,Lê Thành Dũng,sv012372@uni.edu.vn
2020112373,Phạm Thành Dũng,sv012373@uni.edu.vn
2021112374,Hoàng Thành Dũng,sv012374@uni.edu.vn
2022112375,Vũ Thành Dũng,sv012375@uni.edu.vn
2023112376,Đặng Thành Dũng,sv012376@uni.edu.vn
2024112377,Bùi Thành Dũng,sv012377@uni.edu.vn
2019112378,Đỗ Thành Dũng,sv012378@uni.edu.vn
2020112379,Hồ Thành Dũng,sv012379@uni.edu.vn
2021112380,Nguyễn Ngọc Dũng,sv012380@uni.edu.vn
2022112381,Trần Ngọc Dũng,sv012381@uni.edu.vn
2023112382,Lê Ngọc Dũng,sv012382@uni.edu.vn
2024112383,Phạm Ngọc Dũng,sv012383@uni.edu.vn
2019112384,Hoàng Ngọc Dũng,sv012384@uni.edu.vn
2020112385,Vũ Ngọc Dũng,sv012385@uni.edu.vn
2021112386,Đặng Ngọc Dũng,sv012386@uni.edu.vn
2022112387,Bùi Ngọc Dũng,sv012387@uni.edu.vn
2023112388,Đỗ Ngọc Dũng,sv012388@uni.edu.vn
2024112389,Hồ Ngọc Dũng,sv012389@uni.edu.vn
2019112390,Nguyễn Dũng,sv012390@uni.edu.vn
2020112391,Trần Dũng,sv012391@uni.edu.vn
2021112392,Lê Dũng,sv012392@uni.edu.vn
2022112393,Phạm Dũng,sv012393@uni.edu.vn
2023112394,Hoàng Dũng,sv012394@uni.edu.vn
2024112395,Vũ Dũng,sv012395@uni.edu.vn
2019112396,Đặng Dũng,sv012396@uni.edu.vn
2020112397,Bùi Dũng,sv012397@uni.edu.vn
2021112398,Đỗ Dũng,sv012398@uni.edu.vn
2022112399,Hồ Dũng,sv012399@uni.edu.vn
2023112400,Nguyễn Thị Giang,sv012400@uni.edu.vn
2024112401,Trần Thị Giang,sv012401@uni.edu.vn
2019112402,Lê Thị Giang,sv012402@uni.edu.vn
2020112403,Phạm Thị Giang,sv012403@uni.edu.vn
2021112404,Hoàng Thị Giang,sv012404@uni.edu.vn
2022112405,Vũ Thị Giang,sv012405@uni.edu.vn
2023112406,Đặng Thị Giang,sv012406@uni.edu.vn
2024112407,Bùi Thị Giang,sv012407@uni.edu.vn
2019112408,Đỗ Thị Giang,sv012408@uni.edu.vn
2020112409,Hồ Thị Giang,sv012409@uni.edu.vn
2021112410,Nguyễn Văn Giang,sv012410@uni.edu.vn
2022112411,Trần Văn Giang,sv012411@uni.edu.vn
2023112412,Lê Văn Giang,sv012412@uni.edu.vn
2024112413,Phạm Văn Giang,sv012413@uni.edu.vn
2019112414,Hoàng Văn Giang,sv012414@uni.edu.vn
2020112415,Vũ Văn Giang,sv012415@uni.edu.vn
2021112416,Đặng Văn Giang,sv012416@uni.edu.vn
2022112417,Bùi Văn Giang,sv012417@uni.edu.vn
2023112418,Đỗ Văn Giang,sv012418@uni.edu.vn
2024112419,Hồ Văn Giang,sv012419@uni.edu.vn
2019112420,Nguyễn Minh Giang,sv012420@uni.edu.vn
2020112421,Trần Minh Giang,sv012421@uni.edu.vn
2021112422,Lê Minh Giang,sv012422@uni.edu.vn
2022112423,Phạm Minh Giang,sv012423@uni.edu.vn
2023112424,Hoàng Minh Giang,sv012424@uni.edu.vn
2024112425,Vũ Minh Giang,sv012425@uni.edu.vn
2019112426,Đặng Minh Giang,sv012426@uni.edu.vn
2020112427,Bùi Minh Giang,sv012427@uni.edu.vn
2021112428,Đỗ Minh Giang,sv012428@uni.edu.vn
2022112429,Hồ Minh Giang,sv012429@uni.edu.vn
2023112430,Nguyễn Quốc Giang,sv012430@uni.edu.vn
2024112431,Trần Quốc Giang,sv012431@uni.edu.vn
2019112432,Lê Quốc Giang,sv012432@uni.edu.vn
2020112433,Phạm Quốc Giang,sv012433@uni.edu.vn
2021112434,Hoàng Quốc Giang,sv012434@uni.edu.vn
2022112435,Vũ Quốc Giang,sv012435@uni.edu.vn
2023112436,Đặng Quốc Giang,sv012436@uni.edu.vn
2024112437,Bùi Quốc Giang,sv012437@uni.edu.vn
2019112438,Đỗ Quốc Giang,sv012438@uni.edu.vn
2020112439,Hồ Quốc Giang,sv012439@uni.edu.vn
2021112440,Nguyễn Anh Giang,sv012440@uni.edu.vn
2022112441,Trần Anh Giang,sv012441@uni.edu.vn
2023112442,Lê Anh Giang,sv012442@uni.edu.vn
2024112443,Phạm Anh Giang,sv012443@uni.edu.vn
2019112444,Hoàng Anh Giang,sv012444@uni.edu.vn
2020112445,Vũ Anh Giang,sv012445@uni.edu.vn
2021112446,Đặng Anh Giang,sv012446@uni.edu.vn
2022112447,Bùi Anh Giang,sv012447@uni.edu.vn
2023112448,Đỗ Anh Giang,sv012448@uni.edu.vn
2024112449,Hồ Anh Giang,sv012449@uni.edu.vn
2019112450,Nguyễn Tuấn Giang,sv012450@uni.edu.vn
2020112451,Trần Tuấn Giang,sv012451@uni.edu.vn
2021112452,Lê Tuấn Giang,sv012452@uni.edu.vn
2022112453,Phạm Tuấn Giang,sv012453@uni.edu.vn
2023112454,Hoàng Tuấn Giang,sv012454@uni.edu.vn
2024112455,Vũ Tuấn Giang,sv012455@uni.edu.vn
2019112456,Đặng Tuấn Giang,sv012456@uni.edu.vn
2020112457,Bùi Tuấn Giang,sv012457@uni.edu.vn
2021112458,Đỗ Tuấn Giang,sv012458@uni.edu.vn
2022112459,Hồ Tuấn Giang,sv012459@uni.edu.vn
2023112460,Nguyễn Hữu Giang,sv012460@uni.edu.vn
2024112461,Trần Hữu Giang,sv012461@uni.edu.vn
2019112462,Lê Hữu Giang,sv012462@uni.edu.vn
2020112463,Phạm Hữu Giang,sv012463@uni.edu.vn
2021112464,Hoàng Hữu Giang,sv012464@uni.edu.vn
2022112465,Vũ Hữu Giang,sv012465@uni.edu.vn
2023112466,Đặng Hữu Giang,sv012466@uni.edu.vn
2024112467,Bùi Hữu Giang,sv012467@uni.edu.vn
2019112468,Đỗ Hữu Giang,sv012468@uni.edu.vn
2020112469,Hồ Hữu Giang,sv012469@uni.edu.vn
2021112470,Nguyễn Thành Giang,sv012470@uni.edu.vn
2022112471,Trần Thành Giang,sv012471@uni.edu.vn
2023112472,Lê Thành Giang,sv012472@uni.edu.vn
2024112473,Phạm Thành Giang,sv012473@uni.edu.vn
2019112474,Hoàng Thành Giang,sv012474@uni.edu.vn
2020112475,Vũ Thành Giang,sv012475@uni.edu.vn
2021112476,Đặng Thành Giang,sv012476@uni.edu.vn
2022112477,Bùi Thành Giang,sv012477@uni.edu.vn
2023112478,Đỗ Thành Giang,sv012478@uni.edu.vn
2024112479,Hồ Thành Giang,sv012479@uni.edu.vn
2019112480,Nguyễn Ngọc Giang,sv012480@uni.edu.vn
2020112481,Trần Ngọc Giang,sv012481@uni.edu.vn
2021112482,Lê Ngọc Giang,sv012482@uni.edu.vn
2022112483,Phạm Ngọc Giang,sv012483@uni.edu.vn
2023112484,Hoàng Ngọc Giang,sv012484@uni.edu.vn
2024112485,Vũ Ngọc Giang,sv012485@uni.edu.vn
2019112486,Đặng Ngọc Giang,sv012486@uni.edu.vn
2020112487,Bùi Ngọc Giang,sv012487@uni.edu.vn
2021112488,Đỗ Ngọc Giang,sv012488@uni.edu.vn
2022112489,Hồ Ngọc Giang,sv012489@uni.edu.vn
2023112490,Nguyễn Giang,sv012490@uni.edu.vn
2024112491,Trần Giang,sv012491@uni.edu.vn
2019112492,Lê Giang,sv012492@uni.edu.vn
2020112493,Phạm Giang,sv012493@uni.edu.vn
2021112494,Hoàng Giang,sv012494@uni.edu.vn
2022112495,Vũ Giang,sv012495@uni.edu.vn
2023112496,Đặng Giang,sv012496@uni.edu.vn
2024112497,Bùi Giang,sv012497@uni.edu.vn
2019112498,Đỗ Giang,sv012498@uni.edu.vn
2020112499,Hồ Giang,sv012499@uni.edu.vn
2021112500,Nguyễn Thị Hà,sv012500@uni.edu.vn
2022112501,Trần Thị Hà,sv012501@uni.edu.vn
2023112502,Lê Thị Hà,sv012502@uni.edu.vn
2024112503,Phạm Thị Hà,sv012503@uni.edu.vn
2019112504,Hoàng Thị Hà,sv012504@uni.edu.vn
2020112505,Vũ Thị Hà,sv012505@uni.edu.vn
2021112506,Đặng Thị Hà,sv012506@uni.edu.vn
2022112507,Bùi Thị Hà,sv012507@uni.edu.vn
2023112508,Đỗ Thị Hà,sv012508@uni.edu.vn
2024112509,Hồ Thị Hà,sv012509@uni.edu.vn
2019112510,Nguyễn Văn Hà,sv012510@uni.edu.vn
2020112511,Trần Văn Hà,sv012511@uni.edu.vn
2021112512,Lê Văn Hà,sv012512@uni.edu.vn
2022112513,Phạm Văn Hà,sv012513@uni.edu.vn
2023112514,Hoàng Văn Hà,sv012514@uni.edu.vn
2024112515,Vũ Văn Hà,sv012515@uni.edu.vn
2019112516,Đặng Văn Hà,sv012516@uni.edu.vn
2020112517,Bùi Văn Hà,sv012517@uni.edu.vn
2021112518,Đỗ Văn Hà,sv012518@uni.edu.vn
2022112519,Hồ Văn Hà,sv012519@uni.edu.vn
2023112520,Nguyễn Minh Hà,sv012520@uni.edu.vn
2024112521,Trần Minh Hà,sv012521@uni.edu.vn
2019112522,Lê Minh Hà,sv012522@uni.edu.vn
2020112523,Phạm Minh Hà,sv012523@uni.edu.vn
2021112524,Hoàng Minh Hà,sv012524@uni.edu.vn
2022112525,Vũ Minh Hà,sv012525@uni.edu.vn
2023112526,Đặng Minh Hà,sv012526@uni.edu.vn
2024112527,Bùi Minh Hà,sv012527@uni.edu.vn
2019112528,Đỗ Minh Hà,sv012528@uni.edu.vn
2020112529,Hồ Minh Hà,sv012529@uni.edu.vn
2021112530,Nguyễn Quốc Hà,sv012530@uni.edu.vn
2022112531,Trần Quốc Hà,sv012531@uni.edu.vn
2023112532,Lê Quốc Hà,sv012532@uni.edu.vn
2024112533,Phạm Quốc Hà,sv012533@uni.edu.vn
2019112534,Hoàng Quốc Hà,sv012534@uni.edu.vn
2020112535,Vũ Quốc Hà,sv012535@uni.edu.vn
2021112536,Đặng Quốc Hà,sv012536@uni.edu.vn
2022112537,Bùi Quốc Hà,sv012537@uni.edu.vn
2023112538,Đỗ Quốc Hà,sv012538@uni.edu.vn
2024112539,Hồ Quốc Hà,sv012539@uni.edu.vn
2019112540,Nguyễn Anh Hà,sv012540@uni.edu.vn
2020112541,Trần Anh Hà,sv012541@uni.edu.vn
2021112542,Lê Anh Hà,sv012542@uni.edu.vn
2022112543,Phạm Anh Hà,sv012543@uni.edu.vn
2023112544,Hoàng Anh Hà,sv012544@uni.edu.vn
2024112545,Vũ Anh Hà,sv012545@uni.edu.vn
2019112546,Đặng Anh Hà,sv012546@uni.edu.vn
2020112547,Bùi Anh Hà,sv012547@uni.edu.vn
2021112548,Đỗ Anh Hà,sv012548@uni.edu.vn
2022112549,Hồ Anh Hà,sv012549@uni.edu.vn
2023112550,Nguyễn Tuấn Hà,sv012550@uni.edu.vn
2024112551,Trần Tuấn Hà,sv012551@uni.edu.vn
2019112552,Lê Tuấn Hà,sv012552@uni.edu.vn
2020112553,Phạm Tuấn Hà,sv012553@uni.edu.vn
2021112554,Hoàng Tuấn Hà,sv012554@uni.edu.vn
2022112555,Vũ Tuấn Hà,sv012555@uni.edu.vn
2023112556,Đặng Tuấn Hà,sv012556@uni.edu.vn
2024112557,Bùi Tuấn Hà,sv012557@uni.edu.vn
2019112558,Đỗ Tuấn Hà,sv012558@uni.edu.vn
2020112559,Hồ Tuấn Hà,sv012559@uni.edu.vn
2021112560,Nguyễn Hữu Hà,sv012560@uni.edu.vn
2022112561,Trần Hữu Hà,sv012561@uni.edu.vn
2023112562,Lê Hữu Hà,sv012562@uni.edu.vn
2024112563,Phạm Hữu Hà,sv012563@uni.edu.vn
2019112564,Hoàng Hữu Hà,sv012564@uni.edu.vn
2020112565,Vũ Hữu Hà,sv012565@uni.edu.vn
2021112566,Đặng Hữu Hà,sv012566@uni.edu.vn
2022112567,Bùi Hữu Hà,sv012567@uni.edu.vn
2023112568,Đỗ Hữu Hà,sv012568@uni.edu.vn
2024112569,Hồ Hữu Hà,sv012569@uni.edu.vn
2019112570,Nguyễn Thành Hà,sv012570@uni.edu.vn
2020112571,Trần Thành Hà,sv012571@uni.edu.vn
2021112572,Lê Thành Hà,sv012572@uni.edu.vn
2022112573,Phạm Thành Hà,sv012573@uni.edu.vn
2023112574,Hoàng Thành Hà,sv012574@uni.edu.vn
2024112575,Vũ Thành Hà,sv012575@uni.edu.vn
2019112576,Đặng Thành Hà,sv012576@uni.edu.vn
2020112577,Bùi Thành Hà,sv012577@uni.edu.vn
2021112578,Đỗ Thành Hà,sv012578@uni.edu.vn
2022112579,Hồ Thành Hà,sv012579@uni.edu.vn
2023112580,Nguyễn Ngọc Hà,sv012580@uni.edu.vn
2024112581,Trần Ngọc Hà,sv012581@uni.edu.vn
2019112582,Lê Ngọc Hà,sv012582@uni.edu.vn
2020112583,Phạm Ngọc Hà,sv012583@uni.edu.vn
2021112584,Hoàng Ngọc Hà,sv012584@uni.edu.vn
2022112585,Vũ Ngọc Hà,sv012585@uni.edu.vn
2023112586,Đặng Ngọc Hà,sv012586@uni.edu.vn
2024112587,Bùi Ngọc Hà,sv012587@uni.edu.vn
2019112588,Đỗ Ngọc Hà,sv012588@uni.edu.vn
2020112589,Hồ Ngọc Hà,sv012589@uni.edu.vn
2021112590,Nguyễn Hà,sv012590@uni.edu.vn
2022112591,Trần Hà,sv012591@uni.edu.vn
2023112592,Lê Hà,sv012592@uni.edu.vn
2024112593,Phạm Hà,sv012593@uni.edu.vn
2019112594,Hoàng Hà,sv012594@uni.edu.vn
2020112595,Vũ Hà,sv012595@uni.edu.vn
2021112596,Đặng Hà,sv012596@uni.edu.vn
2022112597,Bùi Hà,sv012597@uni.edu.vn
2023112598,Đỗ Hà,sv012598@uni.edu.vn
2024112599,Hồ Hà,sv012599@uni.edu.vn
2019112600,Nguyễn Thị Hùng,sv012600@uni.edu.vn
2020112601,Trần Thị Hùng,sv012601@uni.edu.vn
2021112602,Lê Thị Hùng,sv012602@uni.edu.vn
2022112603,Phạm Thị Hùng,sv012603@uni.edu.vn
2023112604,Hoàng Thị Hùng,sv012604@uni.edu.vn
2024112605,Vũ Thị Hùng,sv012605@uni.edu.vn
2019112606,Đặng Thị Hùng,sv012606@uni.edu.vn
2020112607,Bùi Thị Hùng,sv012607@uni.edu.vn
2021112608,Đỗ Thị Hùng,sv012608@uni.edu.vn
2022112609,Hồ Thị Hùng,sv012609@uni.edu.vn
2023112610,Nguyễn Văn Hùng,sv012610@uni.edu.vn
2024112611,Trần Văn Hùng,sv012611@uni.edu.vn
2019112612,Lê Văn Hùng,sv012612@uni.edu.vn
2020112613,Phạm Văn Hùng,sv012613@uni.edu.vn
2021112614,Hoàng Văn Hùng,sv012614@uni.edu.vn
2022112615,Vũ Văn Hùng,sv012615@uni.edu.vn
2023112616,Đặng Văn Hùng,sv012616@uni.edu.vn
2024112617,Bùi Văn Hùng,sv012617@uni.edu.vn
2019112618,Đỗ Văn Hùng,sv012618@uni.edu.vn
2020112619,Hồ Văn Hùng,sv012619@uni.edu.vn
2021112620,Nguyễn Minh Hùng,sv012620@uni.edu.vn
2022112621,Trần Minh Hùng,sv012621@uni.edu.vn
2023112622,Lê Minh Hùng,sv012622@uni.edu.vn
2024112623,Phạm Minh Hùng,sv012623@uni.edu.vn
2019112624,Hoàng Minh Hùng,sv012624@uni.edu.vn
2020112625,Vũ Minh Hùng,sv012625@uni.edu.vn
2021112626,Đặng Minh Hùng,sv012626@uni.edu.vn
2022112627,Bùi Minh Hùng,sv012627@uni.edu.vn
2023112628,Đỗ Minh Hùng,sv012628@uni.edu.vn
2024112629,Hồ Minh Hùng,sv012629@uni.edu.vn
2019112630,Nguyễn Quốc Hùng,sv012630@uni.edu.vn
2020112631,Trần Quốc Hùng,sv012631@uni.edu.vn
2021112632,Lê Quốc Hùng,sv012632@uni.edu.vn
2022112633,Phạm Quốc Hùng,sv012633@uni.edu.vn
2023112634,Hoàng Quốc Hùng,sv012634@uni.edu.vn
2024112635,Vũ Quốc Hùng,sv012635@uni.edu.vn
2019112636,Đặng Quốc Hùng,sv012636@uni.edu.vn
2020112637,Bùi Quốc Hùng,sv012637@uni.edu.vn
2021112638,Đỗ Quốc Hùng,sv012638@uni.edu.vn
2022112639,Hồ Quốc Hùng,sv012639@uni.edu.vn
2023112640,Nguyễn Anh Hùng,sv012640@uni.edu.vn
2024112641,Trần Anh Hùng,sv012641@uni.edu.vn
2019112642,Lê Anh Hùng,sv012642@uni.edu.vn
2020112643,Phạm Anh Hùng,sv012643@uni.edu.vn
2021112644,Hoàng Anh Hùng,sv012644@uni.edu.vn
2022112645,Vũ Anh Hùng,sv012645@uni.edu.vn
2023112646,Đặng Anh Hùng,sv012646@uni.edu.vn
2024112647,Bùi Anh Hùng,sv012647@uni.edu.vn
2019112648,Đỗ Anh Hùng,sv012648@uni.edu.vn
2020112649,Hồ Anh Hùng,sv012649@uni.edu.vn
2021112650,Nguyễn Tuấn Hùng,sv012650@uni.edu.vn
2022112651,Trần Tuấn Hùng,sv012651@uni.edu.vn
2023112652,Lê Tuấn Hùng,sv012652@uni.edu.vn
2024112653,Phạm Tuấn Hùng,sv012653@uni.edu.vn
2019112654,Hoàng Tuấn Hùng,sv012654@uni.edu.vn
2020112655,Vũ Tuấn Hùng,sv012655@uni.edu.vn
2021112656,Đặng Tuấn Hùng,sv012656@uni.edu.vn
2022112657,Bùi Tuấn Hùng,sv012657@uni.edu.vn
2023112658,Đỗ Tuấn Hùng,sv012658@uni.edu.vn
2024112659,Hồ Tuấn Hùng,sv012659@uni.edu.vn
2019112660,Nguyễn Hữu Hùng,sv012660@uni.edu.vn
2020112661,Trần Hữu Hùng,sv012661@uni.edu.vn
2021112662,Lê Hữu Hùng,sv012662@uni.edu.vn
2022112663,Phạm Hữu Hùng,sv012663@uni.edu.vn
2023112664,Hoàng Hữu Hùng,sv012664@uni.edu.vn
2024112665,Vũ Hữu Hùng,sv012665@uni.edu.vn
2019112666,Đặng Hữu Hùng,sv012666@uni.edu.vn
2020112667,Bùi Hữu Hùng,sv012667@uni.edu.vn
2021112668,Đỗ Hữu Hùng,sv012668@uni.edu.vn
2022112669,Hồ Hữu Hùng,sv012669@uni.edu.vn
2023112670,Nguyễn Thành Hùng,sv012670@uni.edu.vn
2024112671,Trần Thành Hùng,sv012671@uni.edu.vn
2019112672,Lê Thành Hùng,sv012672@uni.edu.vn
2020112673,Phạm Thành Hùng,sv012673@uni.edu.vn
2021112674,Hoàng Thành Hùng,sv012674@uni.edu.vn
2022112675,Vũ Thành Hùng,sv012675@uni.edu.vn
2023112676,Đặng Thành Hùng,sv012676@uni.edu.vn
2024112677,Bùi Thành Hùng,sv012677@uni.edu.vn
2019112678,Đỗ Thành Hùng,sv012678@uni.edu.vn
2020112679,Hồ Thành Hùng,sv012679@uni.edu.vn
2021112680,Nguyễn Ngọc Hùng,sv012680@uni.edu.vn
2022112681,Trần Ngọc Hùng,sv012681@uni.edu.vn
2023112682,Lê Ngọc Hùng,sv012682@uni.edu.vn
2024112683,Phạm Ngọc Hùng,sv012683@uni.edu.vn
2019112684,Hoàng Ngọc Hùng,sv012684@uni.edu.vn
2020112685,Vũ Ngọc Hùng,sv012685@uni.edu.vn
2021112686,Đặng Ngọc Hùng,sv012686@uni.edu.vn
2022112687,Bùi Ngọc Hùng,sv012687@uni.edu.vn
2023112688,Đỗ Ngọc Hùng,sv012688@uni.edu.vn
2024112689,Hồ Ngọc Hùng,sv012689@uni.edu.vn
2019112690,Nguyễn Hùng,sv012690@uni.edu.vn
2020112691,Trần Hùng,sv012691@uni.edu.vn
2021112692,Lê Hùng,sv012692@uni.edu.vn
2022112693,Phạm Hùng,sv012693@uni.edu.vn
2023112694,Hoàng Hùng,sv012694@uni.edu.vn
2024112695,Vũ Hùng,sv012695@uni.edu.vn
2019112696,Đặng Hùng,sv012696@uni.edu.vn
2020112697,Bùi Hùng,sv012697@uni.edu.vn
2021112698,Đỗ Hùng,sv012698@uni.edu.vn
2022112699,Hồ Hùng,sv012699@uni.edu.vn
2023112700,Nguyễn Thị Khoa,sv012700@uni.edu.vn
2024112701,Trần Thị Khoa,sv012701@uni.edu.vn
2019112702,Lê Thị Khoa,sv012702@uni.edu.vn
2020112703,Phạm Thị Khoa,sv012703@uni.edu.vn
2021112704,Hoàng Thị Khoa,sv012704@uni.edu.vn
2022112705,Vũ Thị Khoa,sv012705@uni.edu.vn
2023112706,Đặng Thị Khoa,sv012706@uni.edu.vn
2024112707,Bùi Thị Khoa,sv012707@uni.edu.vn
2019112708,Đỗ Thị Khoa,sv012708@uni.edu.vn
2020112709,Hồ Thị Khoa,sv012709@uni.edu.vn
2021112710,Nguyễn Văn Khoa,sv012710@uni.edu.vn
2022112711,Trần Văn Khoa,sv012711@uni.edu.vn
2023112712,Lê Văn Khoa,sv012712@uni.edu.vn
2024112713,Phạm Văn Khoa,sv012713@uni.edu.vn
2019112714,Hoàng Văn Khoa,sv012714@uni.edu.vn
2020112715,Vũ Văn Khoa,sv012715@uni.edu.vn
2021112716,Đặng Văn Khoa,sv012716@uni.edu.vn
2022112717,Bùi Văn Khoa,sv012717@uni.edu.vn
2023112718,Đỗ Văn Khoa,sv012718@uni.edu.vn
2024112719,Hồ Văn Khoa,sv012719@uni.edu.vn
2019112720,Nguyễn Minh Khoa,sv012720@uni.edu.vn
2020112721,Trần Minh Khoa,sv012721@uni.edu.vn
2021112722,Lê Minh Khoa,sv012722@uni.edu.vn
2022112723,Phạm Minh Khoa,sv012723@uni.edu.vn
2023112724,Hoàng Minh Khoa,sv012724@uni.edu.vn
2024112725,Vũ Minh Khoa,sv012725@uni.edu.vn
2019112726,Đặng Minh Khoa,sv012726@uni.edu.vn
2020112727,Bùi Minh Khoa,sv012727@uni.edu.vn
2021112728,Đỗ Minh Khoa,sv012728@uni.edu.vn
2022112729,Hồ Minh Khoa,sv012729@uni.edu.vn
2023112730,Nguyễn Quốc Khoa,sv012730@uni.edu.vn
2024112731,Trần Quốc Khoa,sv012731@uni.edu.vn
2019112732,Lê Quốc Khoa,sv012732@uni.edu.vn
2020112733,Phạm Quốc Khoa,sv012733@uni.edu.vn
2021112734,Hoàng Quốc Khoa,sv012734@uni.edu.vn
2022112735,Vũ Quốc Khoa,sv012735@uni.edu.vn
2023112736,Đặng Quốc Khoa,sv012736@uni.edu.vn
2024112737,Bùi Quốc Khoa,sv012737@uni.edu.vn
2019112738,Đỗ Quốc Khoa,sv012738@uni.edu.vn
2020112739,Hồ Quốc Khoa,sv012739@uni.edu.vn
2021112740,Nguyễn Anh Khoa,sv012740@uni.edu.vn
2022112741,Trần Anh Khoa,sv012741@uni.edu.vn
2023112742,Lê Anh Khoa,sv012742@uni.edu.vn
2024112743,Phạm Anh Khoa,sv012743@uni.edu.vn
2019112744,Hoàng Anh Khoa,sv012744@uni.edu.vn
2020112745,Vũ Anh Khoa,sv012745@uni.edu.vn
2021112746,Đặng Anh Khoa,sv012746@uni.edu.vn
2022112747,Bùi Anh Khoa,sv012747@uni.edu.vn
2023112748,Đỗ Anh Khoa,sv012748@uni.edu.vn
2024112749,Hồ Anh Khoa,sv012749@uni.edu.vn
2019112750,Nguyễn Tuấn Khoa,sv012750@uni.edu.vn
2020112751,Trần Tuấn Khoa,sv012751@uni.edu.vn
2021112752,Lê Tuấn Khoa,sv012752@uni.edu.vn
2022112753,Phạm Tuấn Khoa,sv012753@uni.edu.vn
2023112754,Hoàng Tuấn Khoa,sv012754@uni.edu.vn
2024112755,Vũ Tuấn Khoa,sv012755@uni.edu.vn
2019112756,Đặng Tuấn Khoa,sv012756@uni.edu.vn
2020112757,Bùi Tuấn Khoa,sv012757@uni.edu.vn
2021112758,Đỗ Tuấn Khoa,sv012758@uni.edu.vn
2022112759,Hồ Tuấn Khoa,sv012759@uni.edu.vn
2023112760,Nguyễn Hữu Khoa,sv012760@uni.edu.vn
2024112761,Trần Hữu Khoa,sv012761@uni.edu.vn
2019112762,Lê Hữu Khoa,sv012762@uni.edu.vn
2020112763,Phạm Hữu Khoa,sv012763@uni.edu.vn
2021112764,Hoàng Hữu Khoa,sv012764@uni.edu.vn
2022112765,Vũ Hữu Khoa,sv012765@uni.edu.vn
2023112766,Đặng Hữu Khoa,sv012766@uni.edu.vn
2024112767,Bùi Hữu Khoa,sv012767@uni.edu.vn
2019112768,Đỗ Hữu Khoa,sv012768@uni.edu.vn
2020112769,Hồ Hữu Khoa,sv012769@uni.edu.vn
2021112770,Nguyễn Thành Khoa,sv012770@uni.edu.vn
2022112771,Trần Thành Khoa,sv012771@uni.edu.vn
2023112772,Lê Thành Khoa,sv012772@uni.edu.vn
2024112773,Phạm Thành Khoa,sv012773@uni.edu.vn
2019112774,Hoàng Thành Khoa,sv012774@uni.edu.vn
2020112775,Vũ Thành Khoa,sv012775@uni.edu.vn
2021112776,Đặng Thành Khoa,sv012776@uni.edu.vn
2022112777,Bùi Thành Khoa,sv012777@uni.edu.vn
2023112778,Đỗ Thành Khoa,sv012778@uni.edu.vn
2024112779,Hồ Thành Khoa,sv012779@uni.edu.vn
2019112780,Nguyễn Ngọc Khoa,sv012780@uni.edu.vn
2020112781,Trần Ngọc Khoa,sv012781@uni.edu.vn
2021112782,Lê Ngọc Khoa,sv012782@uni.edu.vn
2022112783,Phạm Ngọc Khoa,sv012783@uni.edu.vn
2023112784,Hoàng Ngọc Khoa,sv012784@uni.edu.vn
2024112785,Vũ Ngọc Khoa,sv012785@uni.edu.vn
2019112786,Đặng Ngọc Khoa,sv012786@uni.edu.vn
2020112787,Bùi Ngọc Khoa,sv012787@uni.edu.vn
2021112788,Đỗ Ngọc Khoa,sv012788@uni.edu.vn
2022112789,Hồ Ngọc Khoa,sv012789@uni.edu.vn
2023112790,Nguyễn Khoa,sv012790@uni.edu.vn
2024112791,Trần Khoa,sv012791@uni.edu.vn
2019112792,Lê Khoa,sv012792@uni.edu.vn
2020112793,Phạm Khoa,sv012793@uni.edu.vn
2021112794,Hoàng Khoa,sv012794@uni.edu.vn
2022112795,Vũ Khoa,sv012795@uni.edu.vn
2023112796,Đặng Khoa,sv012796@uni.edu.vn
2024112797,Bùi Khoa,sv012797@uni.edu.vn
2019112798,Đỗ Khoa,sv012798@uni.edu.vn
2020112799,Hồ Khoa,sv012799@uni.edu.vn
2021112800,Nguyễn Thị Lan,sv012800@uni.edu.vn
2022112801,Trần Thị Lan,sv012801@uni.edu.vn
2023112802,Lê Thị Lan,sv012802@uni.edu.vn
2024112803,Phạm Thị Lan,sv012803@uni.edu.vn
2019112804,Hoàng Thị Lan,sv012804@uni.edu.vn
2020112805,Vũ Thị Lan,sv012805@uni.edu.vn
2021112806,Đặng Thị Lan,sv012806@uni.edu.vn
2022112807,Bùi Thị Lan,sv012807@uni.edu.vn
2023112808,Đỗ Thị Lan,sv012808@uni.edu.vn
2024112809,Hồ Thị Lan,sv012809@uni.edu.vn
2019112810,Nguyễn Văn Lan,sv012810@uni.edu.vn
2020112811,Trần Văn Lan,sv012811@uni.edu.vn
2021112812,Lê Văn Lan,sv012812@uni.edu.vn
2022112813,Phạm Văn Lan,sv012813@uni.edu.vn
2023112814,Hoàng Văn Lan,sv012814@uni.edu.vn
2024112815,Vũ Văn Lan,sv012815@uni.edu.vn
2019112816,Đặng Văn Lan,sv012816@uni.edu.vn
2020112817,Bùi Văn Lan,sv012817@uni.edu.vn
2021112818,Đỗ Văn Lan,sv012818@uni.edu.vn
2022112819,Hồ Văn Lan,sv012819@uni.edu.vn
2023112820,Nguyễn Minh Lan,sv012820@uni.edu.vn
2024112821,Trần Minh Lan,sv012821@uni.edu.vn
2019112822,Lê Minh Lan,sv012822@uni.edu.vn
2020112823,Phạm Minh Lan,sv012823@uni.edu.vn
2021112824,Hoàng Minh Lan,sv012824@uni.edu.vn
2022112825,Vũ Minh Lan,sv012825@uni.edu.vn
2023112826,Đặng Minh Lan,sv012826@uni.edu.vn
2024112827,Bùi Minh Lan,sv012827@uni.edu.vn
2019112828,Đỗ Minh Lan,sv012828@uni.edu.vn
2020112829,Hồ Minh Lan,sv012829@uni.edu.vn
2021112830,Nguyễn Quốc Lan,sv012830@uni.edu.vn
2022112831,Trần Quốc Lan,sv012831@uni.edu.vn
2023112832,Lê Quốc Lan,sv012832@uni.edu.vn
2024112833,Phạm Quốc Lan,sv012833@uni.edu.vn
2019112834,Hoàng Quốc Lan,sv012834@uni.edu.vn
2020112835,Vũ Quốc Lan,sv012835@uni.edu.vn
2021112836,Đặng Quốc Lan,sv012836@uni.edu.vn
2022112837,Bùi Quốc Lan,sv012837@uni.edu.vn
2023112838,Đỗ Quốc Lan,sv012838@uni.edu.vn
2024112839,Hồ Quốc Lan,sv012839@uni.edu.vn
2019112840,Nguyễn Anh Lan,sv012840@uni.edu.vn
2020112841,Trần Anh Lan,sv012841@uni.edu.vn
2021112842,Lê Anh Lan,sv012842@uni.edu.vn
2022112843,Phạm Anh Lan,sv012843@uni.edu.vn
2023112844,Hoàng Anh Lan,sv012844@uni.edu.vn
2024112845,Vũ Anh Lan,sv012845@uni.edu.vn
2019112846,Đặng Anh Lan,sv012846@uni.edu.vn
2020112847,Bùi Anh Lan,sv012847@uni.edu.vn
2021112848,Đỗ Anh Lan,sv012848@uni.edu.vn
2022112849,Hồ Anh Lan,sv012849@uni.edu.vn
2023112850,Nguyễn Tuấn Lan,sv012850@uni.edu.vn
2024112851,Trần Tuấn Lan,sv012851@uni.edu.vn
2019112852,Lê Tuấn Lan,sv012852@uni.edu.vn
2020112853,Phạm Tuấn Lan,sv012853@uni.edu.vn
2021112854,Hoàng Tuấn Lan,sv012854@uni.edu.vn
2022112855,Vũ Tuấn Lan,sv012855@uni.edu.vn
2023112856,Đặng Tuấn Lan,sv012856@uni.edu.vn
2024112857,Bùi Tuấn Lan,sv012857@uni.edu.vn
2019112858,Đỗ Tuấn Lan,sv012858@uni.edu.vn
2020112859,Hồ Tuấn Lan,sv012859@uni.edu.vn
2021112860,Nguyễn Hữu Lan,sv012860@uni.edu.vn
2022112861,Trần Hữu Lan,sv012861@uni.edu.vn
2023112862,Lê Hữu Lan,sv012862@uni.edu.vn
2024112863,Phạm Hữu Lan,sv012863@uni.edu.vn
2019112864,Hoàng Hữu Lan,sv012864@uni.edu.vn
2020112865,Vũ Hữu Lan,sv012865@uni.edu.vn
2021112866,Đặng Hữu Lan,sv012866@uni.edu.vn
2022112867,Bùi Hữu Lan,sv012867@uni.edu.vn
2023112868,Đỗ Hữu Lan,sv012868@uni.edu.vn
2024112869,Hồ Hữu Lan,sv012869@uni.edu.vn
2019112870,Nguyễn Thành Lan,sv012870@uni.edu.vn
2020112871,Trần Thành Lan,sv012871@uni.edu.vn
2021112872,Lê Thành Lan,sv012872@uni.edu.vn
2022112873,Phạm Thành Lan,sv012873@uni.edu.vn
2023112874,Hoàng Thành Lan,sv012874@uni.edu.vn
2024112875,Vũ Thành Lan,sv012875@uni.edu.vn
2019112876,Đặng Thành Lan,sv012876@uni.edu.vn
2020112877,Bùi Thành Lan,sv012877@uni.edu.vn
2021112878,Đỗ Thành Lan,sv012878@uni.edu.vn
2022112879,Hồ Thành Lan,sv012879@uni.edu.vn
2023112880,Nguyễn Ngọc Lan,sv012880@uni.edu.vn
2024112881,Trần Ngọc Lan,sv012881@uni.edu.vn
2019112882,Lê Ngọc Lan,sv012882@uni.edu.vn
2020112883,Phạm Ngọc Lan,sv012883@uni.edu.vn
2021112884,Hoàng Ngọc Lan,sv012884@uni.edu.vn
2022112885,Vũ Ngọc Lan,sv012885@uni.edu.vn
2023112886,Đặng Ngọc Lan,sv012886@uni.edu.vn
2024112887,Bùi Ngọc Lan,sv012887@uni.edu.vn
2019112888,Đỗ Ngọc Lan,sv012888@uni.edu.vn
2020112889,Hồ Ngọc Lan,sv012889@uni.edu.vn
2021112890,Nguyễn Lan,sv012890@uni.edu.vn
2022112891,Trần Lan,sv012891@uni.edu.vn
2023112892,Lê Lan,sv012892@uni.edu.vn
2024112893,Phạm Lan,sv012893@uni.edu.vn
2019112894,Hoàng Lan,sv012894@uni.edu.vn
2020112895,Vũ Lan,sv012895@uni.edu.vn
2021112896,Đặng Lan,sv012896@uni.edu.vn
2022112897,Bùi Lan,sv012897@uni.edu.vn
2023112898,Đỗ Lan,sv012898@uni.edu.vn
2024112899,Hồ Lan,sv012899@uni.edu.vn
2019112900,Nguyễn Thị Linh,sv012900@uni.edu.vn
2020112901,Trần Thị Linh,sv012901@uni.edu.vn
2021112902,Lê Thị Linh,sv012902@uni.edu.vn
2022112903,Phạm Thị Linh,sv012903@uni.edu.vn
2023112904,Hoàng Thị Linh,sv012904@uni.edu.vn
2024112905,Vũ Thị Linh,sv012905@uni.edu.vn
2019112906,Đặng Thị Linh,sv012906@uni.edu.vn
2020112907,Bùi Thị Linh,sv012907@uni.edu.vn
2021112908,Đỗ Thị Linh,sv012908@uni.edu.vn
2022112909,Hồ Thị Linh,sv012909@uni.edu.vn
2023112910,Nguyễn Văn Linh,sv012910@uni.edu.vn
2024112911,Trần Văn Linh,sv012911@uni.edu.vn
2019112912,Lê Văn Linh,sv012912@uni.edu.vn
2020112913,Phạm Văn Linh,sv012913@uni.edu.vn
2021112914,Hoàng Văn Linh,sv012914@uni.edu.vn
2022112915,Vũ Văn Linh,sv012915@uni.edu.vn
2023112916,Đặng Văn Linh,sv012916@uni.edu.vn
2024112917,Bùi Văn Linh,sv012917@uni.edu.vn
2019112918,Đỗ Văn Linh,sv012918@uni.edu.vn
2020112919,Hồ Văn Linh,sv012919@uni.edu.vn
2021112920,Nguyễn Minh Linh,sv012920@uni.edu.vn
2022112921,Trần Minh Linh,sv012921@uni.edu.vn
2023112922,Lê Minh Linh,sv012922@uni.edu.vn
2024112923,Phạm Minh Linh,sv012923@uni.edu.vn
2019112924,Hoàng Minh Linh,sv012924@uni.edu.vn
2020112925,Vũ Minh Linh,sv012925@uni.edu.vn
2021112926,Đặng Minh Linh,sv012926@uni.edu.vn
2022112927,Bùi Minh Linh,sv012927@uni.edu.vn
2023112928,Đỗ Minh Linh,sv012928@uni.edu.vn
2024112929,Hồ Minh Linh,sv012929@uni.edu.vn
2019112930,Nguyễn Quốc Linh,sv012930@uni.edu.vn
2020112931,Trần Quốc Linh,sv012931@uni.edu.vn
2021112932,Lê Quốc Linh,sv012932@uni.edu.vn
2022112933,Phạm Quốc Linh,sv012933@uni.edu.vn
2023112934,Hoàng Quốc Linh,sv012934@uni.edu.vn
2024112935,Vũ Quốc Linh,sv012935@uni.edu.vn
2019112936,Đặng Quốc Linh,sv012936@uni.edu.vn
2020112937,Bùi Quốc Linh,sv012937@uni.edu.vn
2021112938,Đỗ Quốc Linh,sv012938@uni.edu.vn
2022112939,Hồ Quốc Linh,sv012939@uni.edu.vn
2023112940,Nguyễn Anh Linh,sv012940@uni.edu.vn
2024112941,Trần Anh Linh,sv012941@uni.edu.vn
2019112942,Lê Anh Linh,sv012942@uni.edu.vn
2020112943,Phạm Anh Linh,sv012943@uni.edu.vn
2021112944,Hoàng Anh Linh,sv012944@uni.edu.vn
2022112945,Vũ Anh Linh,sv012945@uni.edu.vn
2023112946,Đặng Anh Linh,sv012946@uni.edu.vn
2024112947,Bùi Anh Linh,sv012947@uni.edu.vn
2019112948,Đỗ Anh Linh,sv012948@uni.edu.vn
2020112949,Hồ Anh Linh,sv012949@uni.edu.vn
2021112950,Nguyễn Tuấn Linh,sv012950@uni.edu.vn
2022112951,Trần Tuấn Linh,sv012951@uni.edu.vn
2023112952,Lê Tuấn Linh,sv012952@uni.edu.vn
2024112953,Phạm Tuấn Linh,sv012953@uni.edu.vn
2019112954,Hoàng Tuấn Linh,sv012954@uni.edu.vn
2020112955,Vũ Tuấn Linh,sv012955@uni.edu.vn
2021112956,Đặng Tuấn Linh,sv012956@uni.edu.vn
2022112957,Bùi Tuấn Linh,sv012957@uni.edu.vn
2023112958,Đỗ Tuấn Linh,sv012958@uni.edu.vn
2024112959,Hồ Tuấn Linh,sv012959@uni.edu.vn
2019112960,Nguyễn Hữu Linh,sv012960@uni.edu.vn
2020112961,Trần Hữu Linh,sv012961@uni.edu.vn
2021112962,Lê Hữu Linh,sv012962@uni.edu.vn
2022112963,Phạm Hữu Linh,sv012963@uni.edu.vn
2023112964,Hoàng Hữu Linh,sv012964@uni.edu.vn
2024112965,Vũ Hữu Linh,sv012965@uni.edu.vn
2019112966,Đặng Hữu Linh,sv012966@uni.edu.vn
2020112967,Bùi Hữu Linh,sv012967@uni.edu.vn
2021112968,Đỗ Hữu Linh,sv012968@uni.edu.vn
2022112969,Hồ Hữu Linh,sv012969@uni.edu.vn
2023112970,Nguyễn Thành Linh,sv012970@uni.edu.vn
2024112971,Trần Thành Linh,sv012971@uni.edu.vn
2019112972,Lê Thành Linh,sv012972@uni.edu.vn
2020112973,Phạm Thành Linh,sv012973@uni.edu.vn
2021112974,Hoàng Thành Linh,sv012974@uni.edu.vn
2022112975,Vũ Thành Linh,sv012975@uni.edu.vn
2023112976,Đặng Thành Linh,sv012976@uni.edu.vn
2024112977,Bùi Thành Linh,sv012977@uni.edu.vn
2019112978,Đỗ Thành Linh,sv012978@uni.edu.vn
2020112979,Hồ Thành Linh,sv012979@uni.edu.vn
2021112980,Nguyễn Ngọc Linh,sv012980@uni.edu.vn
2022112981,Trần Ngọc Linh,sv012981@uni.edu.vn
2023112982,Lê Ngọc Linh,sv012982@uni.edu.vn
2024112983,Phạm Ngọc Linh,sv012983@uni.edu.vn
2019112984,Hoàng Ngọc Linh,sv012984@uni.edu.vn
2020112985,Vũ Ngọc Linh,sv012985@uni.edu.vn
2021112986,Đặng Ngọc Linh,sv012986@uni.edu.vn
2022112987,Bùi Ngọc Linh,sv012987@uni.edu.vn
2023112988,Đỗ Ngọc Linh,sv012988@uni.edu.vn
2024112989,Hồ Ngọc Linh,sv012989@uni.edu.vn
2019112990,Nguyễn Linh,sv012990@uni.edu.vn
2020112991,Trần Linh,sv012991@uni.edu.vn
2021112992,Lê Linh,sv012992@uni.edu.vn
2022112993,Phạm Linh,sv012993@uni.edu.vn
2023112994,Hoàng Linh,sv012994@uni.edu.vn
2024112995,Vũ Linh,sv012995@uni.edu.vn
2019112996,Đặng Linh,sv012996@uni.edu.vn
2020112997,Bùi Linh,sv012997@uni.edu.vn
2021112998,Đỗ Linh,sv012998@uni.edu.vn
2022112999,Hồ Linh,sv012999@uni.edu.vn
2023113000,Nguyễn Thị Mai,sv013000@uni.edu.vn
2024113001,Trần Thị Mai,sv013001@uni.edu.vn
2019113002,Lê Thị Mai,sv013002@uni.edu.vn
2020113003,Phạm Thị Mai,sv013003@uni.edu.vn
2021113004,Hoàng Thị Mai,sv013004@uni.edu.vn
2022113005,Vũ Thị Mai,sv013005@uni.edu.vn
2023113006,Đặng Thị Mai,sv013006@uni.edu.vn
2024113007,Bùi Thị Mai,sv013007@uni.edu.vn
2019113008,Đỗ Thị Mai,sv013008@uni.edu.vn
2020113009,Hồ Thị Mai,sv013009@uni.edu.vn
2021113010,Nguyễn Văn Mai,sv013010@uni.edu.vn
2022113011,Trần Văn Mai,sv013011@uni.edu.vn
2023113012,Lê Văn Mai,sv013012@uni.edu.vn
2024113013,Phạm Văn Mai,sv013013@uni.edu.vn
2019113014,Hoàng Văn Mai,sv013014@uni.edu.vn
2020113015,Vũ Văn Mai,sv013015@uni.edu.vn
2021113016,Đặng Văn Mai,sv013016@uni.edu.vn
2022113017,Bùi Văn Mai,sv013017@uni.edu.vn
2023113018,Đỗ Văn Mai,sv013018@uni.edu.vn
2024113019,Hồ Văn Mai,sv013019@uni.edu.vn
2019113020,Nguyễn Minh Mai,sv013020@uni.edu.vn
2020113021,Trần Minh Mai,sv013021@uni.edu.vn
2021113022,Lê Minh Mai,sv013022@uni.edu.vn
2022113023,Phạm Minh Mai,sv013023@uni.edu.vn
2023113024,Hoàng Minh Mai,sv013024@uni.edu.vn
2024113025,Vũ Minh Mai,sv013025@uni.edu.vn
2019113026,Đặng Minh Mai,sv013026@uni.edu.vn
2020113027,Bùi Minh Mai,sv013027@uni.edu.vn
2021113028,Đỗ Minh Mai,sv013028@uni.edu.vn
2022113029,Hồ Minh Mai,sv013029@uni.edu.vn
2023113030,Nguyễn Quốc Mai,sv013030@uni.edu.vn
2024113031,Trần Quốc Mai,sv013031@uni.edu.vn
2019113032,Lê Quốc Mai,sv013032@uni.edu.vn
2020113033,Phạm Quốc Mai,sv013033@uni.edu.vn
2021113034,Hoàng Quốc Mai,sv013034@uni.edu.vn
2022113035,Vũ Quốc Mai,sv013035@uni.edu.vn
2023113036,Đặng Quốc Mai,sv013036@uni.edu.vn
2024113037,Bùi Quốc Mai,sv013037@uni.edu.vn
2019113038,Đỗ Quốc Mai,sv013038@uni.edu.vn
2020113039,Hồ Quốc Mai,sv013039@uni.edu.vn
2021113040,Nguyễn Anh Mai,sv013040@uni.edu.vn
2022113041,Trần Anh Mai,sv013041@uni.edu.vn
2023113042,Lê Anh Mai,sv013042@uni.edu.vn
2024113043,Phạm Anh Mai,sv013043@uni.edu.vn
2019113044,Hoàng Anh Mai,sv013044@uni.edu.vn
2020113045,Vũ Anh Mai,sv013045@uni.edu.vn
2021113046,Đặng Anh Mai,sv013046@uni.edu.vn
2022113047,Bùi Anh Mai,sv013047@uni.edu.vn
2023113048,Đỗ Anh Mai,sv013048@uni.edu.vn
2024113049,Hồ Anh Mai,sv013049@uni.edu.vn
2019113050,Nguyễn Tuấn Mai,sv013050@uni.edu.vn
2020113051,Trần Tuấn Mai,sv013051@uni.edu.vn
2021113052,Lê Tuấn Mai,sv013052@uni.edu.vn
2022113053,Phạm Tuấn Mai,sv013053@uni.edu.vn
2023113054,Hoàng Tuấn Mai,sv013054@uni.edu.vn
2024113055,Vũ Tuấn Mai,sv013055@uni.edu.vn
2019113056,Đặng Tuấn Mai,sv013056@uni.edu.vn
2020113057,Bùi Tuấn Mai,sv013057@uni.edu.vn
2021113058,Đỗ Tuấn Mai,sv013058@uni.edu.vn
2022113059,Hồ Tuấn Mai,sv013059@uni.edu.vn
2023113060,Nguyễn Hữu Mai,sv013060@uni.edu.vn
2024113061,Trần Hữu Mai,sv013061@uni.edu.vn
2019113062,Lê Hữu Mai,sv013062@uni.edu.vn
2020113063,Phạm Hữu Mai,sv013063@uni.edu.vn
2021113064,Hoàng Hữu Mai,sv013064@uni.edu.vn
2022113065,Vũ Hữu Mai,sv013065@uni.edu.vn
2023113066,Đặng Hữu Mai,sv013066@uni.edu.vn
2024113067,Bùi Hữu Mai,sv013067@uni.edu.vn
2019113068,Đỗ Hữu Mai,sv013068@uni.edu.vn
2020113069,Hồ Hữu Mai,sv013069@uni.edu.vn
2021113070,Nguyễn Thành Mai,sv013070@uni.edu.vn
2022113071,Trần Thành Mai,sv013071@uni.edu.vn
2023113072,Lê Thành Mai,sv013072@uni.edu.vn
2024113073,Phạm Thành Mai,sv013073@uni.edu.vn
2019113074,Hoàng Thành Mai,sv013074@uni.edu.vn
2020113075,Vũ Thành Mai,sv013075@uni.edu.vn
2021113076,Đặng Thành Mai,sv013076@uni.edu.vn
2022113077,Bùi Thành Mai,sv013077@uni.edu.vn
2023113078,Đỗ Thành Mai,sv013078@uni.edu.vn
2024113079,Hồ Thành Mai,sv013079@uni.edu.vn
2019113080,Nguyễn Ngọc Mai,sv013080@uni.edu.vn
2020113081,Trần Ngọc Mai,sv013081@uni.edu.vn
2021113082,Lê Ngọc Mai,sv013082@uni.edu.vn
2022113083,Phạm Ngọc Mai,sv013083@uni.edu.vn
2023113084,Hoàng Ngọc Mai,sv013084@uni.edu.vn
2024113085,Vũ Ngọc Mai,sv013085@uni.edu.vn
2019113086,Đặng Ngọc Mai,sv013086@uni.edu.vn
2020113087,Bùi Ngọc Mai,sv013087@uni.edu.vn
2021113088,Đỗ Ngọc Mai,sv013088@uni.edu.vn
2022113089,Hồ Ngọc Mai,sv013089@uni.edu.vn
2023113090,Nguyễn Mai,sv013090@uni.edu.vn
2024113091,Trần Mai,sv013091@uni.edu.vn
2019113092,Lê Mai,sv013092@uni.edu.vn
2020113093,Phạm Mai,sv013093@uni.edu.vn
2021113094,Hoàng Mai,sv013094@uni.edu.vn
2022113095,Vũ Mai,sv013095@uni.edu.vn
2023113096,Đặng Mai,sv013096@uni.edu.vn
2024113097,Bùi Mai,sv013097@uni.edu.vn
2019113098,Đỗ Mai,sv013098@uni.edu.vn
2020113099,Hồ Mai,sv013099@uni.edu.vn
2021113100,Nguyễn Thị Nam,sv013100@uni.edu.vn
2022113101,Trần Thị Nam,sv013101@uni.edu.vn
2023113102,Lê Thị Nam,sv013102@uni.edu.vn
2024113103,Phạm Thị Nam,sv013103@uni.edu.vn
2019113104,Hoàng Thị Nam,sv013104@uni.edu.vn
2020113105,Vũ Thị Nam,sv013105@uni.edu.vn
2021113106,Đặng Thị Nam,sv013106@uni.edu.vn
2022113107,Bùi Thị Nam,sv013107@uni.edu.vn
2023113108,Đỗ Thị Nam,sv013108@uni.edu.vn
2024113109,Hồ Thị Nam,sv013109@uni.edu.vn
2019113110,Nguyễn Văn Nam,sv013110@uni.edu.vn
2020113111,Trần Văn Nam,sv013111@uni.edu.vn
2021113112,Lê Văn Nam,sv013112@uni.edu.vn
2022113113,Phạm Văn Nam,sv013113@uni.edu.vn
2023113114,Hoàng Văn Nam,sv013114@uni.edu.vn
2024113115,Vũ Văn Nam,sv013115@uni.edu.vn
2019113116,Đặng Văn Nam,sv013116@uni.edu.vn
2020113117,Bùi Văn Nam,sv013117@uni.edu.vn
2021113118,Đỗ Văn Nam,sv013118@uni.edu.vn
2022113119,Hồ Văn Nam,sv013119@uni.edu.vn
2023113120,Nguyễn Minh Nam,sv013120@uni.edu.vn
2024113121,Trần Minh Nam,sv013121@uni.edu.vn
2019113122,Lê Minh Nam,sv013122@uni.edu.vn
2020113123,Phạm Minh Nam,sv013123@uni.edu.vn
2021113124,Hoàng Minh Nam,sv013124@uni.edu.vn
2022113125,Vũ Minh Nam,sv013125@uni.edu.vn
2023113126,Đặng Minh Nam,sv013126@uni.edu.vn
2024113127,Bùi Minh Nam,sv013127@uni.edu.vn
2019113128,Đỗ Minh Nam,sv013128@uni.edu.vn
2020113129,Hồ Minh Nam,sv013129@uni.edu.vn
2021113130,Nguyễn Quốc Nam,sv013130@uni.edu.vn
2022113131,Trần Quốc Nam,sv013131@uni.edu.vn
2023113132,Lê Quốc Nam,sv013132@uni.edu.vn
2024113133,Phạm Quốc Nam,sv013133@uni.edu.vn
2019113134,Hoàng Quốc Nam,sv013134@uni.edu.vn
2020113135,Vũ Quốc Nam,sv013135@uni.edu.vn
2021113136,Đặng Quốc Nam,sv013136@uni.edu.vn
2022113137,Bùi Quốc Nam,sv013137@uni.edu.vn
2023113138,Đỗ Quốc Nam,sv013138@uni.edu.vn
2024113139,Hồ Quốc Nam,sv013139@uni.edu.vn
2019113140,Nguyễn Anh Nam,sv013140@uni.edu.vn
2020113141,Trần Anh Nam,sv013141@uni.edu.vn
2021113142,Lê Anh Nam,sv013142@uni.edu.vn
2022113143,Phạm Anh Nam,sv013143@uni.edu.vn
2023113144,Hoàng Anh Nam,sv013144@uni.edu.vn
2024113145,Vũ Anh Nam,sv013145@uni.edu.vn
2019113146,Đặng Anh Nam,sv013146@uni.edu.vn
2020113147,Bùi Anh Nam,sv013147@uni.edu.vn
2021113148,Đỗ Anh Nam,sv013148@uni.edu.vn
2022113149,Hồ Anh Nam,sv013149@uni.edu.vn
2023113150,Nguyễn Tuấn Nam,sv013150@uni.edu.vn
2024113151,Trần Tuấn Nam,sv013151@uni.edu.vn
2019113152,Lê Tuấn Nam,sv013152@uni.edu.vn
2020113153,Phạm Tuấn Nam,sv013153@uni.edu.vn
2021113154,Hoàng Tuấn Nam,sv013154@uni.edu.vn
2022113155,Vũ Tuấn Nam,sv013155@uni.edu.vn
2023113156,Đặng Tuấn Nam,sv013156@uni.edu.vn
2024113157,Bùi Tuấn Nam,sv013157@uni.edu.vn
2019113158,Đỗ Tuấn Nam,sv013158@uni.edu.vn
2020113159,Hồ Tuấn Nam,sv013159@uni.edu.vn
2021113160,Nguyễn Hữu Nam,sv013160@uni.edu.vn
2022113161,Trần Hữu Nam,sv013161@uni.edu.vn
2023113162,Lê Hữu Nam,sv013162@uni.edu.vn
2024113163,Phạm Hữu Nam,sv013163@uni.edu.vn
2019113164,Hoàng Hữu Nam,sv013164@uni.edu.vn
2020113165,Vũ Hữu Nam,sv013165@uni.edu.vn
2021113166,Đặng Hữu Nam,sv013166@uni.edu.vn
2022113167,Bùi Hữu Nam,sv013167@uni.edu.vn
2023113168,Đỗ Hữu Nam,sv013168@uni.edu.vn
2024113169,Hồ Hữu Nam,sv013169@uni.edu.vn
2019113170,Nguyễn Thành Nam,sv013170@uni.edu.vn
2020113171,Trần Thành Nam,sv013171@uni.edu.vn
2021113172,Lê Thành Nam,sv013172@uni.edu.vn
2022113173,Phạm Thành Nam,sv013173@uni.edu.vn
2023113174,Hoàng Thành Nam,sv013174@uni.edu.vn
2024113175,Vũ Thành Nam,sv013175@uni.edu.vn
2019113176,Đặng Thành Nam,sv013176@uni.edu.vn
2020113177,Bùi Thành Nam,sv013177@uni.edu.vn
2021113178,Đỗ Thành Nam,sv013178@uni.edu.vn
2022113179,Hồ Thành Nam,sv013179@uni.edu.vn
2023113180,Nguyễn Ngọc Nam,sv013180@uni.edu.vn
2024113181,Trần Ngọc Nam,sv013181@uni.edu.vn
2019113182,Lê Ngọc Nam,sv013182@uni.edu.vn
2020113183,Phạm Ngọc Nam,sv013183@uni.edu.vn
2021113184,Hoàng Ngọc Nam,sv013184@uni.edu.vn
2022113185,Vũ Ngọc Nam,sv013185@uni.edu.vn
2023113186,Đặng Ngọc Nam,sv013186@uni.edu.vn
2024113187,Bùi Ngọc Nam,sv013187@uni.edu.vn
2019113188,Đỗ Ngọc Nam,sv013188@uni.edu.vn
2020113189,Hồ Ngọc Nam,sv013189@uni.edu.vn
2021113190,Nguyễn Nam,sv013190@uni.edu.vn
2022113191,Trần Nam,sv013191@uni.edu.vn
2023113192,Lê Nam,sv013192@uni.edu.vn
2024113193,Phạm Nam,sv013193@uni.edu.vn
2019113194,Hoàng Nam,sv013194@uni.edu.vn
2020113195,Vũ Nam,sv013195@uni.edu.vn
2021113196,Đặng Nam,sv013196@uni.edu.vn
2022113197,Bùi Nam,sv013197@uni.edu.vn
2023113198,Đỗ Nam,sv013198@uni.edu.vn
2024113199,Hồ Nam,sv013199@uni.edu.vn
2019113200,Nguyễn Thị Phong,sv013200@uni.edu.vn
2020113201,Trần Thị Phong,sv013201@uni.edu.vn
2021113202,Lê Thị Phong,sv013202@uni.edu.vn
2022113203,Phạm Thị Phong,sv013203@uni.edu.vn
2023113204,Hoàng Thị Phong,sv013204@uni.edu.vn
2024113205,Vũ Thị Phong,sv013205@uni.edu.vn
2019113206,Đặng Thị Phong,sv013206@uni.edu.vn
2020113207,Bùi Thị Phong,sv013207@uni.edu.vn
2021113208,Đỗ Thị Phong,sv013208@uni.edu.vn
2022113209,Hồ Thị Phong,sv013209@uni.edu.vn
2023113210,Nguyễn Văn Phong,sv013210@uni.edu.vn
2024113211,Trần Văn Phong,sv013211@uni.edu.vn
2019113212,Lê Văn Phong,sv013212@uni.edu.vn
2020113213,Phạm Văn Phong,sv013213@uni.edu.vn
2021113214,Hoàng Văn Phong,sv013214@uni.edu.vn
2022113215,Vũ Văn Phong,sv013215@uni.edu.vn
2023113216,Đặng Văn Phong,sv013216@uni.edu.vn
2024113217,Bùi Văn Phong,sv013217@uni.edu.vn
2019113218,Đỗ Văn Phong,sv013218@uni.edu.vn
2020113219,Hồ Văn Phong,sv013219@uni.edu.vn
2021113220,Nguyễn Minh Phong,sv013220@uni.edu.vn
2022113221,Trần Minh Phong,sv013221@uni.edu.vn
2023113222,Lê Minh Phong,sv013222@uni.edu.vn
2024113223,Phạm Minh Phong,sv013223@uni.edu.vn
2019113224,Hoàng Minh Phong,sv013224@uni.edu.vn
2020113225,Vũ Minh Phong,sv013225@uni.edu.vn
2021113226,Đặng Minh Phong,sv013226@uni.edu.vn
2022113227,Bùi Minh Phong,sv013227@uni.edu.vn
2023113228,Đỗ Minh Phong,sv013228@uni.edu.vn
2024113229,Hồ Minh Phong,sv013229@uni.edu.vn
2019113230,Nguyễn Quốc Phong,sv013230@uni.edu.vn
2020113231,Trần Quốc Phong,sv013231@uni.edu.vn
2021113232,Lê Quốc Phong,sv013232@uni.edu.vn
2022113233,Phạm Quốc Phong,sv013233@uni.edu.vn
2023113234,Hoàng Quốc Phong,sv013234@uni.edu.vn
2024113235,Vũ Quốc Phong,sv013235@uni.edu.vn
2019113236,Đặng Quốc Phong,sv013236@uni.edu.vn
2020113237,Bùi Quốc Phong,sv013237@uni.edu.vn
2021113238,Đỗ Quốc Phong,sv013238@uni.edu.vn
2022113239,Hồ Quốc Phong,sv013239@uni.edu.vn
2023113240,Nguyễn Anh Phong,sv013240@uni.edu.vn
2024113241,Trần Anh Phong,sv013241@uni.edu.vn
2019113242,Lê Anh Phong,sv013242@uni.edu.vn
2020113243,Phạm Anh Phong,sv013243@uni.edu.vn
2021113244,Hoàng Anh Phong,sv013244@uni.edu.vn
2022113245,Vũ Anh Phong,sv013245@uni.edu.vn
2023113246,Đặng Anh Phong,sv013246@uni.edu.vn
2024113247,Bùi Anh Phong,sv013247@uni.edu.vn
2019113248,Đỗ Anh Phong,sv013248@uni.edu.vn
2020113249,Hồ Anh Phong,sv013249@uni.edu.vn
2021113250,Nguyễn Tuấn Phong,sv013250@uni.edu.vn
2022113251,Trần Tuấn Phong,sv013251@uni.edu.vn
2023113252,Lê Tuấn Phong,sv013252@uni.edu.vn
2024113253,Phạm Tuấn Phong,sv013253@uni.edu.vn
2019113254,Hoàng Tuấn Phong,sv013254@uni.edu.vn
2020113255,Vũ Tuấn Phong,sv013255@uni.edu.vn
2021113256,Đặng Tuấn Phong,sv013256@uni.edu.vn
2022113257,Bùi Tuấn Phong,sv013257@uni.edu.vn
2023113258,Đỗ Tuấn Phong,sv013258@uni.edu.vn
2024113259,Hồ Tuấn Phong,sv013259@uni.edu.vn
2019113260,Nguyễn Hữu Phong,sv013260@uni.edu.vn
2020113261,Trần Hữu Phong,sv013261@uni.edu.vn
2021113262,Lê Hữu Phong,sv013262@uni.edu.vn
2022113263,Phạm Hữu Phong,sv013263@uni.edu.vn
2023113264,Hoàng Hữu Phong,sv013264@uni.edu.vn
2024113265,Vũ Hữu Phong,sv013265@uni.edu.vn
2019113266,Đặng Hữu Phong,sv013266@uni.edu.vn
2020113267,Bùi Hữu Phong,sv013267@uni.edu.vn
2021113268,Đỗ Hữu Phong,sv013268@uni.edu.vn
2022113269,Hồ Hữu Phong,sv013269@uni.edu.vn
2023113270,Nguyễn Thành Phong,sv013270@uni.edu.vn
2024113271,Trần Thành Phong,sv013271@uni.edu.vn
2019113272,Lê Thành Phong,sv013272@uni.edu.vn
2020113273,Phạm Thành Phong,sv013273@uni.edu.vn
2021113274,Hoàng Thành Phong,sv013274@uni.edu.vn
2022113275,Vũ Thành Phong,sv013275@uni.edu.vn
2023113276,Đặng Thành Phong,sv013276@uni.edu.vn
2024113277,Bùi Thành Phong,sv013277@uni.edu.vn
2019113278,Đỗ Thành Phong,sv013278@uni.edu.vn
2020113279,Hồ Thành Phong,sv013279@uni.edu.vn
2021113280,Nguyễn Ngọc Phong,sv013280@uni.edu.vn
2022113281,Trần Ngọc Phong,sv013281@uni.edu.vn
2023113282,Lê Ngọc Phong,sv013282@uni.edu.vn
2024113283,Phạm Ngọc Phong,sv013283@uni.edu.vn
2019113284,Hoàng Ngọc Phong,sv013284@uni.edu.vn
2020113285,Vũ Ngọc Phong,sv013285@uni.edu.vn
2021113286,Đặng Ngọc Phong,sv013286@uni.edu.vn
2022113287,Bùi Ngọc Phong,sv013287@uni.edu.vn
2023113288,Đỗ Ngọc Phong,sv013288@uni.edu.vn
2024113289,Hồ Ngọc Phong,sv013289@uni.edu.vn
2019113290,Nguyễn Phong,sv013290@uni.edu.vn
2020113291,Trần Phong,sv013291@uni.edu.vn
2021113292,Lê Phong,sv013292@uni.edu.vn
2022113293,Phạm Phong,sv013293@uni.edu.vn
2023113294,Hoàng Phong,sv013294@uni.edu.vn
2024113295,Vũ Phong,sv013295@uni.edu.vn
2019113296,Đặng Phong,sv013296@uni.edu.vn
2020113297,Bùi Phong,sv013297@uni.edu.vn
2021113298,Đỗ Phong,sv013298@uni.edu.vn
2022113299,Hồ Phong,sv013299@uni.edu.vn
2023113300,Nguyễn Thị Quân,sv013300@uni.edu.vn
2024113301,Trần Thị Quân,sv013301@uni.edu.vn
2019113302,Lê Thị Quân,sv013302@uni.edu.vn
2020113303,Phạm Thị Quân,sv013303@uni.edu.vn
2021113304,Hoàng Thị Quân,sv013304@uni.edu.vn
2022113305,Vũ Thị Quân,sv013305@uni.edu.vn
2023113306,Đặng Thị Quân,sv013306@uni.edu.vn
2024113307,Bùi Thị Quân,sv013307@uni.edu.vn
2019113308,Đỗ Thị Quân,sv013308@uni.edu.vn
2020113309,Hồ Thị Quân,sv013309@uni.edu.vn
2021113310,Nguyễn Văn Quân,sv013310@uni.edu.vn
2022113311,Trần Văn Quân,sv013311@uni.edu.vn
2023113312,Lê Văn Quân,sv013312@uni.edu.vn
2024113313,Phạm Văn Quân,sv013313@uni.edu.vn
2019113314,Hoàng Văn Quân,sv013314@uni.edu.vn
2020113315,Vũ Văn Quân,sv013315@uni.edu.vn
2021113316,Đặng Văn Quân,sv013316@uni.edu.vn
2022113317,Bùi Văn Quân,sv013317@uni.edu.vn
2023113318,Đỗ Văn Quân,sv013318@uni.edu.vn
2024113319,Hồ Văn Quân,sv013319@uni.edu.vn
2019113320,Nguyễn Minh Quân,sv013320@uni.edu.vn
2020113321,Trần Minh Quân,sv013321@uni.edu.vn
2021113322,Lê Minh Quân,sv013322@uni.edu.vn
2022113323,Phạm Minh Quân,sv013323@uni.edu.vn
2023113324,Hoàng Minh Quân,sv013324@uni.edu.vn
2024113325,Vũ Minh Quân,sv013325@uni.edu.vn
2019113326,Đặng Minh Quân,sv013326@uni.edu.vn
2020113327,Bùi Minh Quân,sv013327@uni.edu.vn
2021113328,Đỗ Minh Quân,sv013328@uni.edu.vn
2022113329,Hồ Minh Quân,sv013329@uni.edu.vn
2023113330,Nguyễn Quốc Quân,sv013330@uni.edu.vn
2024113331,Trần Quốc Quân,sv013331@uni.edu.vn
2019113332,Lê Quốc Quân,sv013332@uni.edu.vn
2020113333,Phạm Quốc Quân,sv013333@uni.edu.vn
2021113334,Hoàng Quốc Quân,sv013334@uni.edu.vn
2022113335,Vũ Quốc Quân,sv013335@uni.edu.vn
2023113336,Đặng Quốc Quân,sv013336@uni.edu.vn
2024113337,Bùi Quốc Quân,sv013337@uni.edu.vn
2019113338,Đỗ Quốc Quân,sv013338@uni.edu.vn
2020113339,Hồ Quốc Quân,sv013339@uni.edu.vn
2021113340,Nguyễn Anh Quân,sv013340@uni.edu.vn
2022113341,Trần Anh Quân,sv013341@uni.edu.vn
2023113342,Lê Anh Quân,sv013342@uni.edu.vn
2024113343,Phạm Anh Quân,sv013343@uni.edu.vn
2019113344,Hoàng Anh Quân,sv013344@uni.edu.vn
2020113345,Vũ Anh Quân,sv013345@uni.edu.vn
2021113346,Đặng Anh Quân,sv013346@uni.edu.vn
2022113347,Bùi Anh Quân,sv013347@uni.edu.vn
2023113348,Đỗ Anh Quân,sv013348@uni.edu.vn
2024113349,Hồ Anh Quân,sv013349@uni.edu.vn
2019113350,Nguyễn Tuấn Quân,sv013350@uni.edu.vn
2020113351,Trần Tuấn Quân,sv013351@uni.edu.vn
2021113352,Lê Tuấn Quân,sv013352@uni.edu.vn
2022113353,Phạm Tuấn Quân,sv013353@uni.edu.vn
2023113354,Hoàng Tuấn Quân,sv013354@uni.edu.vn
2024113355,Vũ Tuấn Quân,sv013355@uni.edu.vn
2019113356,Đặng Tuấn Quân,sv013356@uni.edu.vn
2020113357,Bùi Tuấn Quân,sv013357@uni.edu.vn
2021113358,Đỗ Tuấn Quân,sv013358@uni.edu.vn
2022113359,Hồ Tuấn Quân,sv013359@uni.edu.vn
2023113360,Nguyễn Hữu Quân,sv013360@uni.edu.vn
2024113361,Trần Hữu Quân,sv013361@uni.edu.vn
2019113362,Lê Hữu Quân,sv013362@uni.edu.vn
2020113363,Phạm Hữu Quân,sv013363@uni.edu.vn
2021113364,Hoàng Hữu Quân,sv013364@uni.edu.vn
2022113365,Vũ Hữu Quân,sv013365@uni.edu.vn
2023113366,Đặng Hữu Quân,sv013366@uni.edu.vn
2024113367,Bùi Hữu Quân,sv013367@uni.edu.vn
2019113368,Đỗ Hữu Quân,sv013368@uni.edu.vn
2020113369,Hồ Hữu Quân,sv013369@uni.edu.vn
2021113370,Nguyễn Thành Quân,sv013370@uni.edu.vn
2022113371,Trần Thành Quân,sv013371@uni.edu.vn
2023113372,Lê Thành Quân,sv013372@uni.edu.vn
2024113373,Phạm Thành Quân,sv013373@uni.edu.vn
2019113374,Hoàng Thành Quân,sv013374@uni.edu.vn
2020113375,Vũ Thành Quân,sv013375@uni.edu.vn
2021113376,Đặng Thành Quân,sv013376@uni.edu.vn
2022113377,Bùi Thành Quân,sv013377@uni.edu.vn
2023113378,Đỗ Thành Quân,sv013378@uni.edu.vn
2024113379,Hồ Thành Quân,sv013379@uni.edu.vn
2019113380,Nguyễn Ngọc Quân,sv013380@uni.edu.vn
2020113381,Trần Ngọc Quân,sv013381@uni.edu.vn
2021113382,Lê Ngọc Quân,sv013382@uni.edu.vn
2022113383,Phạm Ngọc Quân,sv013383@uni.edu.vn
2023113384,Hoàng Ngọc Quân,sv013384@uni.edu.vn
2024113385,Vũ Ngọc Quân,sv013385@uni.edu.vn
2019113386,Đặng Ngọc Quân,sv013386@uni.edu.vn
2020113387,Bùi Ngọc Quân,sv013387@uni.edu.vn
2021113388,Đỗ Ngọc Quân,sv013388@uni.edu.vn
2022113389,Hồ Ngọc Quân,sv013389@uni.edu.vn
2023113390,Nguyễn Quân,sv013390@uni.edu.vn
2024113391,Trần Quân,sv013391@uni.edu.vn
2019113392,Lê Quân,sv013392@uni.edu.vn
2020113393,Phạm Quân,sv013393@uni.edu.vn
2021113394,Hoàng Quân,sv013394@uni.edu.vn
2022113395,Vũ Quân,sv013395@uni.edu.vn
2023113396,Đặng Quân,sv013396@uni.edu.vn
2024113397,Bùi Quân,sv013397@uni.edu.vn
2019113398,Đỗ Quân,sv013398@uni.edu.vn
2020113399,Hồ Quân,sv013399@uni.edu.vn
2021113400,Nguyễn Thị Sơn,sv013400@uni.edu.vn
2022113401,Trần Thị Sơn,sv013401@uni.edu.vn
2023113402,Lê Thị Sơn,sv013402@uni.edu.vn
2024113403,Phạm Thị Sơn,sv013403@uni.edu.vn
2019113404,Hoàng Thị Sơn,sv013404@uni.edu.vn
2020113405,Vũ Thị Sơn,sv013405@uni.edu.vn
2021113406,Đặng Thị Sơn,sv013406@uni.edu.vn
2022113407,Bùi Thị Sơn,sv013407@uni.edu.vn
2023113408,Đỗ Thị Sơn,sv013408@uni.edu.vn
2024113409,Hồ Thị Sơn,sv013409@uni.edu.vn
2019113410,Nguyễn Văn Sơn,sv013410@uni.edu.vn
2020113411,Trần Văn Sơn,sv013411@uni.edu.vn
2021113412,Lê Văn Sơn,sv013412@uni.edu.vn
2022113413,Phạm Văn Sơn,sv013413@uni.edu.vn
2023113414,Hoàng Văn Sơn,sv013414@uni.edu.vn
2024113415,Vũ Văn Sơn,sv013415@uni.edu.vn
2019113416,Đặng Văn Sơn,sv013416@uni.edu.vn
2020113417,Bùi Văn Sơn,sv013417@uni.edu.vn
2021113418,Đỗ Văn Sơn,sv013418@uni.edu.vn
2022113419,Hồ Văn Sơn,sv013419@uni.edu.vn
2023113420,Nguyễn Minh Sơn,sv013420@uni.edu.vn
2024113421,Trần Minh Sơn,sv013421@uni.edu.vn
2019113422,Lê Minh Sơn,sv013422@uni.edu.vn
2020113423,Phạm Minh Sơn,sv013423@uni.edu.vn
2021113424,Hoàng Minh Sơn,sv013424@uni.edu.vn
2022113425,Vũ Minh Sơn,sv013425@uni.edu.vn
2023113426,Đặng Minh Sơn,sv013426@uni.edu.vn
2024113427,Bùi Minh Sơn,sv013427@uni.edu.vn
2019113428,Đỗ Minh Sơn,sv013428@uni.edu.vn
2020113429,Hồ Minh Sơn,sv013429@uni.edu.vn
2021113430,Nguyễn Quốc Sơn,sv013430@uni.edu.vn
2022113431,Trần Quốc Sơn,sv013431@uni.edu.vn
2023113432,Lê Quốc Sơn,sv013432@uni.edu.vn
2024113433,Phạm Quốc Sơn,sv013433@uni.edu.vn
2019113434,Hoàng Quốc Sơn,sv013434@uni.edu.vn
2020113435,Vũ Quốc Sơn,sv013435@uni.edu.vn
2021113436,Đặng Quốc Sơn,sv013436@uni.edu.vn
2022113437,Bùi Quốc Sơn,sv013437@uni.edu.vn
2023113438,Đỗ Quốc Sơn,sv013438@uni.edu.vn
2024113439,Hồ Quốc Sơn,sv013439@uni.edu.vn
2019113440,Nguyễn Anh Sơn,sv013440@uni.edu.vn
2020113441,Trần Anh Sơn,sv013441@uni.edu.vn
2021113442,Lê Anh Sơn,sv013442@uni.edu.vn
2022113443,Phạm Anh Sơn,sv013443@uni.edu.vn
2023113444,Hoàng Anh Sơn,sv013444@uni.edu.vn
2024113445,Vũ Anh Sơn,sv013445@uni.edu.vn
2019113446,Đặng Anh Sơn,sv013446@uni.edu.vn
2020113447,Bùi Anh Sơn,sv013447@uni.edu.vn
2021113448,Đỗ Anh Sơn,sv013448@uni.edu.vn
2022113449,Hồ Anh Sơn,sv013449@uni.edu.vn
2023113450,Nguyễn Tuấn Sơn,sv013450@uni.edu.vn
2024113451,Trần Tuấn Sơn,sv013451@uni.edu.vn
2019113452,Lê Tuấn Sơn,sv013452@uni.edu.vn
2020113453,Phạm Tuấn Sơn,sv013453@uni.edu.vn
2021113454,Hoàng Tuấn Sơn,sv013454@uni.edu.vn
2022113455,Vũ Tuấn Sơn,sv013455@uni.edu.vn
2023113456,Đặng Tuấn Sơn,sv013456@uni.edu.vn
2024113457,Bùi Tuấn Sơn,sv013457@uni.edu.vn
2019113458,Đỗ Tuấn Sơn,sv013458@uni.edu.vn
2020113459,Hồ Tuấn Sơn,sv013459@uni.edu.vn
2021113460,Nguyễn Hữu Sơn,sv013460@uni.edu.vn
2022113461,Trần Hữu Sơn,sv013461@uni.edu.vn
2023113462,Lê Hữu Sơn,sv013462@uni.edu.vn
2024113463,Phạm Hữu Sơn,sv013463@uni.edu.vn
2019113464,Hoàng Hữu Sơn,sv013464@uni.edu.vn
2020113465,Vũ Hữu Sơn,sv013465@uni.edu.vn
2021113466,Đặng Hữu Sơn,sv013466@uni.edu.vn
2022113467,Bùi Hữu Sơn,sv013467@uni.edu.vn
2023113468,Đỗ Hữu Sơn,sv013468@uni.edu.vn
2024113469,Hồ Hữu Sơn,sv013469@uni.edu.vn
2019113470,Nguyễn Thành Sơn,sv013470@uni.edu.vn
2020113471,Trần Thành Sơn,sv013471@uni.edu.vn
2021113472,Lê Thành Sơn,sv013472@uni.edu.vn
2022113473,Phạm Thành Sơn,sv013473@uni.edu.vn
2023113474,Hoàng Thành Sơn,sv013474@uni.edu.vn
2024113475,Vũ Thành Sơn,sv013475@uni.edu.vn
2019113476,Đặng Thành Sơn,sv013476@uni.edu.vn
2020113477,Bùi Thành Sơn,sv013477@uni.edu.vn
2021113478,Đỗ Thành Sơn,sv013478@uni.edu.vn
2022113479,Hồ Thành Sơn,sv013479@uni.edu.vn
2023113480,Nguyễn Ngọc Sơn,sv013480@uni.edu.vn
2024113481,Trần Ngọc Sơn,sv013481@uni.edu.vn
2019113482,Lê Ngọc Sơn,sv013482@uni.edu.vn
2020113483,Phạm Ngọc Sơn,sv013483@uni.edu.vn
2021113484,Hoàng Ngọc Sơn,sv013484@uni.edu.vn
2022113485,Vũ Ngọc Sơn,sv013485@uni.edu.vn
2023113486,Đặng Ngọc Sơn,sv013486@uni.edu.vn
2024113487,Bùi Ngọc Sơn,sv013487@uni.edu.vn
2019113488,Đỗ Ngọc Sơn,sv013488@uni.edu.vn
2020113489,Hồ Ngọc Sơn,sv013489@uni.edu.vn
2021113490,Nguyễn Sơn,sv013490@uni.edu.vn
2022113491,Trần Sơn,sv013491@uni.edu.vn
2023113492,Lê Sơn,sv013492@uni.edu.vn
2024113493,Phạm Sơn,sv013493@uni.edu.vn
2019113494,Hoàng Sơn,sv013494@uni.edu.vn
2020113495,Vũ Sơn,sv013495@uni.edu.vn
2021113496,Đặng Sơn,sv013496@uni.edu.vn
2022113497,Bùi Sơn,sv013497@uni.edu.vn
2023113498,Đỗ Sơn,sv013498@uni.edu.vn
2024113499,Hồ Sơn,sv013499@uni.edu.vn
2019113500,Nguyễn Thị Tâm,sv013500@uni.edu.vn
2020113501,Trần Thị Tâm,sv013501@uni.edu.vn
2021113502,Lê Thị Tâm,sv013502@uni.edu.vn
2022113503,Phạm Thị Tâm,sv013503@uni.edu.vn
2023113504,Hoàng Thị Tâm,sv013504@uni.edu.vn
2024113505,Vũ Thị Tâm,sv013505@uni.edu.vn
2019113506,Đặng Thị Tâm,sv013506@uni.edu.vn
2020113507,Bùi Thị Tâm,sv013507@uni.edu.vn
2021113508,Đỗ Thị Tâm,sv013508@uni.edu.vn
2022113509,Hồ Thị Tâm,sv013509@uni.edu.vn
2023113510,Nguyễn Văn Tâm,sv013510@uni.edu.vn
2024113511,Trần Văn Tâm,sv013511@uni.edu.vn
2019113512,Lê Văn Tâm,sv013512@uni.edu.vn
2020113513,Phạm Văn Tâm,sv013513@uni.edu.vn
2021113514,Hoàng Văn Tâm,sv013514@uni.edu.vn
2022113515,Vũ Văn Tâm,sv013515@uni.edu.vn
2023113516,Đặng Văn Tâm,sv013516@uni.edu.vn
2024113517,Bùi Văn Tâm,sv013517@uni.edu.vn
2019113518,Đỗ Văn Tâm,sv013518@uni.edu.vn
2020113519,Hồ Văn Tâm,sv013519@uni.edu.vn
2021113520,Nguyễn Minh Tâm,sv013520@uni.edu.vn
2022113521,Trần Minh Tâm,sv013521@uni.edu.vn
2023113522,Lê Minh Tâm,sv013522@uni.edu.vn
2024113523,Phạm Minh Tâm,sv013523@uni.edu.vn
2019113524,Hoàng Minh Tâm,sv013524@uni.edu.vn
2020113525,Vũ Minh Tâm,sv013525@uni.edu.vn
2021113526,Đặng Minh Tâm,sv013526@uni.edu.vn
2022113527,Bùi Minh Tâm,sv013527@uni.edu.vn
2023113528,Đỗ Minh Tâm,sv013528@uni.edu.vn
2024113529,Hồ Minh Tâm,sv013529@uni.edu.vn
2019113530,Nguyễn Quốc Tâm,sv013530@uni.edu.vn
2020113531,Trần Quốc Tâm,sv013531@uni.edu.vn
2021113532,Lê Quốc Tâm,sv013532@uni.edu.vn
2022113533,Phạm Quốc Tâm,sv013533@uni.edu.vn
2023113534,Hoàng Quốc Tâm,sv013534@uni.edu.vn
2024113535,Vũ Quốc Tâm,sv013535@uni.edu.vn
2019113536,Đặng Quốc Tâm,sv013536@uni.edu.vn
2020113537,Bùi Quốc Tâm,sv013537@uni.edu.vn
2021113538,Đỗ Quốc Tâm,sv013538@uni.edu.vn
2022113539,Hồ Quốc Tâm,sv013539@uni.edu.vn
2023113540,Nguyễn Anh Tâm,sv013540@uni.edu.vn
2024113541,Trần Anh Tâm,sv013541@uni.edu.vn
2019113542,Lê Anh Tâm,sv013542@uni.edu.vn
2020113543,Phạm Anh Tâm,sv013543@uni.edu.vn
2021113544,Hoàng Anh Tâm,sv013544@uni.edu.vn
2022113545,Vũ Anh Tâm,sv013545@uni.edu.vn
2023113546,Đặng Anh Tâm,sv013546@uni.edu.vn
2024113547,Bùi Anh Tâm,sv013547@uni.edu.vn
2019113548,Đỗ Anh Tâm,sv013548@uni.edu.vn
2020113549,Hồ Anh Tâm,sv013549@uni.edu.vn
2021113550,Nguyễn Tuấn Tâm,sv013550@uni.edu.vn
2022113551,Trần Tuấn Tâm,sv013551@uni.edu.vn
2023113552,Lê Tuấn Tâm,sv013552@uni.edu.vn
2024113553,Phạm Tuấn Tâm,sv013553@uni.edu.vn
2019113554,Hoàng Tuấn Tâm,sv013554@uni.edu.vn
2020113555,Vũ Tuấn Tâm,sv013555@uni.edu.vn
2021113556,Đặng Tuấn Tâm,sv013556@uni.edu.vn
2022113557,Bùi Tuấn Tâm,sv013557@uni.edu.vn
2023113558,Đỗ Tuấn Tâm,sv013558@uni.edu.vn
2024113559,Hồ Tuấn Tâm,sv013559@uni.edu.vn
2019113560,Nguyễn Hữu Tâm,sv013560@uni.edu.vn
2020113561,Trần Hữu Tâm,sv013561@uni.edu.vn
2021113562,Lê Hữu Tâm,sv013562@uni.edu.vn
2022113563,Phạm Hữu Tâm,sv013563@uni.edu.vn
2023113564,Hoàng Hữu Tâm,sv013564@uni.edu.vn
2024113565,Vũ Hữu Tâm,sv013565@uni.edu.vn
2019113566,Đặng Hữu Tâm,sv013566@uni.edu.vn
2020113567,Bùi Hữu Tâm,sv013567@uni.edu.vn
2021113568,Đỗ Hữu Tâm,sv013568@uni.edu.vn
2022113569,Hồ Hữu Tâm,sv013569@uni.edu.vn
2023113570,Nguyễn Thành Tâm,sv013570@uni.edu.vn
2024113571,Trần Thành Tâm,sv013571@uni.edu.vn
2019113572,Lê Thành Tâm,sv013572@uni.edu.vn
2020113573,Phạm Thành Tâm,sv013573@uni.edu.vn
2021113574,Hoàng Thành Tâm,sv013574@uni.edu.vn
2022113575,Vũ Thành Tâm,sv013575@uni.edu.vn
2023113576,Đặng Thành Tâm,sv013576@uni.edu.vn
2024113577,Bùi Thành Tâm,sv013577@uni.edu.vn
2019113578,Đỗ Thành Tâm,sv013578@uni.edu.vn
2020113579,Hồ Thành Tâm,sv013579@uni.edu.vn
2021113580,Nguyễn Ngọc Tâm,sv013580@uni.edu.vn
2022113581,Trần Ngọc Tâm,sv013581@uni.edu.vn
2023113582,Lê Ngọc Tâm,sv013582@uni.edu.vn
2024113583,Phạm Ngọc Tâm,sv013583@uni.edu.vn
2019113584,Hoàng Ngọc Tâm,sv013584@uni.edu.vn
2020113585,Vũ Ngọc Tâm,sv013585@uni.edu.vn
2021113586,Đặng Ngọc Tâm,sv013586@uni.edu.vn
2022113587,Bùi Ngọc Tâm,sv013587@uni.edu.vn
2023113588,Đỗ Ngọc Tâm,sv013588@uni.edu.vn
2024113589,Hồ Ngọc Tâm,sv013589@uni.edu.vn
2019113590,Nguyễn Tâm,sv013590@uni.edu.vn
2020113591,Trần Tâm,sv013591@uni.edu.vn
2021113592,Lê Tâm,sv013592@uni.edu.vn
2022113593,Phạm Tâm,sv013593@uni.edu.vn
2023113594,Hoàng Tâm,sv013594@uni.edu.vn
2024113595,Vũ Tâm,sv013595@uni.edu.vn
2019113596,Đặng Tâm,sv013596@uni.edu.vn
2020113597,Bùi Tâm,sv013597@uni.edu.vn
2021113598,Đỗ Tâm,sv013598@uni.edu.vn
2022113599,Hồ Tâm,sv013599@uni.edu.vn
2023113600,Nguyễn Thị Thảo,sv013600@uni.edu.vn
2024113601,Trần Thị Thảo,sv013601@uni.edu.vn
2019113602,Lê Thị Thảo,sv013602@uni.edu.vn
2020113603,Phạm Thị Thảo,sv013603@uni.edu.vn
2021113604,Hoàng Thị Thảo,sv013604@uni.edu.vn
2022113605,Vũ Thị Thảo,sv013605@uni.edu.vn
2023113606,Đặng Thị Thảo,sv013606@uni.edu.vn
2024113607,Bùi Thị Thảo,sv013607@uni.edu.vn
2019113608,Đỗ Thị Thảo,sv013608@uni.edu.vn
2020113609,Hồ Thị Thảo,sv013609@uni.edu.vn
2021113610,Nguyễn Văn Thảo,sv013610@uni.edu.vn
2022113611,Trần Văn Thảo,sv013611@uni.edu.vn
2023113612,Lê Văn Thảo,sv013612@uni.edu.vn
2024113613,Phạm Văn Thảo,sv013613@uni.edu.vn
2019113614,Hoàng Văn Thảo,sv013614@uni.edu.vn
2020113615,Vũ Văn Thảo,sv013615@uni.edu.vn
2021113616,Đặng Văn Thảo,sv013616@uni.edu.vn
2022113617,Bùi Văn Thảo,sv013617@uni.edu.vn
2023113618,Đỗ Văn Thảo,sv013618@uni.edu.vn
2024113619,Hồ Văn Thảo,sv013619@uni.edu.vn
2019113620,Nguyễn Minh Thảo,sv013620@uni.edu.vn
2020113621,Trần Minh Thảo,sv013621@uni.edu.vn
2021113622,Lê Minh Thảo,sv013622@uni.edu.vn
2022113623,Phạm Minh Thảo,sv013623@uni.edu.vn
2023113624,Hoàng Minh Thảo,sv013624@uni.edu.vn
2024113625,Vũ Minh Thảo,sv013625@uni.edu.vn
2019113626,Đặng Minh Thảo,sv013626@uni.edu.vn
2020113627,Bùi Minh Thảo,sv013627@uni.edu.vn
2021113628,Đỗ Minh Thảo,sv013628@uni.edu.vn
2022113629,Hồ Minh Thảo,sv013629@uni.edu.vn
2023113630,Nguyễn Quốc Thảo,sv013630@uni.edu.vn
2024113631,Trần Quốc Thảo,sv013631@uni.edu.vn
2019113632,Lê Quốc Thảo,sv013632@uni.edu.vn
2020113633,Phạm Quốc Thảo,sv013633@uni.edu.vn
2021113634,Hoàng Quốc Thảo,sv013634@uni.edu.vn
2022113635,Vũ Quốc Thảo,sv013635@uni.edu.vn
2023113636,Đặng Quốc Thảo,sv013636@uni.edu.vn
2024113637,Bùi Quốc Thảo,sv013637@uni.edu.vn
2019113638,Đỗ Quốc Thảo,sv013638@uni.edu.vn
2020113639,Hồ Quốc Thảo,sv013639@uni.edu.vn
2021113640,Nguyễn Anh Thảo,sv013640@uni.edu.vn
2022113641,Trần Anh Thảo,sv013641@uni.edu.vn
2023113642,Lê Anh Thảo,sv013642@uni.edu.vn
2024113643,Phạm Anh Thảo,sv013643@uni.edu.vn
2019113644,Hoàng Anh Thảo,sv013644@uni.edu.vn
2020113645,Vũ Anh Thảo,sv013645@uni.edu.vn
2021113646,Đặng Anh Thảo,sv013646@uni.edu.vn
2022113647,Bùi Anh Thảo,sv013647@uni.edu.vn
2023113648,Đỗ Anh Thảo,sv013648@uni.edu.vn
2024113649,Hồ Anh Thảo,sv013649@uni.edu.vn
2019113650,Nguyễn Tuấn Thảo,sv013650@uni.edu.vn
2020113651,Trần Tuấn Thảo,sv013651@uni.edu.vn
2021113652,Lê Tuấn Thảo,sv013652@uni.edu.vn
2022113653,Phạm Tuấn Thảo,sv013653@uni.edu.vn
2023113654,Hoàng Tuấn Thảo,sv013654@uni.edu.vn
2024113655,Vũ Tuấn Thảo,sv013655@uni.edu.vn
2019113656,Đặng Tuấn Thảo,sv013656@uni.edu.vn
2020113657,Bùi Tuấn Thảo,sv013657@uni.edu.vn
2021113658,Đỗ Tuấn Thảo,sv013658@uni.edu.vn
2022113659,Hồ Tuấn Thảo,sv013659@uni.edu.vn
2023113660,Nguyễn Hữu Thảo,sv013660@uni.edu.vn
2024113661,Trần Hữu Thảo,sv013661@uni.edu.vn
2019113662,Lê Hữu Thảo,sv013662@uni.edu.vn
2020113663,Phạm Hữu Thảo,sv013663@uni.edu.vn
2021113664,Hoàng Hữu Thảo,sv013664@uni.edu.vn
2022113665,Vũ Hữu Thảo,sv013665@uni.edu.vn
2023113666,Đặng Hữu Thảo,sv013666@uni.edu.vn
2024113667,Bùi Hữu Thảo,sv013667@uni.edu.vn
2019113668,Đỗ Hữu Thảo,sv013668@uni.edu.vn
2020113669,Hồ Hữu Thảo,sv013669@uni.edu.vn
2021113670,Nguyễn Thành Thảo,sv013670@uni.edu.vn
2022113671,Trần Thành Thảo,sv013671@uni.edu.vn
2023113672,Lê Thành Thảo,sv013672@uni.edu.vn
2024113673,Phạm Thành Thảo,sv013673@uni.edu.vn
2019113674,Hoàng Thành Thảo,sv013674@uni.edu.vn
2020113675,Vũ Thành Thảo,sv013675@uni.edu.vn
2021113676,Đặng Thành Thảo,sv013676@uni.edu.vn
2022113677,Bùi Thành Thảo,sv013677@uni.edu.vn
2023113678,Đỗ Thành Thảo,sv013678@uni.edu.vn
2024113679,Hồ Thành Thảo,sv013679@uni.edu.vn
2019113680,Nguyễn Ngọc Thảo,sv013680@uni.edu.vn
2020113681,Trần Ngọc Thảo,sv013681@uni.edu.vn
2021113682,Lê Ngọc Thảo,sv013682@uni.edu.vn
2022113683,Phạm Ngọc Thảo,sv013683@uni.edu.vn
2023113684,Hoàng Ngọc Thảo,sv013684@uni.edu.vn
2024113685,Vũ Ngọc Thảo,sv013685@uni.edu.vn
2019113686,Đặng Ngọc Thảo,sv013686@uni.edu.vn
2020113687,Bùi Ngọc Thảo,sv013687@uni.edu.vn
2021113688,Đỗ Ngọc Thảo,sv013688@uni.edu.vn
2022113689,Hồ Ngọc Thảo,sv013689@uni.edu.vn
2023113690,Nguyễn Thảo,sv013690@uni.edu.vn
2024113691,Trần Thảo,sv013691@uni.edu.vn
2019113692,Lê Thảo,sv013692@uni.edu.vn
2020113693,Phạm Thảo,sv013693@uni.edu.vn
2021113694,Hoàng Thảo,sv013694@uni.edu.vn
2022113695,Vũ Thảo,sv013695@uni.edu.vn
2023113696,Đặng Thảo,sv013696@uni.edu.vn
2024113697,Bùi Thảo,sv013697@uni.edu.vn
2019113698,Đỗ Thảo,sv013698@uni.edu.vn
2020113699,Hồ Thảo,sv013699@uni.edu.vn
2021113700,Nguyễn Thị Uyên,sv013700@uni.edu.vn
2022113701,Trần Thị Uyên,sv013701@uni.edu.vn
2023113702,Lê Thị Uyên,sv013702@uni.edu.vn
2024113703,Phạm Thị Uyên,sv013703@uni.edu.vn
2019113704,Hoàng Thị Uyên,sv013704@uni.edu.vn
2020113705,Vũ Thị Uyên,sv013705@uni.edu.vn
2021113706,Đặng Thị Uyên,sv013706@uni.edu.vn
2022113707,Bùi Thị Uyên,sv013707@uni.edu.vn
2023113708,Đỗ Thị Uyên,sv013708@uni.edu.vn
2024113709,Hồ Thị Uyên,sv013709@uni.edu.vn
2019113710,Nguyễn Văn Uyên,sv013710@uni.edu.vn
2020113711,Trần Văn Uyên,sv013711@uni.edu.vn
2021113712,Lê Văn Uyên,sv013712@uni.edu.vn
2022113713,Phạm Văn Uyên,sv013713@uni.edu.vn
2023113714,Hoàng Văn Uyên,sv013714@uni.edu.vn
2024113715,Vũ Văn Uyên,sv013715@uni.edu.vn
2019113716,Đặng Văn Uyên,sv013716@uni.edu.vn
2020113717,Bùi Văn Uyên,sv013717@uni.edu.vn
2021113718,Đỗ Văn Uyên,sv013718@uni.edu.vn
2022113719,Hồ Văn Uyên,sv013719@uni.edu.vn
2023113720,Nguyễn Minh Uyên,sv013720@uni.edu.vn
2024113721,Trần Minh Uyên,sv013721@uni.edu.vn
2019113722,Lê Minh Uyên,sv013722@uni.edu.vn
2020113723,Phạm Minh Uyên,sv013723@uni.edu.vn
2021113724,Hoàng Minh Uyên,sv013724@uni.edu.vn
2022113725,Vũ Minh Uyên,sv013725@uni.edu.vn
2023113726,Đặng Minh Uyên,sv013726@uni.edu.vn
2024113727,Bùi Minh Uyên,sv013727@uni.edu.vn
2019113728,Đỗ Minh Uyên,sv013728@uni.edu.vn
2020113729,Hồ Minh Uyên,sv013729@uni.edu.vn
2021113730,Nguyễn Quốc Uyên,sv013730@uni.edu.vn
2022113731,Trần Quốc Uyên,sv013731@uni.edu.vn
2023113732,Lê Quốc Uyên,sv013732@uni.edu.vn
2024113733,Phạm Quốc Uyên,sv013733@uni.edu.vn
2019113734,Hoàng Quốc Uyên,sv013734@uni.edu.vn
2020113735,Vũ Quốc Uyên,sv013735@uni.edu.vn
2021113736,Đặng Quốc Uyên,sv013736@uni.edu.vn
2022113737,Bùi Quốc Uyên,sv013737@uni.edu.vn
2023113738,Đỗ Quốc Uyên,sv013738@uni.edu.vn
2024113739,Hồ Quốc Uyên,sv013739@uni.edu.vn
2019113740,Nguyễn Anh Uyên,sv013740@uni.edu.vn
2020113741,Trần Anh Uyên,sv013741@uni.edu.vn
2021113742,Lê Anh Uyên,sv013742@uni.edu.vn
2022113743,Phạm Anh Uyên,sv013743@uni.edu.vn
2023113744,Hoàng Anh Uyên,sv013744@uni.edu.vn
2024113745,Vũ Anh Uyên,sv013745@uni.edu.vn
2019113746,Đặng Anh Uyên,sv013746@uni.edu.vn
2020113747,Bùi Anh Uyên,sv013747@uni.edu.vn
2021113748,Đỗ Anh Uyên,sv013748@uni.edu.vn
2022113749,Hồ Anh Uyên,sv013749@uni.edu.vn
2023113750,Nguyễn Tuấn Uyên,sv013750@uni.edu.vn
2024113751,Trần Tuấn Uyên,sv013751@uni.edu.vn
2019113752,Lê Tuấn Uyên,sv013752@uni.edu.vn
2020113753,Phạm Tuấn Uyên,sv013753@uni.edu.vn
2021113754,Hoàng Tuấn Uyên,sv013754@uni.edu.vn
2022113755,Vũ Tuấn Uyên,sv013755@uni.edu.vn
2023113756,Đặng Tuấn Uyên,sv013756@uni.edu.vn
2024113757,Bùi Tuấn Uyên,sv013757@uni.edu.vn
2019113758,Đỗ Tuấn Uyên,sv013758@uni.edu.vn
2020113759,Hồ Tuấn Uyên,sv013759@uni.edu.vn
2021113760,Nguyễn Hữu Uyên,sv013760@uni.edu.vn
2022113761,Trần Hữu Uyên,sv013761@uni.edu.vn
2023113762,Lê Hữu Uyên,sv013762@uni.edu.vn
2024113763,Phạm Hữu Uyên,sv013763@uni.edu.vn
2019113764,Hoàng Hữu Uyên,sv013764@uni.edu.vn
2020113765,Vũ Hữu Uyên,sv013765@uni.edu.vn
2021113766,Đặng Hữu Uyên,sv013766@uni.edu.vn
2022113767,Bùi Hữu Uyên,sv013767@uni.edu.vn
2023113768,Đỗ Hữu Uyên,sv013768@uni.edu.vn
2024113769,Hồ Hữu Uyên,sv013769@uni.edu.vn
2019113770,Nguyễn Thành Uyên,sv013770@uni.edu.vn
2020113771,Trần Thành Uyên,sv013771@uni.edu.vn
2021113772,Lê Thành Uyên,sv013772@uni.edu.vn
2022113773,Phạm Thành Uyên,sv013773@uni.edu.vn
2023113774,Hoàng Thành Uyên,sv013774@uni.edu.vn
2024113775,Vũ Thành Uyên,sv013775@uni.edu.vn
2019113776,Đặng Thành Uyên,sv013776@uni.edu.vn
2020113777,Bùi Thành Uyên,sv013777@uni.edu.vn
2021113778,Đỗ Thành Uyên,sv013778@uni.edu.vn
2022113779,Hồ Thành Uyên,sv013779@uni.edu.vn
2023113780,Nguyễn Ngọc Uyên,sv013780@uni.edu.vn
2024113781,Trần Ngọc Uyên,sv013781@uni.edu.vn
2019113782,Lê Ngọc Uyên,sv013782@uni.edu.vn
2020113783,Phạm Ngọc Uyên,sv013783@uni.edu.vn
2021113784,Hoàng Ngọc Uyên,sv013784@uni.edu.vn
2022113785,Vũ Ngọc Uyên,sv013785@uni.edu.vn
2023113786,Đặng Ngọc Uyên,sv013786@uni.edu.vn
2024113787,Bùi Ngọc Uyên,sv013787@uni.edu.vn
2019113788,Đỗ Ngọc Uyên,sv013788@uni.edu.vn
2020113789,Hồ Ngọc Uyên,sv013789@uni.edu.vn
2021113790,Nguyễn Uyên,sv013790@uni.edu.vn
2022113791,Trần Uyên,sv013791@uni.edu.vn
2023113792,Lê Uyên,sv013792@uni.edu.vn
2024113793,Phạm Uyên,sv013793@uni.edu.vn
2019113794,Hoàng Uyên,sv013794@uni.edu.vn
2020113795,Vũ Uyên,sv013795@uni.edu.vn
2021113796,Đặng Uyên,sv013796@uni.edu.vn
2022113797,Bùi Uyên,sv013797@uni.edu.vn
2023113798,Đỗ Uyên,sv013798@uni.edu.vn
2024113799,Hồ Uyên,sv013799@uni.edu.vn
2019113800,Nguyễn Thị Việt,sv013800@uni.edu.vn
2020113801,Trần Thị Việt,sv013801@uni.edu.vn
2021113802,Lê Thị Việt,sv013802@uni.edu.vn
2022113803,Phạm Thị Việt,sv013803@uni.edu.vn
2023113804,Hoàng Thị Việt,sv013804@uni.edu.vn
2024113805,Vũ Thị Việt,sv013805@uni.edu.vn
2019113806,Đặng Thị Việt,sv013806@uni.edu.vn
2020113807,Bùi Thị Việt,sv013807@uni.edu.vn
2021113808,Đỗ Thị Việt,sv013808@uni.edu.vn
2022113809,Hồ Thị Việt,sv013809@uni.edu.vn
2023113810,Nguyễn Văn Việt,sv013810@uni.edu.vn
2024113811,Trần Văn Việt,sv013811@uni.edu.vn
2019113812,Lê Văn Việt,sv013812@uni.edu.vn
2020113813,Phạm Văn Việt,sv013813@uni.edu.vn
2021113814,Hoàng Văn Việt,sv013814@uni.edu.vn
2022113815,Vũ Văn Việt,sv013815@uni.edu.vn
2023113816,Đặng Văn Việt,sv013816@uni.edu.vn
2024113817,Bùi Văn Việt,sv013817@uni.edu.vn
2019113818,Đỗ Văn Việt,sv013818@uni.edu.vn
2020113819,Hồ Văn Việt,sv013819@uni.edu.vn
2021113820,Nguyễn Minh Việt,sv013820@uni.edu.vn
2022113821,Trần Minh Việt,sv013821@uni.edu.vn
2023113822,Lê Minh Việt,sv013822@uni.edu.vn
2024113823,Phạm Minh Việt,sv013823@uni.edu.vn
2019113824,Hoàng Minh Việt,sv013824@uni.edu.vn
2020113825,Vũ Minh Việt,sv013825@uni.edu.vn
2021113826,Đặng Minh Việt,sv013826@uni.edu.vn
2022113827,Bùi Minh Việt,sv013827@uni.edu.vn
2023113828,Đỗ Minh Việt,sv013828@uni.edu.vn
2024113829,Hồ Minh Việt,sv013829@uni.edu.vn
2019113830,Nguyễn Quốc Việt,sv013830@uni.edu.vn
2020113831,Trần Quốc Việt,sv013831@uni.edu.vn
2021113832,Lê Quốc Việt,sv013832@uni.edu.vn
2022113833,Phạm Quốc Việt,sv013833@uni.edu.vn
2023113834,Hoàng Quốc Việt,sv013834@uni.edu.vn
2024113835,Vũ Quốc Việt,sv013835@uni.edu.vn
2019113836,Đặng Quốc Việt,sv013836@uni.edu.vn
2020113837,Bùi Quốc Việt,sv013837@uni.edu.vn
2021113838,Đỗ Quốc Việt,sv013838@uni.edu.vn
2022113839,Hồ Quốc Việt,sv013839@uni.edu.vn
2023113840,Nguyễn Anh Việt,sv013840@uni.edu.vn
2024113841,Trần Anh Việt,sv013841@uni.edu.vn
2019113842,Lê Anh Việt,sv013842@uni.edu.vn
2020113843,Phạm Anh Việt,sv013843@uni.edu.vn
2021113844,Hoàng Anh Việt,sv013844@uni.edu.vn
2022113845,Vũ Anh Việt,sv013845@uni.edu.vn
2023113846,Đặng Anh Việt,sv013846@uni.edu.vn
2024113847,Bùi Anh Việt,sv013847@uni.edu.vn
2019113848,Đỗ Anh Việt,sv013848@uni.edu.vn
2020113849,Hồ Anh Việt,sv013849@uni.edu.vn
2021113850,Nguyễn Tuấn Việt,sv013850@uni.edu.vn
2022113851,Trần Tuấn Việt,sv013851@uni.edu.vn
2023113852,Lê Tuấn Việt,sv013852@uni.edu.vn
2024113853,Phạm Tuấn Việt,sv013853@uni.edu.vn
2019113854,Hoàng Tuấn Việt,sv013854@uni.edu.vn
2020113855,Vũ Tuấn Việt,sv013855@uni.edu.vn
2021113856,Đặng Tuấn Việt,sv013856@uni.edu.vn
2022113857,Bùi Tuấn Việt,sv013857@uni.edu.vn
2023113858,Đỗ Tuấn Việt,sv013858@uni.edu.vn
2024113859,Hồ Tuấn Việt,sv013859@uni.edu.vn
2019113860,Nguyễn Hữu Việt,sv013860@uni.edu.vn
2020113861,Trần Hữu Việt,sv013861@uni.edu.vn
2021113862,Lê Hữu Việt,sv013862@uni.edu.vn
2022113863,Phạm Hữu Việt,sv013863@uni.edu.vn
2023113864,Hoàng Hữu Việt,sv013864@uni.edu.vn
2024113865,Vũ Hữu Việt,sv013865@uni.edu.vn
2019113866,Đặng Hữu Việt,sv013866@uni.edu.vn
2020113867,Bùi Hữu Việt,sv013867@uni.edu.vn
2021113868,Đỗ Hữu Việt,sv013868@uni.edu.vn
2022113869,Hồ Hữu Việt,sv013869@uni.edu.vn
2023113870,Nguyễn Thành Việt,sv013870@uni.edu.vn
2024113871,Trần Thành Việt,sv013871@uni.edu.vn
2019113872,Lê Thành Việt,sv013872@uni.edu.vn
2020113873,Phạm Thành Việt,sv013873@uni.edu.vn
2021113874,Hoàng Thành Việt,sv013874@uni.edu.vn
2022113875,Vũ Thành Việt,sv013875@uni.edu.vn
2023113876,Đặng Thành Việt,sv013876@uni.edu.vn
2024113877,Bùi Thành Việt,sv013877@uni.edu.vn
2019113878,Đỗ Thành Việt,sv013878@uni.edu.vn
2020113879,Hồ Thành Việt,sv013879@uni.edu.vn
2021113880,Nguyễn Ngọc Việt,sv013880@uni.edu.vn
2022113881,Trần Ngọc Việt,sv013881@uni.edu.vn
2023113882,Lê Ngọc Việt,sv013882@uni.edu.vn
2024113883,Phạm Ngọc Việt,sv013883@uni.edu.vn
2019113884,Hoàng Ngọc Việt,sv013884@uni.edu.vn
2020113885,Vũ Ngọc Việt,sv013885@uni.edu.vn
2021113886,Đặng Ngọc Việt,sv013886@uni.edu.vn
2022113887,Bùi Ngọc Việt,sv013887@uni.edu.vn
2023113888,Đỗ Ngọc Việt,sv013888@uni.edu.vn
2024113889,Hồ Ngọc Việt,sv013889@uni.edu.vn
2019113890,Nguyễn Việt,sv013890@uni.edu.vn
2020113891,Trần Việt,sv013891@uni.edu.vn
2021113892,Lê Việt,sv013892@uni.edu.vn
2022113893,Phạm Việt,sv013893@uni.edu.vn
2023113894,Hoàng Việt,sv013894@uni.edu.vn
2024113895,Vũ Việt,sv013895@uni.edu.vn
2019113896,Đặng Việt,sv013896@uni.edu.vn
2020113897,Bùi Việt,sv013897@uni.edu.vn
2021113898,Đỗ Việt,sv013898@uni.edu.vn
2022113899,Hồ Việt,sv013899@uni.edu.vn
2023113900,Nguyễn Thị Yến,sv013900@uni.edu.vn
2024113901,Trần Thị Yến,sv013901@uni.edu.vn
2019113902,Lê Thị Yến,sv013902@uni.edu.vn
2020113903,Phạm Thị Yến,sv013903@uni.edu.vn
2021113904,Hoàng Thị Yến,sv013904@uni.edu.vn
2022113905,Vũ Thị Yến,sv013905@uni.edu.vn
2023113906,Đặng Thị Yến,sv013906@uni.edu.vn
2024113907,Bùi Thị Yến,sv013907@uni.edu.vn
2019113908,Đỗ Thị Yến,sv013908@uni.edu.vn
2020113909,Hồ Thị Yến,sv013909@uni.edu.vn
2021113910,Nguyễn Văn Yến,sv013910@uni.edu.vn
2022113911,Trần Văn Yến,sv013911@uni.edu.vn
2023113912,Lê Văn Yến,sv013912@uni.edu.vn
2024113913,Phạm Văn Yến,sv013913@uni.edu.vn
2019113914,Hoàng Văn Yến,sv013914@uni.edu.vn
2020113915,Vũ Văn Yến,sv013915@uni.edu.vn
2021113916,Đặng Văn Yến,sv013916@uni.edu.vn
2022113917,Bùi Văn Yến,sv013917@uni.edu.vn
2023113918,Đỗ Văn Yến,sv013918@uni.edu.vn
2024113919,Hồ Văn Yến,sv013919@uni.edu.vn
2019113920,Nguyễn Minh Yến,sv013920@uni.edu.vn
2020113921,Trần Minh Yến,sv013921@uni.edu.vn
2021113922,Lê Minh Yến,sv013922@uni.edu.vn
2022113923,Phạm Minh Yến,sv013923@uni.edu.vn
2023113924,Hoàng Minh Yến,sv013924@uni.edu.vn
2024113925,Vũ Minh Yến,sv013925@uni.edu.vn
2019113926,Đặng Minh Yến,sv013926@uni.edu.vn
2020113927,Bùi Minh Yến,sv013927@uni.edu.vn
2021113928,Đỗ Minh Yến,sv013928@uni.edu.vn
2022113929,Hồ Minh Yến,sv013929@uni.edu.vn
2023113930,Nguyễn Quốc Yến,sv013930@uni.edu.vn
2024113931,Trần Quốc Yến,sv013931@uni.edu.vn
2019113932,Lê Quốc Yến,sv013932@uni.edu.vn
2020113933,Phạm Quốc Yến,sv013933@uni.edu.vn
2021113934,Hoàng Quốc Yến,sv013934@uni.edu.vn
2022113935,Vũ Quốc Yến,sv013935@uni.edu.vn
2023113936,Đặng Quốc Yến,sv013936@uni.edu.vn
2024113937,Bùi Quốc Yến,sv013937@uni.edu.vn
2019113938,Đỗ Quốc Yến,sv013938@uni.edu.vn
2020113939,Hồ Quốc Yến,sv013939@uni.edu.vn
2021113940,Nguyễn Anh Yến,sv013940@uni.edu.vn
2022113941,Trần Anh Yến,sv013941@uni.edu.vn
2023113942,Lê Anh Yến,sv013942@uni.edu.vn
2024113943,Phạm Anh Yến,sv013943@uni.edu.vn
2019113944,Hoàng Anh Yến,sv013944@uni.edu.vn
2020113945,Vũ Anh Yến,sv013945@uni.edu.vn
2021113946,Đặng Anh Yến,sv013946@uni.edu.vn
2022113947,Bùi Anh Yến,sv013947@uni.edu.vn
2023113948,Đỗ Anh Yến,sv013948@uni.edu.vn
2024113949,Hồ Anh Yến,sv013949@uni.edu.vn
2019113950,Nguyễn Tuấn Yến,sv013950@uni.edu.vn
2020113951,Trần Tuấn Yến,sv013951@uni.edu.vn
2021113952,Lê Tuấn Yến,sv013952@uni.edu.vn
2022113953,Phạm Tuấn Yến,sv013953@uni.edu.vn
2023113954,Hoàng Tuấn Yến,sv013954@uni.edu.vn
2024113955,Vũ Tuấn Yến,sv013955@uni.edu.vn
2019113956,Đặng Tuấn Yến,sv013956@uni.edu.vn
2020113957,Bùi Tuấn Yến,sv013957@uni.edu.vn
2021113958,Đỗ Tuấn Yến,sv013958@uni.edu.vn
2022113959,Hồ Tuấn Yến,sv013959@uni.edu.vn
2023113960,Nguyễn Hữu Yến,sv013960@uni.edu.vn
2024113961,Trần Hữu Yến,sv013961@uni.edu.vn
2019113962,Lê Hữu Yến,sv013962@uni.edu.vn
2020113963,Phạm Hữu Yến,sv013963@uni.edu.vn
2021113964,Hoàng Hữu Yến,sv013964@uni.edu.vn
2022113965,Vũ Hữu Yến,sv013965@uni.edu.vn
2023113966,Đặng Hữu Yến,sv013966@uni.edu.vn
2024113967,Bùi Hữu Yến,sv013967@uni.edu.vn
2019113968,Đỗ Hữu Yến,sv013968@uni.edu.vn
2020113969,Hồ Hữu Yến,sv013969@uni.edu.vn
2021113970,Nguyễn Thành Yến,sv013970@uni.edu.vn
2022113971,Trần Thành Yến,sv013971@uni.edu.vn
2023113972,Lê Thành Yến,sv013972@uni.edu.vn
2024113973,Phạm Thành Yến,sv013973@uni.edu.vn
2019113974,Hoàng Thành Yến,sv013974@uni.edu.vn
2020113975,Vũ Thành Yến,sv013975@uni.edu.vn
2021113976,Đặng Thành Yến,sv013976@uni.edu.vn
2022113977,Bùi Thành Yến,sv013977@uni.edu.vn
2023113978,Đỗ Thành Yến,sv013978@uni.edu.vn
2024113979,Hồ Thành Yến,sv013979@uni.edu.vn
2019113980,Nguyễn Ngọc Yến,sv013980@uni.edu.vn
2020113981,Trần Ngọc Yến,sv013981@uni.edu.vn
2021113982,Lê Ngọc Yến,sv013982@uni.edu.vn
2022113983,Phạm Ngọc Yến,sv013983@uni.edu.vn
2023113984,Hoàng Ngọc Yến,sv013984@uni.edu.vn
2024113985,Vũ Ngọc Yến,sv013985@uni.edu.vn
2019113986,Đặng Ngọc Yến,sv013986@uni.edu.vn
2020113987,Bùi Ngọc Yến,sv013987@uni.edu.vn
2021113988,Đỗ Ngọc Yến,sv013988@uni.edu.vn
2022113989,Hồ Ngọc Yến,sv013989@uni.edu.vn
2023113990,Nguyễn Yến,sv013990@uni.edu.vn
2024113991,Trần Yến,sv013991@uni.edu.vn
2019113992,Lê Yến,sv013992@uni.edu.vn
2020113993,Phạm Yến,sv013993@uni.edu.vn
2021113994,Hoàng Yến,sv013994@uni.edu.vn
2022113995,Vũ Yến,sv013995@uni.edu.vn
2023113996,Đặng Yến,sv013996@uni.edu.vn
2024113997,Bùi Yến,sv013997@uni.edu.vn
2019113998,Đỗ Yến,sv013998@uni.edu.vn
2020113999,Hồ Yến,sv013999@uni.edu.vn
2021114000,Nguyễn Thị An,sv014000@uni.edu.vn
2022114001,Trần Thị An,sv014001@uni.edu.vn
2023114002,Lê Thị An,sv014002@uni.edu.vn
2024114003,Phạm Thị An,sv014003@uni.edu.vn
2019114004,Hoàng Thị An,sv014004@uni.edu.vn
2020114005,Vũ Thị An,sv014005@uni.edu.vn
2021114006,Đặng Thị An,sv014006@uni.edu.vn
2022114007,Bùi Thị An,sv014007@uni.edu.vn
2023114008,Đỗ Thị An,sv014008@uni.edu.vn
2024114009,Hồ Thị An,sv014009@uni.edu.vn
2019114010,Nguyễn Văn An,sv014010@uni.edu.vn
2020114011,Trần Văn An,sv014011@uni.edu.vn
2021114012,Lê Văn An,sv014012@uni.edu.vn
2022114013,Phạm Văn An,sv014013@uni.edu.vn
2023114014,Hoàng Văn An,sv014014@uni.edu.vn
2024114015,Vũ Văn An,sv014015@uni.edu.vn
2019114016,Đặng Văn An,sv014016@uni.edu.vn
2020114017,Bùi Văn An,sv014017@uni.edu.vn
2021114018,Đỗ Văn An,sv014018@uni.edu.vn
2022114019,Hồ Văn An,sv014019@uni.edu.vn
2023114020,Nguyễn Minh An,sv014020@uni.edu.vn
2024114021,Trần Minh An,sv014021@uni.edu.vn
2019114022,Lê Minh An,sv014022@uni.edu.vn
2020114023,Phạm Minh An,sv014023@uni.edu.vn
2021114024,Hoàng Minh An,sv014024@uni.edu.vn
2022114025,Vũ Minh An,sv014025@uni.edu.vn
2023114026,Đặng Minh An,sv014026@uni.edu.vn
2024114027,Bùi Minh An,sv014027@uni.edu.vn
2019114028,Đỗ Minh An,sv014028@uni.edu.vn
2020114029,Hồ Minh An,sv014029@uni.edu.vn
2021114030,Nguyễn Quốc An,sv014030@uni.edu.vn
2022114031,Trần Quốc An,sv014031@uni.edu.vn
2023114032,Lê Quốc An,sv014032@uni.edu.vn
2024114033,Phạm Quốc An,sv014033@uni.edu.vn
2019114034,Hoàng Quốc An,sv014034@uni.edu.vn
2020114035,Vũ Quốc An,sv014035@uni.edu.vn
2021114036,Đặng Quốc An,sv014036@uni.edu.vn
2022114037,Bùi Quốc An,sv014037@uni.edu.vn
2023114038,Đỗ Quốc An,sv014038@uni.edu.vn
2024114039,Hồ Quốc An,sv014039@uni.edu.vn
2019114040,Nguyễn Anh An,sv014040@uni.edu.vn
2020114041,Trần Anh An,sv014041@uni.edu.vn
2021114042,Lê Anh An,sv014042@uni.edu.vn
2022114043,Phạm Anh An,sv014043@uni.edu.vn
2023114044,Hoàng Anh An,sv014044@uni.edu.vn
2024114045,Vũ Anh An,sv014045@uni.edu.vn
2019114046,Đặng Anh An,sv014046@uni.edu.vn
2020114047,Bùi Anh An,sv014047@uni.edu.vn
2021114048,Đỗ Anh An,sv014048@uni.edu.vn
2022114049,Hồ Anh An,sv014049@uni.edu.vn
2023114050,Nguyễn Tuấn An,sv014050@uni.edu.vn
2024114051,Trần Tuấn An,sv014051@uni.edu.vn
2019114052,Lê Tuấn An,sv014052@uni.edu.vn
2020114053,Phạm Tuấn An,sv014053@uni.edu.vn
2021114054,Hoàng Tuấn An,sv014054@uni.edu.vn
2022114055,Vũ Tuấn An,sv014055@uni.edu.vn
2023114056,Đặng Tuấn An,sv014056@uni.edu.vn
2024114057,Bùi Tuấn An,sv014057@uni.edu.vn
2019114058,Đỗ Tuấn An,sv014058@uni.edu.vn
2020114059,Hồ Tuấn An,sv014059@uni.edu.vn
2021114060,Nguyễn Hữu An,sv014060@uni.edu.vn
2022114061,Trần Hữu An,sv014061@uni.edu.vn
2023114062,Lê Hữu An,sv014062@uni.edu.vn
2024114063,Phạm Hữu An,sv014063@uni.edu.vn
2019114064,Hoàng Hữu An,sv014064@uni.edu.vn
2020114065,Vũ Hữu An,sv014065@uni.edu.vn
2021114066,Đặng Hữu An,sv014066@uni.edu.vn
2022114067,Bùi Hữu An,sv014067@uni.edu.vn
2023114068,Đỗ Hữu An,sv014068@uni.edu.vn
2024114069,Hồ Hữu An,sv014069@uni.edu.vn
2019114070,Nguyễn Thành An,sv014070@uni.edu.vn
2020114071,Trần Thành An,sv014071@uni.edu.vn
2021114072,Lê Thành An,sv014072@uni.edu.vn
2022114073,Phạm Thành An,sv014073@uni.edu.vn
2023114074,Hoàng Thành An,sv014074@uni.edu.vn
2024114075,Vũ Thành An,sv014075@uni.edu.vn
2019114076,Đặng Thành An,sv014076@uni.edu.vn
2020114077,Bùi Thành An,sv014077@uni.edu.vn
2021114078,Đỗ Thành An,sv014078@uni.edu.vn
2022114079,Hồ Thành An,sv014079@uni.edu.vn
2023114080,Nguyễn Ngọc An,sv014080@uni.edu.vn
2024114081,Trần Ngọc An,sv014081@uni.edu.vn
2019114082,Lê Ngọc An,sv014082@uni.edu.vn
2020114083,Phạm Ngọc An,sv014083@uni.edu.vn
2021114084,Hoàng Ngọc An,sv014084@uni.edu.vn
2022114085,Vũ Ngọc An,sv014085@uni.edu.vn
2023114086,Đặng Ngọc An,sv014086@uni.edu.vn
2024114087,Bùi Ngọc An,sv014087@uni.edu.vn
2019114088,Đỗ Ngọc An,sv014088@uni.edu.vn
2020114089,Hồ Ngọc An,sv014089@uni.edu.vn
2021114090,Nguyễn An,sv014090@uni.edu.vn
2022114091,Trần An,sv014091@uni.edu.vn
2023114092,Lê An,sv014092@uni.edu.vn
2024114093,Phạm An,sv014093@uni.edu.vn
2019114094,Hoàng An,sv014094@uni.edu.vn
2020114095,Vũ An,sv014095@uni.edu.vn
2021114096,Đặng An,sv014096@uni.edu.vn
2022114097,Bùi An,sv014097@uni.edu.vn
2023114098,Đỗ An,sv014098@uni.edu.vn
2024114099,Hồ An,sv014099@uni.edu.vn
2019114100,Nguyễn Thị Bình,sv014100@uni.edu.vn
2020114101,Trần Thị Bình,sv014101@uni.edu.vn
2021114102,Lê Thị Bình,sv014102@uni.edu.vn
2022114103,Phạm Thị Bình,sv014103@uni.edu.vn
2023114104,Hoàng Thị Bình,sv014104@uni.edu.vn
2024114105,Vũ Thị Bình,sv014105@uni.edu.vn
2019114106,Đặng Thị Bình,sv014106@uni.edu.vn
2020114107,Bùi Thị Bình,sv014107@uni.edu.vn
2021114108,Đỗ Thị Bình,sv014108@uni.edu.vn
2022114109,Hồ Thị Bình,sv014109@uni.edu.vn
2023114110,Nguyễn Văn Bình,sv014110@uni.edu.vn
2024114111,Trần Văn Bình,sv014111@uni.edu.vn
2019114112,Lê Văn Bình,sv014112@uni.edu.vn
2020114113,Phạm Văn Bình,sv014113@uni.edu.vn
2021114114,Hoàng Văn Bình,sv014114@uni.edu.vn
2022114115,Vũ Văn Bình,sv014115@uni.edu.vn
2023114116,Đặng Văn Bình,sv014116@uni.edu.vn
2024114117,Bùi Văn Bình,sv014117@uni.edu.vn
2019114118,Đỗ Văn Bình,sv014118@uni.edu.vn
2020114119,Hồ Văn Bình,sv014119@uni.edu.vn
2021114120,Nguyễn Minh Bình,sv014120@uni.edu.vn
2022114121,Trần Minh Bình,sv014121@uni.edu.vn
2023114122,Lê Minh Bình,sv014122@uni.edu.vn
2024114123,Phạm Minh Bình,sv014123@uni.edu.vn
2019114124,Hoàng Minh Bình,sv014124@uni.edu.vn
2020114125,Vũ Minh Bình,sv014125@uni.edu.vn
2021114126,Đặng Minh Bình,sv014126@uni.edu.vn
2022114127,Bùi Minh Bình,sv014127@uni.edu.vn
2023114128,Đỗ Minh Bình,sv014128@uni.edu.vn
2024114129,Hồ Minh Bình,sv014129@uni.edu.vn
2019114130,Nguyễn Quốc Bình,sv014130@uni.edu.vn
2020114131,Trần Quốc Bình,sv014131@uni.edu.vn
2021114132,Lê Quốc Bình,sv014132@uni.edu.vn
2022114133,Phạm Quốc Bình,sv014133@uni.edu.vn
2023114134,Hoàng Quốc Bình,sv014134@uni.edu.vn
2024114135,Vũ Quốc Bình,sv014135@uni.edu.vn
2019114136,Đặng Quốc Bình,sv014136@uni.edu.vn
2020114137,Bùi Quốc Bình,sv014137@uni.edu.vn
2021114138,Đỗ Quốc Bình,sv014138@uni.edu.vn
2022114139,Hồ Quốc Bình,sv014139@uni.edu.vn
2023114140,Nguyễn Anh Bình,sv014140@uni.edu.vn
2024114141,Trần Anh Bình,sv014141@uni.edu.vn
2019114142,Lê Anh Bình,sv014142@uni.edu.vn
2020114143,Phạm Anh Bình,sv014143@uni.edu.vn
2021114144,Hoàng Anh Bình,sv014144@uni.edu.vn
2022114145,Vũ Anh Bình,sv014145@uni.edu.vn
2023114146,Đặng Anh Bình,sv014146@uni.edu.vn
2024114147,Bùi Anh Bình,sv014147@uni.edu.vn
2019114148,Đỗ Anh Bình,sv014148@uni.edu.vn
2020114149,Hồ Anh Bình,sv014149@uni.edu.vn
2021114150,Nguyễn Tuấn Bình,sv014150@uni.edu.vn
2022114151,Trần Tuấn Bình,sv014151@uni.edu.vn
2023114152,Lê Tuấn Bình,sv014152@uni.edu.vn
2024114153,Phạm Tuấn Bình,sv014153@uni.edu.vn
2019114154,Hoàng Tuấn Bình,sv014154@uni.edu.vn
2020114155,Vũ Tuấn Bình,sv014155@uni.edu.vn
2021114156,Đặng Tuấn Bình,sv014156@uni.edu.vn
2022114157,Bùi Tuấn Bình,sv014157@uni.edu.vn
2023114158,Đỗ Tuấn Bình,sv014158@uni.edu.vn
2024114159,Hồ Tuấn Bình,sv014159@uni.edu.vn
2019114160,Nguyễn Hữu Bình,sv014160@uni.edu.vn
2020114161,Trần Hữu Bình,sv014161@uni.edu.vn
2021114162,Lê Hữu Bình,sv014162@uni.edu.vn
2022114163,Phạm Hữu Bình,sv014163@uni.edu.vn
2023114164,Hoàng Hữu Bình,sv014164@uni.edu.vn
2024114165,Vũ Hữu Bình,sv014165@uni.edu.vn
2019114166,Đặng Hữu Bình,sv014166@uni.edu.vn
2020114167,Bùi Hữu Bình,sv014167@uni.edu.vn
2021114168,Đỗ Hữu Bình,sv014168@uni.edu.vn
2022114169,Hồ Hữu Bình,sv014169@uni.edu.vn
2023114170,Nguyễn Thành Bình,sv014170@uni.edu.vn
2024114171,Trần Thành Bình,sv014171@uni.edu.vn
2019114172,Lê Thành Bình,sv014172@uni.edu.vn
2020114173,Phạm Thành Bình,sv014173@uni.edu.vn
2021114174,Hoàng Thành Bình,sv014174@uni.edu.vn
2022114175,Vũ Thành Bình,sv014175@uni.edu.vn
2023114176,Đặng Thành Bình,sv014176@uni.edu.vn
2024114177,Bùi Thành Bình,sv014177@uni.edu.vn
2019114178,Đỗ Thành Bình,sv014178@uni.edu.vn
2020114179,Hồ Thành Bình,sv014179@uni.edu.vn
2021114180,Nguyễn Ngọc Bình,sv014180@uni.edu.vn
2022114181,Trần Ngọc Bình,sv014181@uni.edu.vn
2023114182,Lê Ngọc Bình,sv014182@uni.edu.vn
2024114183,Phạm Ngọc Bình,sv014183@uni.edu.vn
2019114184,Hoàng Ngọc Bình,sv014184@uni.edu.vn
2020114185,Vũ Ngọc Bình,sv014185@uni.edu.vn
2021114186,Đặng Ngọc Bình,sv014186@uni.edu.vn
2022114187,Bùi Ngọc Bình,sv014187@uni.edu.vn
2023114188,Đỗ Ngọc Bình,sv014188@uni.edu.vn
2024114189,Hồ Ngọc Bình,sv014189@uni.edu.vn
2019114190,Nguyễn Bình,sv014190@uni.edu.vn
2020114191,Trần Bình,sv014191@uni.edu.vn
2021114192,Lê Bình,sv014192@uni.edu.vn
2022114193,Phạm Bình,sv014193@uni.edu.vn
2023114194,Hoàng Bình,sv014194@uni.edu.vn
2024114195,Vũ Bình,sv014195@uni.edu.vn
2019114196,Đặng Bình,sv014196@uni.edu.vn
2020114197,Bùi Bình,sv014197@uni.edu.vn
2021114198,Đỗ Bình,sv014198@uni.edu.vn
2022114199,Hồ Bình,sv014199@uni.edu.vn
2023114200,Nguyễn Thị Chi,sv014200@uni.edu.vn
2024114201,Trần Thị Chi,sv014201@uni.edu.vn
2019114202,Lê Thị Chi,sv014202@uni.edu.vn
2020114203,Phạm Thị Chi,sv014203@uni.edu.vn
2021114204,Hoàng Thị Chi,sv014204@uni.edu.vn
2022114205,Vũ Thị Chi,sv014205@uni.edu.vn
2023114206,Đặng Thị Chi,sv014206@uni.edu.vn
2024114207,Bùi Thị Chi,sv014207@uni.edu.vn
2019114208,Đỗ Thị Chi,sv014208@uni.edu.vn
2020114209,Hồ Thị Chi,sv014209@uni.edu.vn
2021114210,Nguyễn Văn Chi,sv014210@uni.edu.vn
2022114211,Trần Văn Chi,sv014211@uni.edu.vn
2023114212,Lê Văn Chi,sv014212@uni.edu.vn
2024114213,Phạm Văn Chi,sv014213@uni.edu.vn
2019114214,Hoàng Văn Chi,sv014214@uni.edu.vn
2020114215,Vũ Văn Chi,sv014215@uni.edu.vn
2021114216,Đặng Văn Chi,sv014216@uni.edu.vn
2022114217,Bùi Văn Chi,sv014217@uni.edu.vn
2023114218,Đỗ Văn Chi,sv014218@uni.edu.vn
2024114219,Hồ Văn Chi,sv014219@uni.edu.vn
2019114220,Nguyễn Minh Chi,sv014220@uni.edu.vn
2020114221,Trần Minh Chi,sv014221@uni.edu.vn
2021114222,Lê Minh Chi,sv014222@uni.edu.vn
2022114223,Phạm Minh Chi,sv014223@uni.edu.vn
2023114224,Hoàng Minh Chi,sv014224@uni.edu.vn
2024114225,Vũ Minh Chi,sv014225@uni.edu.vn
2019114226,Đặng Minh Chi,sv014226@uni.edu.vn
2020114227,Bùi Minh Chi,sv014227@uni.edu.vn
2021114228,Đỗ Minh Chi,sv014228@uni.edu.vn
2022114229,Hồ Minh Chi,sv014229@uni.edu.vn
2023114230,Nguyễn Quốc Chi,sv014230@uni.edu.vn
2024114231,Trần Quốc Chi,sv014231@uni.edu.vn
2019114232,Lê Quốc Chi,sv014232@uni.edu.vn
2020114233,Phạm Quốc Chi,sv014233@uni.edu.vn
2021114234,Hoàng Quốc Chi,sv014234@uni.edu.vn
2022114235,Vũ Quốc Chi,sv014235@uni.edu.vn
2023114236,Đặng Quốc Chi,sv014236@uni.edu.vn
2024114237,Bùi Quốc Chi,sv014237@uni.edu.vn
2019114238,Đỗ Quốc Chi,sv014238@uni.edu.vn
2020114239,Hồ Quốc Chi,sv014239@uni.edu.vn
2021114240,Nguyễn Anh Chi,sv014240@uni.edu.vn
2022114241,Trần Anh Chi,sv014241@uni.edu.vn
2023114242,Lê Anh Chi,sv014242@uni.edu.vn
2024114243,Phạm Anh Chi,sv014243@uni.edu.vn
2019114244,Hoàng Anh Chi,sv014244@uni.edu.vn
2020114245,Vũ Anh Chi,sv014245@uni.edu.vn
2021114246,Đặng Anh Chi,sv014246@uni.edu.vn
2022114247,Bùi Anh Chi,sv014247@uni.edu.vn
2023114248,Đỗ Anh Chi,sv014248@uni.edu.vn
2024114249,Hồ Anh Chi,sv014249@uni.edu.vn
2019114250,Nguyễn Tuấn Chi,sv014250@uni.edu.vn
2020114251,Trần Tuấn Chi,sv014251@uni.edu.vn
2021114252,Lê Tuấn Chi,sv014252@uni.edu.vn
2022114253,Phạm Tuấn Chi,sv014253@uni.edu.vn
2023114254,Hoàng Tuấn Chi,sv014254@uni.edu.vn
2024114255,Vũ Tuấn Chi,sv014255@uni.edu.vn
2019114256,Đặng Tuấn Chi,sv014256@uni.edu.vn
2020114257,Bùi Tuấn Chi,sv014257@uni.edu.vn
2021114258,Đỗ Tuấn Chi,sv014258@uni.edu.vn
2022114259,Hồ Tuấn Chi,sv014259@uni.edu.vn
2023114260,Nguyễn Hữu Chi,sv014260@uni.edu.vn
2024114261,Trần Hữu Chi,sv014261@uni.edu.vn
2019114262,Lê Hữu Chi,sv014262@uni.edu.vn
2020114263,Phạm Hữu Chi,sv014263@uni.edu.vn
2021114264,Hoàng Hữu Chi,sv014264@uni.edu.vn
2022114265,Vũ Hữu Chi,sv014265@uni.edu.vn
2023114266,Đặng Hữu Chi,sv014266@uni.edu.vn
2024114267,Bùi Hữu Chi,sv014267@uni.edu.vn
2019114268,Đỗ Hữu Chi,sv014268@uni.edu.vn
2020114269,Hồ Hữu Chi,sv014269@uni.edu.vn
2021114270,Nguyễn Thành Chi,sv014270@uni.edu.vn
2022114271,Trần Thành Chi,sv014271@uni.edu.vn
2023114272,Lê Thành Chi,sv014272@uni.edu.vn
2024114273,Phạm Thành Chi,sv014273@uni.edu.vn
2019114274,Hoàng Thành Chi,sv014274@uni.edu.vn
2020114275,Vũ Thành Chi,sv014275@uni.edu.vn
2021114276,Đặng Thành Chi,sv014276@uni.edu.vn
2022114277,Bùi Thành Chi,sv014277@uni.edu.vn
2023114278,Đỗ Thành Chi,sv014278@uni.edu.vn
2024114279,Hồ Thành Chi,sv014279@uni.edu.vn
2019114280,Nguyễn Ngọc Chi,sv014280@uni.edu.vn
2020114281,Trần Ngọc Chi,sv014281@uni.edu.vn
2021114282,Lê Ngọc Chi,sv014282@uni.edu.vn
2022114283,Phạm Ngọc Chi,sv014283@uni.edu.vn
2023114284,Hoàng Ngọc Chi,sv014284@uni.edu.vn
2024114285,Vũ Ngọc Chi,sv014285@uni.edu.vn
2019114286,Đặng Ngọc Chi,sv014286@uni.edu.vn
2020114287,Bùi Ngọc Chi,sv014287@uni.edu.vn
2021114288,Đỗ Ngọc Chi,sv014288@uni.edu.vn
2022114289,Hồ Ngọc Chi,sv014289@uni.edu.vn
2023114290,Nguyễn Chi,sv014290@uni.edu.vn
2024114291,Trần Chi,sv014291@uni.edu.vn
2019114292,Lê Chi,sv014292@uni.edu.vn
2020114293,Phạm Chi,sv014293@uni.edu.vn
2021114294,Hoàng Chi,sv014294@uni.edu.vn
2022114295,Vũ Chi,sv014295@uni.edu.vn
2023114296,Đặng Chi,sv014296@uni.edu.vn
2024114297,Bùi Chi,sv014297@uni.edu.vn
2019114298,Đỗ Chi,sv014298@uni.edu.vn
2020114299,Hồ Chi,sv014299@uni.edu.vn
2021114300,Nguyễn Thị Dũng,sv014300@uni.edu.vn
2022114301,Trần Thị Dũng,sv014301@uni.edu.vn
2023114302,Lê Thị Dũng,sv014302@uni.edu.vn
2024114303,Phạm Thị Dũng,sv014303@uni.edu.vn
2019114304,Hoàng Thị Dũng,sv014304@uni.edu.vn
2020114305,Vũ Thị Dũng,sv014305@uni.edu.vn
2021114306,Đặng Thị Dũng,sv014306@uni.edu.vn
2022114307,Bùi Thị Dũng,sv014307@uni.edu.vn
2023114308,Đỗ Thị Dũng,sv014308@uni.edu.vn
2024114309,Hồ Thị Dũng,sv014309@uni.edu.vn
2019114310,Nguyễn Văn Dũng,sv014310@uni.edu.vn
2020114311,Trần Văn Dũng,sv014311@uni.edu.vn
2021114312,Lê Văn Dũng,sv014312@uni.edu.vn
2022114313,Phạm Văn Dũng,sv014313@uni.edu.vn
2023114314,Hoàng Văn Dũng,sv014314@uni.edu.vn
2024114315,Vũ Văn Dũng,sv014315@uni.edu.vn
2019114316,Đặng Văn Dũng,sv014316@uni.edu.vn
2020114317,Bùi Văn Dũng,sv014317@uni.edu.vn
2021114318,Đỗ Văn Dũng,sv014318@uni.edu.vn
2022114319,Hồ Văn Dũng,sv014319@uni.edu.vn
2023114320,Nguyễn Minh Dũng,sv014320@uni.edu.vn
2024114321,Trần Minh Dũng,sv014321@uni.edu.vn
2019114322,Lê Minh Dũng,sv014322@uni.edu.vn
2020114323,Phạm Minh Dũng,sv014323@uni.edu.vn
2021114324,Hoàng Minh Dũng,sv014324@uni.edu.vn
2022114325,Vũ Minh Dũng,sv014325@uni.edu.vn
2023114326,Đặng Minh Dũng,sv014326@uni.edu.vn
2024114327,Bùi Minh Dũng,sv014327@uni.edu.vn
2019114328,Đỗ Minh Dũng,sv014328@uni.edu.vn
2020114329,Hồ Minh Dũng,sv014329@uni.edu.vn
2021114330,Nguyễn Quốc Dũng,sv014330@uni.edu.vn
2022114331,Trần Quốc Dũng,sv014331@uni.edu.vn
2023114332,Lê Quốc Dũng,sv014332@uni.edu.vn
2024114333,Phạm Quốc Dũng,sv014333@uni.edu.vn
2019114334,Hoàng Quốc Dũng,sv014334@uni.edu.vn
2020114335,Vũ Quốc Dũng,sv014335@uni.edu.vn
2021114336,Đặng Quốc Dũng,sv014336@uni.edu.vn
2022114337,Bùi Quốc Dũng,sv014337@uni.edu.vn
2023114338,Đỗ Quốc Dũng,sv014338@uni.edu.vn
2024114339,Hồ Quốc Dũng,sv014339@uni.edu.vn
2019114340,Nguyễn Anh Dũng,sv014340@uni.edu.vn
2020114341,Trần Anh Dũng,sv014341@uni.edu.vn
2021114342,Lê Anh Dũng,sv014342@uni.edu.vn
2022114343,Phạm Anh Dũng,sv014343@uni.edu.vn
2023114344,Hoàng Anh Dũng,sv014344@uni.edu.vn
2024114345,Vũ Anh Dũng,sv014345@uni.edu.vn
2019114346,Đặng Anh Dũng,sv014346@uni.edu.vn
2020114347,Bùi Anh Dũng,sv014347@uni.edu.vn
2021114348,Đỗ Anh Dũng,sv014348@uni.edu.vn
2022114349,Hồ Anh Dũng,sv014349@uni.edu.vn
2023114350,Nguyễn Tuấn Dũng,sv014350@uni.edu.vn
2024114351,Trần Tuấn Dũng,sv014351@uni.edu.vn
2019114352,Lê Tuấn Dũng,sv014352@uni.edu.vn
2020114353,Phạm Tuấn Dũng,sv014353@uni.edu.vn
2021114354,Hoàng Tuấn Dũng,sv014354@uni.edu.vn
2022114355,Vũ Tuấn Dũng,sv014355@uni.edu.vn
2023114356,Đặng Tuấn Dũng,sv014356@uni.edu.vn
2024114357,Bùi Tuấn Dũng,sv014357@uni.edu.vn
2019114358,Đỗ Tuấn Dũng,sv014358@uni.edu.vn
2020114359,Hồ Tuấn Dũng,sv014359@uni.edu.vn
2021114360,Nguyễn Hữu Dũng,sv014360@uni.edu.vn
2022114361,Trần Hữu Dũng,sv014361@uni.edu.vn
2023114362,Lê Hữu Dũng,sv014362@uni.edu.vn
2024114363,Phạm Hữu Dũng,sv014363@uni.edu.vn
2019114364,Hoàng Hữu Dũng,sv014364@uni.edu.vn
2020114365,Vũ Hữu Dũng,sv014365@uni.edu.vn
2021114366,Đặng Hữu Dũng,sv014366@uni.edu.vn
2022114367,Bùi Hữu Dũng,sv014367@uni.edu.vn
2023114368,Đỗ Hữu Dũng,sv014368@uni.edu.vn
2024114369,Hồ Hữu Dũng,sv014369@uni.edu.vn
2019114370,Nguyễn Thành Dũng,sv014370@uni.edu.vn
2020114371,Trần Thành Dũng,sv014371@uni.edu.vn
2021114372,Lê Thành Dũng,sv014372@uni.edu.vn
2022114373,Phạm Thành Dũng,sv014373@uni.edu.vn
2023114374,Hoàng Thành Dũng,sv014374@uni.edu.vn
2024114375,Vũ Thành Dũng,sv014375@uni.edu.vn
2019114376,Đặng Thành Dũng,sv014376@uni.edu.vn
2020114377,Bùi Thành Dũng,sv014377@uni.edu.vn
2021114378,Đỗ Thành Dũng,sv014378@uni.edu.vn
2022114379,Hồ Thành Dũng,sv014379@uni.edu.vn
2023114380,Nguyễn Ngọc Dũng,sv014380@uni.edu.vn
2024114381,Trần Ngọc Dũng,sv014381@uni.edu.vn
2019114382,Lê Ngọc Dũng,sv014382@uni.edu.vn
2020114383,Phạm Ngọc Dũng,sv014383@uni.edu.vn
2021114384,Hoàng Ngọc Dũng,sv014384@uni.edu.vn
2022114385,Vũ Ngọc Dũng,sv014385@uni.edu.vn
2023114386,Đặng Ngọc Dũng,sv014386@uni.edu.vn
2024114387,Bùi Ngọc Dũng,sv014387@uni.edu.vn
2019114388,Đỗ Ngọc Dũng,sv014388@uni.edu.vn
2020114389,Hồ Ngọc Dũng,sv014389@uni.edu.vn
2021114390,Nguyễn Dũng,sv014390@uni.edu.vn
2022114391,Trần Dũng,sv014391@uni.edu.vn
2023114392,Lê Dũng,sv014392@uni.edu.vn
2024114393,Phạm Dũng,sv014393@uni.edu.vn
2019114394,Hoàng Dũng,sv014394@uni.edu.vn
2020114395,Vũ Dũng,sv014395@uni.edu.vn
2021114396,Đặng Dũng,sv014396@uni.edu.vn
2022114397,Bùi Dũng,sv014397@uni.edu.vn
2023114398,Đỗ Dũng,sv014398@uni.edu.vn
2024114399,Hồ Dũng,sv014399@uni.edu.vn
2019114400,Nguyễn Thị Giang,sv014400@uni.edu.vn
2020114401,Trần Thị Giang,sv014401@uni.edu.vn
2021114402,Lê Thị Giang,sv014402@uni.edu.vn
2022114403,Phạm Thị Giang,sv014403@uni.edu.vn
2023114404,Hoàng Thị Giang,sv014404@uni.edu.vn
2024114405,Vũ Thị Giang,sv014405@uni.edu.vn
2019114406,Đặng Thị Giang,sv014406@uni.edu.vn
2020114407,Bùi Thị Giang,sv014407@uni.edu.vn
2021114408,Đỗ Thị Giang,sv014408@uni.edu.vn
2022114409,Hồ Thị Giang,sv014409@uni.edu.vn
2023114410,Nguyễn Văn Giang,sv014410@uni.edu.vn
2024114411,Trần Văn Giang,sv014411@uni.edu.vn
2019114412,Lê Văn Giang,sv014412@uni.edu.vn
2020114413,Phạm Văn Giang,sv014413@uni.edu.vn
2021114414,Hoàng Văn Giang,sv014414@uni.edu.vn
2022114415,Vũ Văn Giang,sv014415@uni.edu.vn
2023114416,Đặng Văn Giang,sv014416@uni.edu.vn
2024114417,Bùi Văn Giang,sv014417@uni.edu.vn
2019114418,Đỗ Văn Giang,sv014418@uni.edu.vn
2020114419,Hồ Văn Giang,sv014419@uni.edu.vn
2021114420,Nguyễn Minh Giang,sv014420@uni.edu.vn
2022114421,Trần Minh Giang,sv014421@uni.edu.vn
2023114422,Lê Minh Giang,sv014422@uni.edu.vn
2024114423,Phạm Minh Giang,sv014423@uni.edu.vn
2019114424,Hoàng Minh Giang,sv014424@uni.edu.vn
2020114425,Vũ Minh Giang,sv014425@uni.edu.vn
2021114426,Đặng Minh Giang,sv014426@uni.edu.vn
2022114427,Bùi Minh Giang,sv014427@uni.edu.vn
2023114428,Đỗ Minh Giang,sv014428@uni.edu.vn
2024114429,Hồ Minh Giang,sv014429@uni.edu.vn
2019114430,Nguyễn Quốc Giang,sv014430@uni.edu.vn
2020114431,Trần Quốc Giang,sv014431@uni.edu.vn
2021114432,Lê Quốc Giang,sv014432@uni.edu.vn
2022114433,Phạm Quốc Giang,sv014433@uni.edu.vn
2023114434,Hoàng Quốc Giang,sv014434@uni.edu.vn
2024114435,Vũ Quốc Giang,sv014435@uni.edu.vn
2019114436,Đặng Quốc Giang,sv014436@uni.edu.vn
2020114437,Bùi Quốc Giang,sv014437@uni.edu.vn
2021114438,Đỗ Quốc Giang,sv014438@uni.edu.vn
2022114439,Hồ Quốc Giang,sv014439@uni.edu.vn
2023114440,Nguyễn Anh Giang,sv014440@uni.edu.vn
2024114441,Trần Anh Giang,sv014441@uni.edu.vn
2019114442,Lê Anh Giang,sv014442@uni.edu.vn
2020114443,Phạm Anh Giang,sv014443@uni.edu.vn
2021114444,Hoàng Anh Giang,sv014444@uni.edu.vn
2022114445,Vũ Anh Giang,sv014445@uni.edu.vn
2023114446,Đặng Anh Giang,sv014446@uni.edu.vn
2024114447,Bùi Anh Giang,sv014447@uni.edu.vn
2019114448,Đỗ Anh Giang,sv014448@uni.edu.vn
2020114449,Hồ Anh Giang,sv014449@uni.edu.vn
2021114450,Nguyễn Tuấn Giang,sv014450@uni.edu.vn
2022114451,Trần Tuấn Giang,sv014451@uni.edu.vn
2023114452,Lê Tuấn Giang,sv014452@uni.edu.vn
2024114453,Phạm Tuấn Giang,sv014453@uni.edu.vn
2019114454,Hoàng Tuấn Giang,sv014454@uni.edu.vn
2020114455,Vũ Tuấn Giang,sv014455@uni.edu.vn
2021114456,Đặng Tuấn Giang,sv014456@uni.edu.vn
2022114457,Bùi Tuấn Giang,sv014457@uni.edu.vn
2023114458,Đỗ Tuấn Giang,sv014458@uni.edu.vn
2024114459,Hồ Tuấn Giang,sv014459@uni.edu.vn
2019114460,Nguyễn Hữu Giang,sv014460@uni.edu.vn
2020114461,Trần Hữu Giang,sv014461@uni.edu.vn
2021114462,Lê Hữu Giang,sv014462@uni.edu.vn
2022114463,Phạm Hữu Giang,sv014463@uni.edu.vn
2023114464,Hoàng Hữu Giang,sv014464@uni.edu.vn
2024114465,Vũ Hữu Giang,sv014465@uni.edu.vn
2019114466,Đặng Hữu Giang,sv014466@uni.edu.vn
2020114467,Bùi Hữu Giang,sv014467@uni.edu.vn
2021114468,Đỗ Hữu Giang,sv014468@uni.edu.vn
2022114469,Hồ Hữu Giang,sv014469@uni.edu.vn
2023114470,Nguyễn Thành Giang,sv014470@uni.edu.vn
2024114471,Trần Thành Giang,sv014471@uni.edu.vn
2019114472,Lê Thành Giang,sv014472@uni.edu.vn
2020114473,Phạm Thành Giang,sv014473@uni.edu.vn
2021114474,Hoàng Thành Giang,sv014474@uni.edu.vn
2022114475,Vũ Thành Giang,sv014475@uni.edu.vn
2023114476,Đặng Thành Giang,sv014476@uni.edu.vn
2024114477,Bùi Thành Giang,sv014477@uni.edu.vn
2019114478,Đỗ Thành Giang,sv014478@uni.edu.vn
2020114479,Hồ Thành Giang,sv014479@uni.edu.vn
2021114480,Nguyễn Ngọc Giang,sv014480@uni.edu.vn
2022114481,Trần Ngọc Giang,sv014481@uni.edu.vn
2023114482,Lê Ngọc Giang,sv014482@uni.edu.vn
2024114483,Phạm Ngọc Giang,sv014483@uni.edu.vn
2019114484,Hoàng Ngọc Giang,sv014484@uni.edu.vn
2020114485,Vũ Ngọc Giang,sv014485@uni.edu.vn
2021114486,Đặng Ngọc Giang,sv014486@uni.edu.vn
2022114487,Bùi Ngọc Giang,sv014487@uni.edu.vn
2023114488,Đỗ Ngọc Giang,sv014488@uni.edu.vn
2024114489,Hồ Ngọc Giang,sv014489@uni.edu.vn
2019114490,Nguyễn Giang,sv014490@uni.edu.vn
2020114491,Trần Giang,sv014491@uni.edu.vn
2021114492,Lê Giang,sv014492@uni.edu.vn
2022114493,Phạm Giang,sv014493@uni.edu.vn
2023114494,Hoàng Giang,sv014494@uni.edu.vn
2024114495,Vũ Giang,sv014495@uni.edu.vn
2019114496,Đặng Giang,sv014496@uni.edu.vn
2020114497,Bùi Giang,sv014497@uni.edu.vn
2021114498,Đỗ Giang,sv014498@uni.edu.vn
2022114499,Hồ Giang,sv014499@uni.edu.vn
2023114500,Nguyễn Thị Hà,sv014500@uni.edu.vn
2024114501,Trần Thị Hà,sv014501@uni.edu.vn
2019114502,Lê Thị Hà,sv014502@uni.edu.vn
2020114503,Phạm Thị Hà,sv014503@uni.edu.vn
2021114504,Hoàng Thị Hà,sv014504@uni.edu.vn
2022114505,Vũ Thị Hà,sv014505@uni.edu.vn
2023114506,Đặng Thị Hà,sv014506@uni.edu.vn
2024114507,Bùi Thị Hà,sv014507@uni.edu.vn
2019114508,Đỗ Thị Hà,sv014508@uni.edu.vn
2020114509,Hồ Thị Hà,sv014509@uni.edu.vn
2021114510,Nguyễn Văn Hà,sv014510@uni.edu.vn
2022114511,Trần Văn Hà,sv014511@uni.edu.vn
2023114512,Lê Văn Hà,sv014512@uni.edu.vn
2024114513,Phạm Văn Hà,sv014513@uni.edu.vn
2019114514,Hoàng Văn Hà,sv014514@uni.edu.vn
2020114515,Vũ Văn Hà,sv014515@uni.edu.vn
2021114516,Đặng Văn Hà,sv014516@uni.edu.vn
2022114517,Bùi Văn Hà,sv014517@uni.edu.vn
2023114518,Đỗ Văn Hà,sv014518@uni.edu.vn
2024114519,Hồ Văn Hà,sv014519@uni.edu.vn
2019114520,Nguyễn Minh Hà,sv014520@uni.edu.vn
2020114521,Trần Minh Hà,sv014521@uni.edu.vn
2021114522,Lê Minh Hà,sv014522@uni.edu.vn
2022114523,Phạm Minh Hà,sv014523@uni.edu.vn
2023114524,Hoàng Minh Hà,sv014524@uni.edu.vn
2024114525,Vũ Minh Hà,sv014525@uni.edu.vn
2019114526,Đặng Minh Hà,sv014526@uni.edu.vn
2020114527,Bùi Minh Hà,sv014527@uni.edu.vn
2021114528,Đỗ Minh Hà,sv014528@uni.edu.vn
2022114529,Hồ Minh Hà,sv014529@uni.edu.vn
2023114530,Nguyễn Quốc Hà,sv014530@uni.edu.vn
2024114531,Trần Quốc Hà,sv014531@uni.edu.vn
2019114532,Lê Quốc Hà,sv014532@uni.edu.vn
2020114533,Phạm Quốc Hà,sv014533@uni.edu.vn
2021114534,Hoàng Quốc Hà,sv014534@uni.edu.vn
2022114535,Vũ Quốc Hà,sv014535@uni.edu.vn
2023114536,Đặng Quốc Hà,sv014536@uni.edu.vn
2024114537,Bùi Quốc Hà,sv014537@uni.edu.vn
2019114538,Đỗ Quốc Hà,sv014538@uni.edu.vn
2020114539,Hồ Quốc Hà,sv014539@uni.edu.vn
2021114540,Nguyễn Anh Hà,sv014540@uni.edu.vn
2022114541,Trần Anh Hà,sv014541@uni.edu.vn
2023114542,Lê Anh Hà,sv014542@uni.edu.vn
2024114543,Phạm Anh Hà,sv014543@uni.edu.vn
2019114544,Hoàng Anh Hà,sv014544@uni.edu.vn
2020114545,Vũ Anh Hà,sv014545@uni.edu.vn
2021114546,Đặng Anh Hà,sv014546@uni.edu.vn
2022114547,Bùi Anh Hà,sv014547@uni.edu.vn
2023114548,Đỗ Anh Hà,sv014548@uni.edu.vn
2024114549,Hồ Anh Hà,sv014549@uni.edu.vn
2019114550,Nguyễn Tuấn Hà,sv014550@uni.edu.vn
2020114551,Trần Tuấn Hà,sv014551@uni.edu.vn
2021114552,Lê Tuấn Hà,sv014552@uni.edu.vn
2022114553,Phạm Tuấn Hà,sv014553@uni.edu.vn
2023114554,Hoàng Tuấn Hà,sv014554@uni.edu.vn
2024114555,Vũ Tuấn Hà,sv014555@uni.edu.vn
2019114556,Đặng Tuấn Hà,sv014556@uni.edu.vn
2020114557,Bùi Tuấn Hà,sv014557@uni.edu.vn
2021114558,Đỗ Tuấn Hà,sv014558@uni.edu.vn
2022114559,Hồ Tuấn Hà,sv014559@uni.edu.vn
2023114560,Nguyễn Hữu Hà,sv014560@uni.edu.vn
2024114561,Trần Hữu Hà,sv014561@uni.edu.vn
2019114562,Lê Hữu Hà,sv014562@uni.edu.vn
2020114563,Phạm Hữu Hà,sv014563@uni.edu.vn
2021114564,Hoàng Hữu Hà,sv014564@uni.edu.vn
2022114565,Vũ Hữu Hà,sv014565@uni.edu.vn
2023114566,Đặng Hữu Hà,sv014566@uni.edu.vn
2024114567,Bùi Hữu Hà,sv014567@uni.edu.vn
2019114568,Đỗ Hữu Hà,sv014568@uni.edu.vn
2020114569,Hồ Hữu Hà,sv014569@uni.edu.vn
2021114570,Nguyễn Thành Hà,sv014570@uni.edu.vn
2022114571,Trần Thành Hà,sv014571@uni.edu.vn
2023114572,Lê Thành Hà,sv014572@uni.edu.vn
2024114573,Phạm Thành Hà,sv014573@uni.edu.vn
2019114574,Hoàng Thành Hà,sv014574@uni.edu.vn
2020114575,Vũ Thành Hà,sv014575@uni.edu.vn
2021114576,Đặng Thành Hà,sv014576@uni.edu.vn
2022114577,Bùi Thành Hà,sv014577@uni.edu.vn
2023114578,Đỗ Thành Hà,sv014578@uni.edu.vn
2024114579,Hồ Thành Hà,sv014579@uni.edu.vn
2019114580,Nguyễn Ngọc Hà,sv014580@uni.edu.vn
2020114581,Trần Ngọc Hà,sv014581@uni.edu.vn
2021114582,Lê Ngọc Hà,sv014582@uni.edu.vn
2022114583,Phạm Ngọc Hà,sv014583@uni.edu.vn
2023114584,Hoàng Ngọc Hà,sv014584@uni.edu.vn
2024114585,Vũ Ngọc Hà,sv014585@uni.edu.vn
2019114586,Đặng Ngọc Hà,sv014586@uni.edu.vn
2020114587,Bùi Ngọc Hà,sv014587@uni.edu.vn
2021114588,Đỗ Ngọc Hà,sv014588@uni.edu.vn
2022114589,Hồ Ngọc Hà,sv014589@uni.edu.vn
2023114590,Nguyễn Hà,sv014590@uni.edu.vn
2024114591,Trần Hà,sv014591@uni.edu.vn
2019114592,Lê Hà,sv014592@uni.edu.vn
2020114593,Phạm Hà,sv014593@uni.edu.vn
2021114594,Hoàng Hà,sv014594@uni.edu.vn
2022114595,Vũ Hà,sv014595@uni.edu.vn
2023114596,Đặng Hà,sv014596@uni.edu.vn
2024114597,Bùi Hà,sv014597@uni.edu.vn
2019114598,Đỗ Hà,sv014598@uni.edu.vn
2020114599,Hồ Hà,sv014599@uni.edu.vn
2021114600,Nguyễn Thị Hùng,sv014600@uni.edu.vn
2022114601,Trần Thị Hùng,sv014601@uni.edu.vn
2023114602,Lê Thị Hùng,sv014602@uni.edu.vn
2024114603,Phạm Thị Hùng,sv014603@uni.edu.vn
2019114604,Hoàng Thị Hùng,sv014604@uni.edu.vn
2020114605,Vũ Thị Hùng,sv014605@uni.edu.vn
2021114606,Đặng Thị Hùng,sv014606@uni.edu.vn
2022114607,Bùi Thị Hùng,sv014607@uni.edu.vn
2023114608,Đỗ Thị Hùng,sv014608@uni.edu.vn
2024114609,Hồ Thị Hùng,sv014609@uni.edu.vn
2019114610,Nguyễn Văn Hùng,sv014610@uni.edu.vn
2020114611,Trần Văn Hùng,sv014611@uni.edu.vn
2021114612,Lê Văn Hùng,sv014612@uni.edu.vn
2022114613,Phạm Văn Hùng,sv014613@uni.edu.vn
2023114614,Hoàng Văn Hùng,sv014614@uni.edu.vn
2024114615,Vũ Văn Hùng,sv014615@uni.edu.vn
2019114616,Đặng Văn Hùng,sv014616@uni.edu.vn
2020114617,Bùi Văn Hùng,sv014617@uni.edu.vn
2021114618,Đỗ Văn Hùng,sv014618@uni.edu.vn
2022114619,Hồ Văn Hùng,sv014619@uni.edu.vn
2023114620,Nguyễn Minh Hùng,sv014620@uni.edu.vn
2024114621,Trần Minh Hùng,sv014621@uni.edu.vn
2019114622,Lê Minh Hùng,sv014622@uni.edu.vn
2020114623,Phạm Minh Hùng,sv014623@uni.edu.vn
2021114624,Hoàng Minh Hùng,sv014624@uni.edu.vn
2022114625,Vũ Minh Hùng,sv014625@uni.edu.vn
2023114626,Đặng Minh Hùng,sv014626@uni.edu.vn
2024114627,Bùi Minh Hùng,sv014627@uni.edu.vn
2019114628,Đỗ Minh Hùng,sv014628@uni.edu.vn
2020114629,Hồ Minh Hùng,sv014629@uni.edu.vn
2021114630,Nguyễn Quốc Hùng,sv014630@uni.edu.vn
2022114631,Trần Quốc Hùng,sv014631@uni.edu.vn
2023114632,Lê Quốc Hùng,sv014632@uni.edu.vn
2024114633,Phạm Quốc Hùng,sv014633@uni.edu.vn
2019114634,Hoàng Quốc Hùng,sv014634@uni.edu.vn
2020114635,Vũ Quốc Hùng,sv014635@uni.edu.vn
2021114636,Đặng Quốc Hùng,sv014636@uni.edu.vn
2022114637,Bùi Quốc Hùng,sv014637@uni.edu.vn
2023114638,Đỗ Quốc Hùng,sv014638@uni.edu.vn
2024114639,Hồ Quốc Hùng,sv014639@uni.edu.vn
2019114640,Nguyễn Anh Hùng,sv014640@uni.edu.vn
2020114641,Trần Anh Hùng,sv014641@uni.edu.vn
2021114642,Lê Anh Hùng,sv014642@uni.edu.vn
2022114643,Phạm Anh Hùng,sv014643@uni.edu.vn
2023114644,Hoàng Anh Hùng,sv014644@uni.edu.vn
2024114645,Vũ Anh Hùng,sv014645@uni.edu.vn
2019114646,Đặng Anh Hùng,sv014646@uni.edu.vn
2020114647,Bùi Anh Hùng,sv014647@uni.edu.vn
2021114648,Đỗ Anh Hùng,sv014648@uni.edu.vn
2022114649,Hồ Anh Hùng,sv014649@uni.edu.vn
2023114650,Nguyễn Tuấn Hùng,sv014650@uni.edu.vn
2024114651,Trần Tuấn Hùng,sv014651@uni.edu.vn
2019114652,Lê Tuấn Hùng,sv014652@uni.edu.vn
2020114653,Phạm Tuấn Hùng,sv014653@uni.edu.vn
2021114654,Hoàng Tuấn Hùng,sv014654@uni.edu.vn
2022114655,Vũ Tuấn Hùng,sv014655@uni.edu.vn
2023114656,Đặng Tuấn Hùng,sv014656@uni.edu.vn
2024114657,Bùi Tuấn Hùng,sv014657@uni.edu.vn
2019114658,Đỗ Tuấn Hùng,sv014658@uni.edu.vn
2020114659,Hồ Tuấn Hùng,sv014659@uni.edu.vn
2021114660,Nguyễn Hữu Hùng,sv014660@uni.edu.vn
2022114661,Trần Hữu Hùng,sv014661@uni.edu.vn
2023114662,Lê Hữu Hùng,sv014662@uni.edu.vn
2024114663,Phạm Hữu Hùng,sv014663@uni.edu.vn
2019114664,Hoàng Hữu Hùng,sv014664@uni.edu.vn
2020114665,Vũ Hữu Hùng,sv014665@uni.edu.vn
2021114666,Đặng Hữu Hùng,sv014666@uni.edu.vn
2022114667,Bùi Hữu Hùng,sv014667@uni.edu.vn
2023114668,Đỗ Hữu Hùng,sv014668@uni.edu.vn
2024114669,Hồ Hữu Hùng,sv014669@uni.edu.vn
2019114670,Nguyễn Thành Hùng,sv014670@uni.edu.vn
2020114671,Trần Thành Hùng,sv014671@uni.edu.vn
2021114672,Lê Thành Hùng,sv014672@uni.edu.vn
2022114673,Phạm Thành Hùng,sv014673@uni.edu.vn
2023114674,Hoàng Thành Hùng,sv014674@uni.edu.vn
2024114675,Vũ Thành Hùng,sv014675@uni.edu.vn
2019114676,Đặng Thành Hùng,sv014676@uni.edu.vn
2020114677,Bùi Thành Hùng,sv014677@uni.edu.vn
2021114678,Đỗ Thành Hùng,sv014678@uni.edu.vn
2022114679,Hồ Thành Hùng,sv014679@uni.edu.vn
2023114680,Nguyễn Ngọc Hùng,sv014680@uni.edu.vn
2024114681,Trần Ngọc Hùng,sv014681@uni.edu.vn
2019114682,Lê Ngọc Hùng,sv014682@uni.edu.vn
2020114683,Phạm Ngọc Hùng,sv014683@uni.edu.vn
2021114684,Hoàng Ngọc Hùng,sv014684@uni.edu.vn
2022114685,Vũ Ngọc Hùng,sv014685@uni.edu.vn
2023114686,Đặng Ngọc Hùng,sv014686@uni.edu.vn
2024114687,Bùi Ngọc Hùng,sv014687@uni.edu.vn
2019114688,Đỗ Ngọc Hùng,sv014688@uni.edu.vn
2020114689,Hồ Ngọc Hùng,sv014689@uni.edu.vn
2021114690,Nguyễn Hùng,sv014690@uni.edu.vn
2022114691,Trần Hùng,sv014691@uni.edu.vn
2023114692,Lê Hùng,sv014692@uni.edu.vn
2024114693,Phạm Hùng,sv014693@uni.edu.vn
2019114694,Hoàng Hùng,sv014694@uni.edu.vn
2020114695,Vũ Hùng,sv014695@uni.edu.vn
2021114696,Đặng Hùng,sv014696@uni.edu.vn
2022114697,Bùi Hùng,sv014697@uni.edu.vn
2023114698,Đỗ Hùng,sv014698@uni.edu.vn
2024114699,Hồ Hùng,sv014699@uni.edu.vn
2019114700,Nguyễn Thị Khoa,sv014700@uni.edu.vn
2020114701,Trần Thị Khoa,sv014701@uni.edu.vn
2021114702,Lê Thị Khoa,sv014702@uni.edu.vn
2022114703,Phạm Thị Khoa,sv014703@uni.edu.vn
2023114704,Hoàng Thị Khoa,sv014704@uni.edu.vn
2024114705,Vũ Thị Khoa,sv014705@uni.edu.vn
2019114706,Đặng Thị Khoa,sv014706@uni.edu.vn
2020114707,Bùi Thị Khoa,sv014707@uni.edu.vn
2021114708,Đỗ Thị Khoa,sv014708@uni.edu.vn
2022114709,Hồ Thị Khoa,sv014709@uni.edu.vn
2023114710,Nguyễn Văn Khoa,sv014710@uni.edu.vn
2024114711,Trần Văn Khoa,sv014711@uni.edu.vn
2019114712,Lê Văn Khoa,sv014712@uni.edu.vn
2020114713,Phạm Văn Khoa,sv014713@uni.edu.vn
2021114714,Hoàng Văn Khoa,sv014714@uni.edu.vn
2022114715,Vũ Văn Khoa,sv014715@uni.edu.vn
2023114716,Đặng Văn Khoa,sv014716@uni.edu.vn
2024114717,Bùi Văn Khoa,sv014717@uni.edu.vn
2019114718,Đỗ Văn Khoa,sv014718@uni.edu.vn
2020114719,Hồ Văn Khoa,sv014719@uni.edu.vn
2021114720,Nguyễn Minh Khoa,sv014720@uni.edu.vn
2022114721,Trần Minh Khoa,sv014721@uni.edu.vn
2023114722,Lê Minh Khoa,sv014722@uni.edu.vn
2024114723,Phạm Minh Khoa,sv014723@uni.edu.vn
2019114724,Hoàng Minh Khoa,sv014724@uni.edu.vn
2020114725,Vũ Minh Khoa,sv014725@uni.edu.vn
2021114726,Đặng Minh Khoa,sv014726@uni.edu.vn
2022114727,Bùi Minh Khoa,sv014727@uni.edu.vn
2023114728,Đỗ Minh Khoa,sv014728@uni.edu.vn
2024114729,Hồ Minh Khoa,sv014729@uni.edu.vn
2019114730,Nguyễn Quốc Khoa,sv014730@uni.edu.vn
2020114731,Trần Quốc Khoa,sv014731@uni.edu.vn
2021114732,Lê Quốc Khoa,sv014732@uni.edu.vn
2022114733,Phạm Quốc Khoa,sv014733@uni.edu.vn
2023114734,Hoàng Quốc Khoa,sv014734@uni.edu.vn
2024114735,Vũ Quốc Khoa,sv014735@uni.edu.vn
2019114736,Đặng Quốc Khoa,sv014736@uni.edu.vn
2020114737,Bùi Quốc Khoa,sv014737@uni.edu.vn
2021114738,Đỗ Quốc Khoa,sv014738@uni.edu.vn
2022114739,Hồ Quốc Khoa,sv014739@uni.edu.vn
2023114740,Nguyễn Anh Khoa,sv014740@uni.edu.vn
2024114741,Trần Anh Khoa,sv014741@uni.edu.vn
2019114742,Lê Anh Khoa,sv014742@uni.edu.vn
2020114743,Phạm Anh Khoa,sv014743@uni.edu.vn
2021114744,Hoàng Anh Khoa,sv014744@uni.edu.vn
2022114745,Vũ Anh Khoa,sv014745@uni.edu.vn
2023114746,Đặng Anh Khoa,sv014746@uni.edu.vn
2024114747,Bùi Anh Khoa,sv014747@uni.edu.vn
2019114748,Đỗ Anh Khoa,sv014748@uni.edu.vn
2020114749,Hồ Anh Khoa,sv014749@uni.edu.vn
2021114750,Nguyễn Tuấn Khoa,sv014750@uni.edu.vn
2022114751,Trần Tuấn Khoa,sv014751@uni.edu.vn
2023114752,Lê Tuấn Khoa,sv014752@uni.edu.vn
2024114753,Phạm Tuấn Khoa,sv014753@uni.edu.vn
2019114754,Hoàng Tuấn Khoa,sv014754@uni.edu.vn
2020114755,Vũ Tuấn Khoa,sv014755@uni.edu.vn
2021114756,Đặng Tuấn Khoa,sv014756@uni.edu.vn
2022114757,Bùi Tuấn Khoa,sv014757@uni.edu.vn
2023114758,Đỗ Tuấn Khoa,sv014758@uni.edu.vn
2024114759,Hồ Tuấn Khoa,sv014759@uni.edu.vn
2019114760,Nguyễn Hữu Khoa,sv014760@uni.edu.vn
2020114761,Trần Hữu Khoa,sv014761@uni.edu.vn
2021114762,Lê Hữu Khoa,sv014762@uni.edu.vn
2022114763,Phạm Hữu Khoa,sv014763@uni.edu.vn
2023114764,Hoàng Hữu Khoa,sv014764@uni.edu.vn
2024114765,Vũ Hữu Khoa,sv014765@uni.edu.vn
2019114766,Đặng Hữu Khoa,sv014766@uni.edu.vn
2020114767,Bùi Hữu Khoa,sv014767@uni.edu.vn
2021114768,Đỗ Hữu Khoa,sv014768@uni.edu.vn
2022114769,Hồ Hữu Khoa,sv014769@uni.edu.vn
2023114770,Nguyễn Thành Khoa,sv014770@uni.edu.vn
2024114771,Trần Thành Khoa,sv014771@uni.edu.vn
2019114772,Lê Thành Khoa,sv014772@uni.edu.vn
2020114773,Phạm Thành Khoa,sv014773@uni.edu.vn
2021114774,Hoàng Thành Khoa,sv014774@uni.edu.vn
2022114775,Vũ Thành Khoa,sv014775@uni.edu.vn
2023114776,Đặng Thành Khoa,sv014776@uni.edu.vn
2024114777,Bùi Thành Khoa,sv014777@uni.edu.vn
2019114778,Đỗ Thành Khoa,sv014778@uni.edu.vn
2020114779,Hồ Thành Khoa,sv014779@uni.edu.vn
2021114780,Nguyễn Ngọc Khoa,sv014780@uni.edu.vn
2022114781,Trần Ngọc Khoa,sv014781@uni.edu.vn
2023114782,Lê Ngọc Khoa,sv014782@uni.edu.vn
2024114783,Phạm Ngọc Khoa,sv014783@uni.edu.vn
2019114784,Hoàng Ngọc Khoa,sv014784@uni.edu.vn
2020114785,Vũ Ngọc Khoa,sv014785@uni.edu.vn
2021114786,Đặng Ngọc Khoa,sv014786@uni.edu.vn
2022114787,Bùi Ngọc Khoa,sv014787@uni.edu.vn
2023114788,Đỗ Ngọc Khoa,sv014788@uni.edu.vn
2024114789,Hồ Ngọc Khoa,sv014789@uni.edu.vn
2019114790,Nguyễn Khoa,sv014790@uni.edu.vn
2020114791,Trần Khoa,sv014791@uni.edu.vn
2021114792,Lê Khoa,sv014792@uni.edu.vn
2022114793,Phạm Khoa,sv014793@uni.edu.vn
2023114794,Hoàng Khoa,sv014794@uni.edu.vn
2024114795,Vũ Khoa,sv014795@uni.edu.vn
2019114796,Đặng Khoa,sv014796@uni.edu.vn
2020114797,Bùi Khoa,sv014797@uni.edu.vn
2021114798,Đỗ Khoa,sv014798@uni.edu.vn
2022114799,Hồ Khoa,sv014799@uni.edu.vn
2023114800,Nguyễn Thị Lan,sv014800@uni.edu.vn
2024114801,Trần Thị Lan,sv014801@uni.edu.vn
2019114802,Lê Thị Lan,sv014802@uni.edu.vn
2020114803,Phạm Thị Lan,sv014803@uni.edu.vn
2021114804,Hoàng Thị Lan,sv014804@uni.edu.vn
2022114805,Vũ Thị Lan,sv014805@uni.edu.vn
2023114806,Đặng Thị Lan,sv014806@uni.edu.vn
2024114807,Bùi Thị Lan,sv014807@uni.edu.vn
2019114808,Đỗ Thị Lan,sv014808@uni.edu.vn
2020114809,Hồ Thị Lan,sv014809@uni.edu.vn
2021114810,Nguyễn Văn Lan,sv014810@uni.edu.vn
2022114811,Trần Văn Lan,sv014811@uni.edu.vn
2023114812,Lê Văn Lan,sv014812@uni.edu.vn
2024114813,Phạm Văn Lan,sv014813@uni.edu.vn
2019114814,Hoàng Văn Lan,sv014814@uni.edu.vn
2020114815,Vũ Văn Lan,sv014815@uni.edu.vn
2021114816,Đặng Văn Lan,sv014816@uni.edu.vn
2022114817,Bùi Văn Lan,sv014817@uni.edu.vn
2023114818,Đỗ Văn Lan,sv014818@uni.edu.vn
2024114819,Hồ Văn Lan,sv014819@uni.edu.vn
2019114820,Nguyễn Minh Lan,sv014820@uni.edu.vn
2020114821,Trần Minh Lan,sv014821@uni.edu.vn
2021114822,Lê Minh Lan,sv014822@uni.edu.vn
2022114823,Phạm Minh Lan,sv014823@uni.edu.vn
2023114824,Hoàng Minh Lan,sv014824@uni.edu.vn
2024114825,Vũ Minh Lan,sv014825@uni.edu.vn
2019114826,Đặng Minh Lan,sv014826@uni.edu.vn
2020114827,Bùi Minh Lan,sv014827@uni.edu.vn
2021114828,Đỗ Minh Lan,sv014828@uni.edu.vn
2022114829,Hồ Minh Lan,sv014829@uni.edu.vn
2023114830,Nguyễn Quốc Lan,sv014830@uni.edu.vn
2024114831,Trần Quốc Lan,sv014831@uni.edu.vn
2019114832,Lê Quốc Lan,sv014832@uni.edu.vn
2020114833,Phạm Quốc Lan,sv014833@uni.edu.vn
2021114834,Hoàng Quốc Lan,sv014834@uni.edu.vn
2022114835,Vũ Quốc Lan,sv014835@uni.edu.vn
2023114836,Đặng Quốc Lan,sv014836@uni.edu.vn
2024114837,Bùi Quốc Lan,sv014837@uni.edu.vn
2019114838,Đỗ Quốc Lan,sv014838@uni.edu.vn
2020114839,Hồ Quốc Lan,sv014839@uni.edu.vn
2021114840,Nguyễn Anh Lan,sv014840@uni.edu.vn
2022114841,Trần Anh Lan,sv014841@uni.edu.vn
2023114842,Lê Anh Lan,sv014842@uni.edu.vn
2024114843,Phạm Anh Lan,sv014843@uni.edu.vn
2019114844,Hoàng Anh Lan,sv014844@uni.edu.vn
2020114845,Vũ Anh Lan,sv014845@uni.edu.vn
2021114846,Đặng Anh Lan,sv014846@uni.edu.vn
2022114847,Bùi Anh Lan,sv014847@uni.edu.vn
2023114848,Đỗ Anh Lan,sv014848@uni.edu.vn
2024114849,Hồ Anh Lan,sv014849@uni.edu.vn
2019114850,Nguyễn Tuấn Lan,sv014850@uni.edu.vn
2020114851,Trần Tuấn Lan,sv014851@uni.edu.vn
2021114852,Lê Tuấn Lan,sv014852@uni.edu.vn
2022114853,Phạm Tuấn Lan,sv014853@uni.edu.vn
2023114854,Hoàng Tuấn Lan,sv014854@uni.edu.vn
2024114855,Vũ Tuấn Lan,sv014855@uni.edu.vn
2019114856,Đặng Tuấn Lan,sv014856@uni.edu.vn
2020114857,Bùi Tuấn Lan,sv014857@uni.edu.vn
2021114858,Đỗ Tuấn Lan,sv014858@uni.edu.vn
2022114859,Hồ Tuấn Lan,sv014859@uni.edu.vn
2023114860,Nguyễn Hữu Lan,sv014860@uni.edu.vn
2024114861,Trần Hữu Lan,sv014861@uni.edu.vn
2019114862,Lê Hữu Lan,sv014862@uni.edu.vn
2020114863,Phạm Hữu Lan,sv014863@uni.edu.vn
2021114864,Hoàng Hữu Lan,sv014864@uni.edu.vn
2022114865,Vũ Hữu Lan,sv014865@uni.edu.vn
2023114866,Đặng Hữu Lan,sv014866@uni.edu.vn
2024114867,Bùi Hữu Lan,sv014867@uni.edu.vn
2019114868,Đỗ Hữu Lan,sv014868@uni.edu.vn
2020114869,Hồ Hữu Lan,sv014869@uni.edu.vn
2021114870,Nguyễn Thành Lan,sv014870@uni.edu.vn
2022114871,Trần Thành Lan,sv014871@uni.edu.vn
2023114872,Lê Thành Lan,sv014872@uni.edu.vn
2024114873,Phạm Thành Lan,sv014873@uni.edu.vn
2019114874,Hoàng Thành Lan,sv014874@uni.edu.vn
2020114875,Vũ Thành Lan,sv014875@uni.edu.vn
2021114876,Đặng Thành Lan,sv014876@uni.edu.vn
2022114877,Bùi Thành Lan,sv014877@uni.edu.vn
2023114878,Đỗ Thành Lan,sv014878@uni.edu.vn
2024114879,Hồ Thành Lan,sv014879@uni.edu.vn
2019114880,Nguyễn Ngọc Lan,sv014880@uni.edu.vn
2020114881,Trần Ngọc Lan,sv014881@uni.edu.vn
2021114882,Lê Ngọc Lan,sv014882@uni.edu.vn
2022114883,Phạm Ngọc Lan,sv014883@uni.edu.vn
2023114884,Hoàng Ngọc Lan,sv014884@uni.edu.vn
2024114885,Vũ Ngọc Lan,sv014885@uni.edu.vn
2019114886,Đặng Ngọc Lan,sv014886@uni.edu.vn
2020114887,Bùi Ngọc Lan,sv014887@uni.edu.vn
2021114888,Đỗ Ngọc Lan,sv014888@uni.edu.vn
2022114889,Hồ Ngọc Lan,sv014889@uni.edu.vn
2023114890,Nguyễn Lan,sv014890@uni.edu.vn
2024114891,Trần Lan,sv014891@uni.edu.vn
2019114892,Lê Lan,sv014892@uni.edu.vn
2020114893,Phạm Lan,sv014893@uni.edu.vn
2021114894,Hoàng Lan,sv014894@uni.edu.vn
2022114895,Vũ Lan,sv014895@uni.edu.vn
2023114896,Đặng Lan,sv014896@uni.edu.vn
2024114897,Bùi Lan,sv014897@uni.edu.vn
2019114898,Đỗ Lan,sv014898@uni.edu.vn
2020114899,Hồ Lan,sv014899@uni.edu.vn
2021114900,Nguyễn Thị Linh,sv014900@uni.edu.vn
2022114901,Trần Thị Linh,sv014901@uni.edu.vn
2023114902,Lê Thị Linh,sv014902@uni.edu.vn
2024114903,Phạm Thị Linh,sv014903@uni.edu.vn
2019114904,Hoàng Thị Linh,sv014904@uni.edu.vn
2020114905,Vũ Thị Linh,sv014905@uni.edu.vn
2021114906,Đặng Thị Linh,sv014906@uni.edu.vn
2022114907,Bùi Thị Linh,sv014907@uni.edu.vn
2023114908,Đỗ Thị Linh,sv014908@uni.edu.vn
2024114909,Hồ Thị Linh,sv014909@uni.edu.vn
2019114910,Nguyễn Văn Linh,sv014910@uni.edu.vn
2020114911,Trần Văn Linh,sv014911@uni.edu.vn
2021114912,Lê Văn Linh,sv014912@uni.edu.vn
2022114913,Phạm Văn Linh,sv014913@uni.edu.vn
2023114914,Hoàng Văn Linh,sv014914@uni.edu.vn
2024114915,Vũ Văn Linh,sv014915@uni.edu.vn
2019114916,Đặng Văn Linh,sv014916@uni.edu.vn
2020114917,Bùi Văn Linh,sv014917@uni.edu.vn
2021114918,Đỗ Văn Linh,sv014918@uni.edu.vn
2022114919,Hồ Văn Linh,sv014919@uni.edu.vn
2023114920,Nguyễn Minh Linh,sv014920@uni.edu.vn
2024114921,Trần Minh Linh,sv014921@uni.edu.vn
2019114922,Lê Minh Linh,sv014922@uni.edu.vn
2020114923,Phạm Minh Linh,sv014923@uni.edu.vn
2021114924,Hoàng Minh Linh,sv014924@uni.edu.vn
2022114925,Vũ Minh Linh,sv014925@uni.edu.vn
2023114926,Đặng Minh Linh,sv014926@uni.edu.vn
2024114927,Bùi Minh Linh,sv014927@uni.edu.vn
2019114928,Đỗ Minh Linh,sv014928@uni.edu.vn
2020114929,Hồ Minh Linh,sv014929@uni.edu.vn
2021114930,Nguyễn Quốc Linh,sv014930@uni.edu.vn
2022114931,Trần Quốc Linh,sv014931@uni.edu.vn
2023114932,Lê Quốc Linh,sv014932@uni.edu.vn
2024114933,Phạm Quốc Linh,sv014933@uni.edu.vn
2019114934,Hoàng Quốc Linh,sv014934@uni.edu.vn
2020114935,Vũ Quốc Linh,sv014935@uni.edu.vn
2021114936,Đặng Quốc Linh,sv014936@uni.edu.vn
2022114937,Bùi Quốc Linh,sv014937@uni.edu.vn
2023114938,Đỗ Quốc Linh,sv014938@uni.edu.vn
2024114939,Hồ Quốc Linh,sv014939@uni.edu.vn
2019114940,Nguyễn Anh Linh,sv014940@uni.edu.vn
2020114941,Trần Anh Linh,sv014941@uni.edu.vn
2021114942,Lê Anh Linh,sv014942@uni.edu.vn
2022114943,Phạm Anh Linh,sv014943@uni.edu.vn
2023114944,Hoàng Anh Linh,sv014944@uni.edu.vn
2024114945,Vũ Anh Linh,sv014945@uni.edu.vn
2019114946,Đặng Anh Linh,sv014946@uni.edu.vn
2020114947,Bùi Anh Linh,sv014947@uni.edu.vn
2021114948,Đỗ Anh Linh,sv014948@uni.edu.vn
2022114949,Hồ Anh Linh,sv014949@uni.edu.vn
2023114950,Nguyễn Tuấn Linh,sv014950@uni.edu.vn
2024114951,Trần Tuấn Linh,sv014951@uni.edu.vn
2019114952,Lê Tuấn Linh,sv014952@uni.edu.vn
2020114953,Phạm Tuấn Linh,sv014953@uni.edu.vn
2021114954,Hoàng Tuấn Linh,sv014954@uni.edu.vn
2022114955,Vũ Tuấn Linh,sv014955@uni.edu.vn
2023114956,Đặng Tuấn Linh,sv014956@uni.edu.vn
2024114957,Bùi Tuấn Linh,sv014957@uni.edu.vn
2019114958,Đỗ Tuấn Linh,sv014958@uni.edu.vn
2020114959,Hồ Tuấn Linh,sv014959@uni.edu.vn
2021114960,Nguyễn Hữu Linh,sv014960@uni.edu.vn
2022114961,Trần Hữu Linh,sv014961@uni.edu.vn
2023114962,Lê Hữu Linh,sv014962@uni.edu.vn
2024114963,Phạm Hữu Linh,sv014963@uni.edu.vn
2019114964,Hoàng Hữu Linh,sv014964@uni.edu.vn
2020114965,Vũ Hữu Linh,sv014965@uni.edu.vn
2021114966,Đặng Hữu Linh,sv014966@uni.edu.vn
2022114967,Bùi Hữu Linh,sv014967@uni.edu.vn
2023114968,Đỗ Hữu Linh,sv014968@uni.edu.vn
2024114969,Hồ Hữu Linh,sv014969@uni.edu.vn
2019114970,Nguyễn Thành Linh,sv014970@uni.edu.vn
2020114971,Trần Thành Linh,sv014971@uni.edu.vn
2021114972,Lê Thành Linh,sv014972@uni.edu.vn
2022114973,Phạm Thành Linh,sv014973@uni.edu.vn
2023114974,Hoàng Thành Linh,sv014974@uni.edu.vn
2024114975,Vũ Thành Linh,sv014975@uni.edu.vn
2019114976,Đặng Thành Linh,sv014976@uni.edu.vn
2020114977,Bùi Thành Linh,sv014977@uni.edu.vn
2021114978,Đỗ Thành Linh,sv014978@uni.edu.vn
2022114979,Hồ Thành Linh,sv014979@uni.edu.vn
2023114980,Nguyễn Ngọc Linh,sv014980@uni.edu.vn
2024114981,Trần Ngọc Linh,sv014981@uni.edu.vn
2019114982,Lê Ngọc Linh,sv014982@uni.edu.vn
2020114983,Phạm Ngọc Linh,sv014983@uni.edu.vn
2021114984,Hoàng Ngọc Linh,sv014984@uni.edu.vn
2022114985,Vũ Ngọc Linh,sv014985@uni.edu.vn
2023114986,Đặng Ngọc Linh,sv014986@uni.edu.vn
2024114987,Bùi Ngọc Linh,sv014987@uni.edu.vn
2019114988,Đỗ Ngọc Linh,sv014988@uni.edu.vn
2020114989,Hồ Ngọc Linh,sv014989@uni.edu.vn
2021114990,Nguyễn Linh,sv014990@uni.edu.vn
2022114991,Trần Linh,sv014991@uni.edu.vn
2023114992,Lê Linh,sv014992@uni.edu.vn
2024114993,Phạm Linh,sv014993@uni.edu.vn
2019114994,Hoàng Linh,sv014994@uni.edu.vn
2020114995,Vũ Linh,sv014995@uni.edu.vn
2021114996,Đặng Linh,sv014996@uni.edu.vn
2022114997,Bùi Linh,sv014997@uni.edu.vn
2023114998,Đỗ Linh,sv014998@uni.edu.vn
2024114999,Hồ Linh,sv014999@uni.edu.vn
2019115000,Nguyễn Thị Mai,sv015000@uni.edu.vn
2020115001,Trần Thị Mai,sv015001@uni.edu.vn
2021115002,Lê Thị Mai,sv015002@uni.edu.vn
2022115003,Phạm Thị Mai,sv015003@uni.edu.vn
2023115004,Hoàng Thị Mai,sv015004@uni.edu.vn
2024115005,Vũ Thị Mai,sv015005@uni.edu.vn
2019115006,Đặng Thị Mai,sv015006@uni.edu.vn
2020115007,Bùi Thị Mai,sv015007@uni.edu.vn
2021115008,Đỗ Thị Mai,sv015008@uni.edu.vn
2022115009,Hồ Thị Mai,sv015009@uni.edu.vn
2023115010,Nguyễn Văn Mai,sv015010@uni.edu.vn
2024115011,Trần Văn Mai,sv015011@uni.edu.vn
2019115012,Lê Văn Mai,sv015012@uni.edu.vn
2020115013,Phạm Văn Mai,sv015013@uni.edu.vn
2021115014,Hoàng Văn Mai,sv015014@uni.edu.vn
2022115015,Vũ Văn Mai,sv015015@uni.edu.vn
2023115016,Đặng Văn Mai,sv015016@uni.edu.vn
2024115017,Bùi Văn Mai,sv015017@uni.edu.vn
2019115018,Đỗ Văn Mai,sv015018@uni.edu.vn
2020115019,Hồ Văn Mai,sv015019@uni.edu.vn
2021115020,Nguyễn Minh Mai,sv015020@uni.edu.vn
2022115021,Trần Minh Mai,sv015021@uni.edu.vn
2023115022,Lê Minh Mai,sv015022@uni.edu.vn
2024115023,Phạm Minh Mai,sv015023@uni.edu.vn
2019115024,Hoàng Minh Mai,sv015024@uni.edu.vn
2020115025,Vũ Minh Mai,sv015025@uni.edu.vn
2021115026,Đặng Minh Mai,sv015026@uni.edu.vn
2022115027,Bùi Minh Mai,sv015027@uni.edu.vn
2023115028,Đỗ Minh Mai,sv015028@uni.edu.vn
2024115029,Hồ Minh Mai,sv015029@uni.edu.vn
2019115030,Nguyễn Quốc Mai,sv015030@uni.edu.vn
2020115031,Trần Quốc Mai,sv015031@uni.edu.vn
2021115032,Lê Quốc Mai,sv015032@uni.edu.vn
2022115033,Phạm Quốc Mai,sv015033@uni.edu.vn
2023115034,Hoàng Quốc Mai,sv015034@uni.edu.vn
2024115035,Vũ Quốc Mai,sv015035@uni.edu.vn
2019115036,Đặng Quốc Mai,sv015036@uni.edu.vn
2020115037,Bùi Quốc Mai,sv015037@uni.edu.vn
2021115038,Đỗ Quốc Mai,sv015038@uni.edu.vn
2022115039,Hồ Quốc Mai,sv015039@uni.edu.vn
2023115040,Nguyễn Anh Mai,sv015040@uni.edu.vn
2024115041,Trần Anh Mai,sv015041@uni.edu.vn
2019115042,Lê Anh Mai,sv015042@uni.edu.vn
2020115043,Phạm Anh Mai,sv015043@uni.edu.vn
2021115044,Hoàng Anh Mai,sv015044@uni.edu.vn
2022115045,Vũ Anh Mai,sv015045@uni.edu.vn
2023115046,Đặng Anh Mai,sv015046@uni.edu.vn
2024115047,Bùi Anh Mai,sv015047@uni.edu.vn
2019115048,Đỗ Anh Mai,sv015048@uni.edu.vn
2020115049,Hồ Anh Mai,sv015049@uni.edu.vn
2021115050,Nguyễn Tuấn Mai,sv015050@uni.edu.vn
2022115051,Trần Tuấn Mai,sv015051@uni.edu.vn
2023115052,Lê Tuấn Mai,sv015052@uni.edu.vn
2024115053,Phạm Tuấn Mai,sv015053@uni.edu.vn
2019115054,Hoàng Tuấn Mai,sv015054@uni.edu.vn
2020115055,Vũ Tuấn Mai,sv015055@uni.edu.vn
2021115056,Đặng Tuấn Mai,sv015056@uni.edu.vn
2022115057,Bùi Tuấn Mai,sv015057@uni.edu.vn
2023115058,Đỗ Tuấn Mai,sv015058@uni.edu.vn
2024115059,Hồ Tuấn Mai,sv015059@uni.edu.vn
2019115060,Nguyễn Hữu Mai,sv015060@uni.edu.vn
2020115061,Trần Hữu Mai,sv015061@uni.edu.vn
2021115062,Lê Hữu Mai,sv015062@uni.edu.vn
2022115063,Phạm Hữu Mai,sv015063@uni.edu.vn
2023115064,Hoàng Hữu Mai,sv015064@uni.edu.vn
2024115065,Vũ Hữu Mai,sv015065@uni.edu.vn
2019115066,Đặng Hữu Mai,sv015066@uni.edu.vn
2020115067,Bùi Hữu Mai,sv015067@uni.edu.vn
2021115068,Đỗ Hữu Mai,sv015068@uni.edu.vn
2022115069,Hồ Hữu Mai,sv015069@uni.edu.vn
2023115070,Nguyễn Thành Mai,sv015070@uni.edu.vn
2024115071,Trần Thành Mai,sv015071@uni.edu.vn
2019115072,Lê Thành Mai,sv015072@uni.edu.vn
2020115073,Phạm Thành Mai,sv015073@uni.edu.vn
2021115074,Hoàng Thành Mai,sv015074@uni.edu.vn
2022115075,Vũ Thành Mai,sv015075@uni.edu.vn
2023115076,Đặng Thành Mai,sv015076@uni.edu.vn
2024115077,Bùi Thành Mai,sv015077@uni.edu.vn
2019115078,Đỗ Thành Mai,sv015078@uni.edu.vn
2020115079,Hồ Thành Mai,sv015079@uni.edu.vn
2021115080,Nguyễn Ngọc Mai,sv015080@uni.edu.vn
2022115081,Trần Ngọc Mai,sv015081@uni.edu.vn
2023115082,Lê Ngọc Mai,sv015082@uni.edu.vn
2024115083,Phạm Ngọc Mai,sv015083@uni.edu.vn
2019115084,Hoàng Ngọc Mai,sv015084@uni.edu.vn
2020115085,Vũ Ngọc Mai,sv015085@uni.edu.vn
2021115086,Đặng Ngọc Mai,sv015086@uni.edu.vn
2022115087,Bùi Ngọc Mai,sv015087@uni.edu.vn
2023115088,Đỗ Ngọc Mai,sv015088@uni.edu.vn
2024115089,Hồ Ngọc Mai,sv015089@uni.edu.vn
2019115090,Nguyễn Mai,sv015090@uni.edu.vn
2020115091,Trần Mai,sv015091@uni.edu.vn
2021115092,Lê Mai,sv015092@uni.edu.vn
2022115093,Phạm Mai,sv015093@uni.edu.vn
2023115094,Hoàng Mai,sv015094@uni.edu.vn
2024115095,Vũ Mai,sv015095@uni.edu.vn
2019115096,Đặng Mai,sv015096@uni.edu.vn
2020115097,Bùi Mai,sv015097@uni.edu.vn
2021115098,Đỗ Mai,sv015098@uni.edu.vn
2022115099,Hồ Mai,sv015099@uni.edu.vn
2023115100,Nguyễn Thị Nam,sv015100@uni.edu.vn
2024115101,Trần Thị Nam,sv015101@uni.edu.vn
2019115102,Lê Thị Nam,sv015102@uni.edu.vn
2020115103,Phạm Thị Nam,sv015103@uni.edu.vn
2021115104,Hoàng Thị Nam,sv015104@uni.edu.vn
2022115105,Vũ Thị Nam,sv015105@uni.edu.vn
2023115106,Đặng Thị Nam,sv015106@uni.edu.vn
2024115107,Bùi Thị Nam,sv015107@uni.edu.vn
2019115108,Đỗ Thị Nam,sv015108@uni.edu.vn
2020115109,Hồ Thị Nam,sv015109@uni.edu.vn
2021115110,Nguyễn Văn Nam,sv015110@uni.edu.vn
2022115111,Trần Văn Nam,sv015111@uni.edu.vn
2023115112,Lê Văn Nam,sv015112@uni.edu.vn
2024115113,Phạm Văn Nam,sv015113@uni.edu.vn
2019115114,Hoàng Văn Nam,sv015114@uni.edu.vn
2020115115,Vũ Văn Nam,sv015115@uni.edu.vn
2021115116,Đặng Văn Nam,sv015116@uni.edu.vn
2022115117,Bùi Văn Nam,sv015117@uni.edu.vn
2023115118,Đỗ Văn Nam,sv015118@uni.edu.vn
2024115119,Hồ Văn Nam,sv015119@uni.edu.vn
2019115120,Nguyễn Minh Nam,sv015120@uni.edu.vn
2020115121,Trần Minh Nam,sv015121@uni.edu.vn
2021115122,Lê Minh Nam,sv015122@uni.edu.vn
2022115123,Phạm Minh Nam,sv015123@uni.edu.vn
2023115124,Hoàng Minh Nam,sv015124@uni.edu.vn
2024115125,Vũ Minh Nam,sv015125@uni.edu.vn
2019115126,Đặng Minh Nam,sv015126@uni.edu.vn
2020115127,Bùi Minh Nam,sv015127@uni.edu.vn
2021115128,Đỗ Minh Nam,sv015128@uni.edu.vn
2022115129,Hồ Minh Nam,sv015129@uni.edu.vn
2023115130,Nguyễn Quốc Nam,sv015130@uni.edu.vn
2024115131,Trần Quốc Nam,sv015131@uni.edu.vn
2019115132,Lê Quốc Nam,sv015132@uni.edu.vn
2020115133,Phạm Quốc Nam,sv015133@uni.edu.vn
2021115134,Hoàng Quốc Nam,sv015134@uni.edu.vn
2022115135,Vũ Quốc Nam,sv015135@uni.edu.vn
2023115136,Đặng Quốc Nam,sv015136@uni.edu.vn
2024115137,Bùi Quốc Nam,sv015137@uni.edu.vn
2019115138,Đỗ Quốc Nam,sv015138@uni.edu.vn
2020115139,Hồ Quốc Nam,sv015139@uni.edu.vn
2021115140,Nguyễn Anh Nam,sv015140@uni.edu.vn
2022115141,Trần Anh Nam,sv015141@uni.edu.vn
2023115142,Lê Anh Nam,sv015142@uni.edu.vn
2024115143,Phạm Anh Nam,sv015143@uni.edu.vn
2019115144,Hoàng Anh Nam,sv015144@uni.edu.vn
2020115145,Vũ Anh Nam,sv015145@uni.edu.vn
2021115146,Đặng Anh Nam,sv015146@uni.edu.vn
2022115147,Bùi Anh Nam,sv015147@uni.edu.vn
2023115148,Đỗ Anh Nam,sv015148@uni.edu.vn
2024115149,Hồ Anh Nam,sv015149@uni.edu.vn
2019115150,Nguyễn Tuấn Nam,sv015150@uni.edu.vn
2020115151,Trần Tuấn Nam,sv015151@uni.edu.vn
2021115152,Lê Tuấn Nam,sv015152@uni.edu.vn
2022115153,Phạm Tuấn Nam,sv015153@uni.edu.vn
2023115154,Hoàng Tuấn Nam,sv015154@uni.edu.vn
2024115155,Vũ Tuấn Nam,sv015155@uni.edu.vn
2019115156,Đặng Tuấn Nam,sv015156@uni.edu.vn
2020115157,Bùi Tuấn Nam,sv015157@uni.edu.vn
2021115158,Đỗ Tuấn Nam,sv015158@uni.edu.vn
2022115159,Hồ Tuấn Nam,sv015159@uni.edu.vn
2023115160,Nguyễn Hữu Nam,sv015160@uni.edu.vn
2024115161,Trần Hữu Nam,sv015161@uni.edu.vn
2019115162,Lê Hữu Nam,sv015162@uni.edu.vn
2020115163,Phạm Hữu Nam,sv015163@uni.edu.vn
2021115164,Hoàng Hữu Nam,sv015164@uni.edu.vn
2022115165,Vũ Hữu Nam,sv015165@uni.edu.vn
2023115166,Đặng Hữu Nam,sv015166@uni.edu.vn
2024115167,Bùi Hữu Nam,sv015167@uni.edu.vn
2019115168,Đỗ Hữu Nam,sv015168@uni.edu.vn
2020115169,Hồ Hữu Nam,sv015169@uni.edu.vn
2021115170,Nguyễn Thành Nam,sv015170@uni.edu.vn
2022115171,Trần Thành Nam,sv015171@uni.edu.vn
2023115172,Lê Thành Nam,sv015172@uni.edu.vn
2024115173,Phạm Thành Nam,sv015173@uni.edu.vn
2019115174,Hoàng Thành Nam,sv015174@uni.edu.vn
2020115175,Vũ Thành Nam,sv015175@uni.edu.vn
2021115176,Đặng Thành Nam,sv015176@uni.edu.vn
2022115177,Bùi Thành Nam,sv015177@uni.edu.vn
2023115178,Đỗ Thành Nam,sv015178@uni.edu.vn
2024115179,Hồ Thành Nam,sv015179@uni.edu.vn
2019115180,Nguyễn Ngọc Nam,sv015180@uni.edu.vn
2020115181,Trần Ngọc Nam,sv015181@uni.edu.vn
2021115182,Lê Ngọc Nam,sv015182@uni.edu.vn
2022115183,Phạm Ngọc Nam,sv015183@uni.edu.vn
2023115184,Hoàng Ngọc Nam,sv015184@uni.edu.vn
2024115185,Vũ Ngọc Nam,sv015185@uni.edu.vn
2019115186,Đặng Ngọc Nam,sv015186@uni.edu.vn
2020115187,Bùi Ngọc Nam,sv015187@uni.edu.vn
2021115188,Đỗ Ngọc Nam,sv015188@uni.edu.vn
2022115189,Hồ Ngọc Nam,sv015189@uni.edu.vn
2023115190,Nguyễn Nam,sv015190@uni.edu.vn
2024115191,Trần Nam,sv015191@uni.edu.vn
2019115192,Lê Nam,sv015192@uni.edu.vn
2020115193,Phạm Nam,sv015193@uni.edu.vn
2021115194,Hoàng Nam,sv015194@uni.edu.vn
2022115195,Vũ Nam,sv015195@uni.edu.vn
2023115196,Đặng Nam,sv015196@uni.edu.vn
2024115197,Bùi Nam,sv015197@uni.edu.vn
2019115198,Đỗ Nam,sv015198@uni.edu.vn
2020115199,Hồ Nam,sv015199@uni.edu.vn
2021115200,Nguyễn Thị Phong,sv015200@uni.edu.vn
2022115201,Trần Thị Phong,sv015201@uni.edu.vn
2023115202,Lê Thị Phong,sv015202@uni.edu.vn
2024115203,Phạm Thị Phong,sv015203@uni.edu.vn
2019115204,Hoàng Thị Phong,sv015204@uni.edu.vn
2020115205,Vũ Thị Phong,sv015205@uni.edu.vn
2021115206,Đặng Thị Phong,sv015206@uni.edu.vn
2022115207,Bùi Thị Phong,sv015207@uni.edu.vn
2023115208,Đỗ Thị Phong,sv015208@uni.edu.vn
2024115209,Hồ Thị Phong,sv015209@uni.edu.vn
2019115210,Nguyễn Văn Phong,sv015210@uni.edu.vn
2020115211,Trần Văn Phong,sv015211@uni.edu.vn
2021115212,Lê Văn Phong,sv015212@uni.edu.vn
2022115213,Phạm Văn Phong,sv015213@uni.edu.vn
2023115214,Hoàng Văn Phong,sv015214@uni.edu.vn
2024115215,Vũ Văn Phong,sv015215@uni.edu.vn
2019115216,Đặng Văn Phong,sv015216@uni.edu.vn
2020115217,Bùi Văn Phong,sv015217@uni.edu.vn
2021115218,Đỗ Văn Phong,sv015218@uni.edu.vn
2022115219,Hồ Văn Phong,sv015219@uni.edu.vn
2023115220,Nguyễn Minh Phong,sv015220@uni.edu.vn
2024115221,Trần Minh Phong,sv015221@uni.edu.vn
2019115222,Lê Minh Phong,sv015222@uni.edu.vn
2020115223,Phạm Minh Phong,sv015223@uni.edu.vn
2021115224,Hoàng Minh Phong,sv015224@uni.edu.vn
2022115225,Vũ Minh Phong,sv015225@uni.edu.vn
2023115226,Đặng Minh Phong,sv015226@uni.edu.vn
2024115227,Bùi Minh Phong,sv015227@uni.edu.vn
2019115228,Đỗ Minh Phong,sv015228@uni.edu.vn
2020115229,Hồ Minh Phong,sv015229@uni.edu.vn
2021115230,Nguyễn Quốc Phong,sv015230@uni.edu.vn
2022115231,Trần Quốc Phong,sv015231@uni.edu.vn
2023115232,Lê Quốc Phong,sv015232@uni.edu.vn
2024115233,Phạm Quốc Phong,sv015233@uni.edu.vn
2019115234,Hoàng Quốc Phong,sv015234@uni.edu.vn
2020115235,Vũ Quốc Phong,sv015235@uni.edu.vn
2021115236,Đặng Quốc Phong,sv015236@uni.edu.vn
2022115237,Bùi Quốc Phong,sv015237@uni.edu.vn
2023115238,Đỗ Quốc Phong,sv015238@uni.edu.vn
2024115239,Hồ Quốc Phong,sv015239@uni.edu.vn
2019115240,Nguyễn Anh Phong,sv015240@uni.edu.vn
2020115241,Trần Anh Phong,sv015241@uni.edu.vn
2021115242,Lê Anh Phong,sv015242@uni.edu.vn
2022115243,Phạm Anh Phong,sv015243@uni.edu.vn
2023115244,Hoàng Anh Phong,sv015244@uni.edu.vn
2024115245,Vũ Anh Phong,sv015245@uni.edu.vn
2019115246,Đặng Anh Phong,sv015246@uni.edu.vn
2020115247,Bùi Anh Phong,sv015247@uni.edu.vn
2021115248,Đỗ Anh Phong,sv015248@uni.edu.vn
2022115249,Hồ Anh Phong,sv015249@uni.edu.vn
2023115250,Nguyễn Tuấn Phong,sv015250@uni.edu.vn
2024115251,Trần Tuấn Phong,sv015251@uni.edu.vn
2019115252,Lê Tuấn Phong,sv015252@uni.edu.vn
2020115253,Phạm Tuấn Phong,sv015253@uni.edu.vn
2021115254,Hoàng Tuấn Phong,sv015254@uni.edu.vn
2022115255,Vũ Tuấn Phong,sv015255@uni.edu.vn
2023115256,Đặng Tuấn Phong,sv015256@uni.edu.vn
2024115257,Bùi Tuấn Phong,sv015257@uni.edu.vn
2019115258,Đỗ Tuấn Phong,sv015258@uni.edu.vn
2020115259,Hồ Tuấn Phong,sv015259@uni.edu.vn
2021115260,Nguyễn Hữu Phong,sv015260@uni.edu.vn
2022115261,Trần Hữu Phong,sv015261@uni.edu.vn
2023115262,Lê Hữu Phong,sv015262@uni.edu.vn
2024115263,Phạm Hữu Phong,sv015263@uni.edu.vn
2019115264,Hoàng Hữu Phong,sv015264@uni.edu.vn
2020115265,Vũ Hữu Phong,sv015265@uni.edu.vn
2021115266,Đặng Hữu Phong,sv015266@uni.edu.vn
2022115267,Bùi Hữu Phong,sv015267@uni.edu.vn
2023115268,Đỗ Hữu Phong,sv015268@uni.edu.vn
2024115269,Hồ Hữu Phong,sv015269@uni.edu.vn
2019115270,Nguyễn Thành Phong,sv015270@uni.edu.vn
2020115271,Trần Thành Phong,sv015271@uni.edu.vn
2021115272,Lê Thành Phong,sv015272@uni.edu.vn
2022115273,Phạm Thành Phong,sv015273@uni.edu.vn
2023115274,Hoàng Thành Phong,sv015274@uni.edu.vn
2024115275,Vũ Thành Phong,sv015275@uni.edu.vn
2019115276,Đặng Thành Phong,sv015276@uni.edu.vn
2020115277,Bùi Thành Phong,sv015277@uni.edu.vn
2021115278,Đỗ Thành Phong,sv015278@uni.edu.vn
2022115279,Hồ Thành Phong,sv015279@uni.edu.vn
2023115280,Nguyễn Ngọc Phong,sv015280@uni.edu.vn
2024115281,Trần Ngọc Phong,sv015281@uni.edu.vn
2019115282,Lê Ngọc Phong,sv015282@uni.edu.vn
2020115283,Phạm Ngọc Phong,sv015283@uni.edu.vn
2021115284,Hoàng Ngọc Phong,sv015284@uni.edu.vn
2022115285,Vũ Ngọc Phong,sv015285@uni.edu.vn
2023115286,Đặng Ngọc Phong,sv015286@uni.edu.vn
2024115287,Bùi Ngọc Phong,sv015287@uni.edu.vn
2019115288,Đỗ Ngọc Phong,sv015288@uni.edu.vn
2020115289,Hồ Ngọc Phong,sv015289@uni.edu.vn
2021115290,Nguyễn Phong,sv015290@uni.edu.vn
2022115291,Trần Phong,sv015291@uni.edu.vn
2023115292,Lê Phong,sv015292@uni.edu.vn
2024115293,Phạm Phong,sv015293@uni.edu.vn
2019115294,Hoàng Phong,sv015294@uni.edu.vn
2020115295,Vũ Phong,sv015295@uni.edu.vn
2021115296,Đặng Phong,sv015296@uni.edu.vn
2022115297,Bùi Phong,sv015297@uni.edu.vn
2023115298,Đỗ Phong,sv015298@uni.edu.vn
2024115299,Hồ Phong,sv015299@uni.edu.vn
2019115300,Nguyễn Thị Quân,sv015300@uni.edu.vn
2020115301,Trần Thị Quân,sv015301@uni.edu.vn
2021115302,Lê Thị Quân,sv015302@uni.edu.vn
2022115303,Phạm Thị Quân,sv015303@uni.edu.vn
2023115304,Hoàng Thị Quân,sv015304@uni.edu.vn
2024115305,Vũ Thị Quân,sv015305@uni.edu.vn
2019115306,Đặng Thị Quân,sv015306@uni.edu.vn
2020115307,Bùi Thị Quân,sv015307@uni.edu.vn
2021115308,Đỗ Thị Quân,sv015308@uni.edu.vn
2022115309,Hồ Thị Quân,sv015309@uni.edu.vn
2023115310,Nguyễn Văn Quân,sv015310@uni.edu.vn
2024115311,Trần Văn Quân,sv015311@uni.edu.vn
2019115312,Lê Văn Quân,sv015312@uni.edu.vn
2020115313,Phạm Văn Quân,sv015313@uni.edu.vn
2021115314,Hoàng Văn Quân,sv015314@uni.edu.vn
2022115315,Vũ Văn Quân,sv015315@uni.edu.vn
2023115316,Đặng Văn Quân,sv015316@uni.edu.vn
2024115317,Bùi Văn Quân,sv015317@uni.edu.vn
2019115318,Đỗ Văn Quân,sv015318@uni.edu.vn
2020115319,Hồ Văn Quân,sv015319@uni.edu.vn
2021115320,Nguyễn Minh Quân,sv015320@uni.edu.vn
2022115321,Trần Minh Quân,sv015321@uni.edu.vn
2023115322,Lê Minh Quân,sv015322@uni.edu.vn
2024115323,Phạm Minh Quân,sv015323@uni.edu.vn
2019115324,Hoàng Minh Quân,sv015324@uni.edu.vn
2020115325,Vũ Minh Quân,sv015325@uni.edu.vn
2021115326,Đặng Minh Quân,sv015326@uni.edu.vn
2022115327,Bùi Minh Quân,sv015327@uni.edu.vn
2023115328,Đỗ Minh Quân,sv015328@uni.edu.vn
2024115329,Hồ Minh Quân,sv015329@uni.edu.vn
2019115330,Nguyễn Quốc Quân,sv015330@uni.edu.vn
2020115331,Trần Quốc Quân,sv015331@uni.edu.vn
2021115332,Lê Quốc Quân,sv015332@uni.edu.vn
2022115333,Phạm Quốc Quân,sv015333@uni.edu.vn
2023115334,Hoàng Quốc Quân,sv015334@uni.edu.vn
2024115335,Vũ Quốc Quân,sv015335@uni.edu.vn
2019115336,Đặng Quốc Quân,sv015336@uni.edu.vn
2020115337,Bùi Quốc Quân,sv015337@uni.edu.vn
2021115338,Đỗ Quốc Quân,sv015338@uni.edu.vn
2022115339,Hồ Quốc Quân,sv015339@uni.edu.vn
2023115340,Nguyễn Anh Quân,sv015340@uni.edu.vn
2024115341,Trần Anh Quân,sv015341@uni.edu.vn
2019115342,Lê Anh Quân,sv015342@uni.edu.vn
2020115343,Phạm Anh Quân,sv015343@uni.edu.vn
2021115344,Hoàng Anh Quân,sv015344@uni.edu.vn
2022115345,Vũ Anh Quân,sv015345@uni.edu.vn
2023115346,Đặng Anh Quân,sv015346@uni.edu.vn
2024115347,Bùi Anh Quân,sv015347@uni.edu.vn
2019115348,Đỗ Anh Quân,sv015348@uni.edu.vn
2020115349,Hồ Anh Quân,sv015349@uni.edu.vn
2021115350,Nguyễn Tuấn Quân,sv015350@uni.edu.vn
2022115351,Trần Tuấn Quân,sv015351@uni.edu.vn
2023115352,Lê Tuấn Quân,sv015352@uni.edu.vn
2024115353,Phạm Tuấn Quân,sv015353@uni.edu.vn
2019115354,Hoàng Tuấn Quân,sv015354@uni.edu.vn
2020115355,Vũ Tuấn Quân,sv015355@uni.edu.vn
2021115356,Đặng Tuấn Quân,sv015356@uni.edu.vn
2022115357,Bùi Tuấn Quân,sv015357@uni.edu.vn
2023115358,Đỗ Tuấn Quân,sv015358@uni.edu.vn
2024115359,Hồ Tuấn Quân,sv015359@uni.edu.vn
2019115360,Nguyễn Hữu Quân,sv015360@uni.edu.vn
2020115361,Trần Hữu Quân,sv015361@uni.edu.vn
2021115362,Lê Hữu Quân,sv015362@uni.edu.vn
2022115363,Phạm Hữu Quân,sv015363@uni.edu.vn
2023115364,Hoàng Hữu Quân,sv015364@uni.edu.vn
2024115365,Vũ Hữu Quân,sv015365@uni.edu.vn
2019115366,Đặng Hữu Quân,sv015366@uni.edu.vn
2020115367,Bùi Hữu Quân,sv015367@uni.edu.vn
2021115368,Đỗ Hữu Quân,sv015368@uni.edu.vn
2022115369,Hồ Hữu Quân,sv015369@uni.edu.vn
2023115370,Nguyễn Thành Quân,sv015370@uni.edu.vn
2024115371,Trần Thành Quân,sv015371@uni.edu.vn
2019115372,Lê Thành Quân,sv015372@uni.edu.vn
2020115373,Phạm Thành Quân,sv015373@uni.edu.vn
2021115374,Hoàng Thành Quân,sv015374@uni.edu.vn
2022115375,Vũ Thành Quân,sv015375@uni.edu.vn
2023115376,Đặng Thành Quân,sv015376@uni.edu.vn
2024115377,Bùi Thành Quân,sv015377@uni.edu.vn
2019115378,Đỗ Thành Quân,sv015378@uni.edu.vn
2020115379,Hồ Thành Quân,sv015379@uni.edu.vn
2021115380,Nguyễn Ngọc Quân,sv015380@uni.edu.vn
2022115381,Trần Ngọc Quân,sv015381@uni.edu.vn
2023115382,Lê Ngọc Quân,sv015382@uni.edu.vn
2024115383,Phạm Ngọc Quân,sv015383@uni.edu.vn
2019115384,Hoàng Ngọc Quân,sv015384@uni.edu.vn
2020115385,Vũ Ngọc Quân,sv015385@uni.edu.vn
2021115386,Đặng Ngọc Quân,sv015386@uni.edu.vn
2022115387,Bùi Ngọc Quân,sv015387@uni.edu.vn
2023115388,Đỗ Ngọc Quân,sv015388@uni.edu.vn
2024115389,Hồ Ngọc Quân,sv015389@uni.edu.vn
2019115390,Nguyễn Quân,sv015390@uni.edu.vn
2020115391,Trần Quân,sv015391@uni.edu.vn
2021115392,Lê Quân,sv015392@uni.edu.vn
2022115393,Phạm Quân,sv015393@uni.edu.vn
2023115394,Hoàng Quân,sv015394@uni.edu.vn
2024115395,Vũ Quân,sv015395@uni.edu.vn
2019115396,Đặng Quân,sv015396@uni.edu.vn
2020115397,Bùi Quân,sv015397@uni.edu.vn
2021115398,Đỗ Quân,sv015398@uni.edu.vn
2022115399,Hồ Quân,sv015399@uni.edu.vn
2023115400,Nguyễn Thị Sơn,sv015400@uni.edu.vn
2024115401,Trần Thị Sơn,sv015401@uni.edu.vn
2019115402,Lê Thị Sơn,sv015402@uni.edu.vn
2020115403,Phạm Thị Sơn,sv015403@uni.edu.vn
2021115404,Hoàng Thị Sơn,sv015404@uni.edu.vn
2022115405,Vũ Thị Sơn,sv015405@uni.edu.vn
2023115406,Đặng Thị Sơn,sv015406@uni.edu.vn
2024115407,Bùi Thị Sơn,sv015407@uni.edu.vn
2019115408,Đỗ Thị Sơn,sv015408@uni.edu.vn
2020115409,Hồ Thị Sơn,sv015409@uni.edu.vn
2021115410,Nguyễn Văn Sơn,sv015410@uni.edu.vn
2022115411,Trần Văn Sơn,sv015411@uni.edu.vn
2023115412,Lê Văn Sơn,sv015412@uni.edu.vn
2024115413,Phạm Văn Sơn,sv015413@uni.edu.vn
2019115414,Hoàng Văn Sơn,sv015414@uni.edu.vn
2020115415,Vũ Văn Sơn,sv015415@uni.edu.vn
2021115416,Đặng Văn Sơn,sv015416@uni.edu.vn
2022115417,Bùi Văn Sơn,sv015417@uni.edu.vn
2023115418,Đỗ Văn Sơn,sv015418@uni.edu.vn
2024115419,Hồ Văn Sơn,sv015419@uni.edu.vn
2019115420,Nguyễn Minh Sơn,sv015420@uni.edu.vn
2020115421,Trần Minh Sơn,sv015421@uni.edu.vn
2021115422,Lê Minh Sơn,sv015422@uni.edu.vn
2022115423,Phạm Minh Sơn,sv015423@uni.edu.vn
2023115424,Hoàng Minh Sơn,sv015424@uni.edu.vn
2024115425,Vũ Minh Sơn,sv015425@uni.edu.vn
2019115426,Đặng Minh Sơn,sv015426@uni.edu.vn
2020115427,Bùi Minh Sơn,sv015427@uni.edu.vn
2021115428,Đỗ Minh Sơn,sv015428@uni.edu.vn
2022115429,Hồ Minh Sơn,sv015429@uni.edu.vn
2023115430,Nguyễn Quốc Sơn,sv015430@uni.edu.vn
2024115431,Trần Quốc Sơn,sv015431@uni.edu.vn
2019115432,Lê Quốc Sơn,sv015432@uni.edu.vn
2020115433,Phạm Quốc Sơn,sv015433@uni.edu.vn
2021115434,Hoàng Quốc Sơn,sv015434@uni.edu.vn
2022115435,Vũ Quốc Sơn,sv015435@uni.edu.vn
2023115436,Đặng Quốc Sơn,sv015436@uni.edu.vn
2024115437,Bùi Quốc Sơn,sv015437@uni.edu.vn
2019115438,Đỗ Quốc Sơn,sv015438@uni.edu.vn
2020115439,Hồ Quốc Sơn,sv015439@uni.edu.vn
2021115440,Nguyễn Anh Sơn,sv015440@uni.edu.vn
2022115441,Trần Anh Sơn,sv015441@uni.edu.vn
2023115442,Lê Anh Sơn,sv015442@uni.edu.vn
2024115443,Phạm Anh Sơn,sv015443@uni.edu.vn
2019115444,Hoàng Anh Sơn,sv015444@uni.edu.vn
2020115445,Vũ Anh Sơn,sv015445@uni.edu.vn
2021115446,Đặng Anh Sơn,sv015446@uni.edu.vn
2022115447,Bùi Anh Sơn,sv015447@uni.edu.vn
2023115448,Đỗ Anh Sơn,sv015448@uni.edu.vn
2024115449,Hồ Anh Sơn,sv015449@uni.edu.vn
2019115450,Nguyễn Tuấn Sơn,sv015450@uni.edu.vn
2020115451,Trần Tuấn Sơn,sv015451@uni.edu.vn
2021115452,Lê Tuấn Sơn,sv015452@uni.edu.vn
2022115453,Phạm Tuấn Sơn,sv015453@uni.edu.vn
2023115454,Hoàng Tuấn Sơn,sv015454@uni.edu.vn
2024115455,Vũ Tuấn Sơn,sv015455@uni.edu.vn
2019115456,Đặng Tuấn Sơn,sv015456@uni.edu.vn
2020115457,Bùi Tuấn Sơn,sv015457@uni.edu.vn
2021115458,Đỗ Tuấn Sơn,sv015458@uni.edu.vn
2022115459,Hồ Tuấn Sơn,sv015459@uni.edu.vn
2023115460,Nguyễn Hữu Sơn,sv015460@uni.edu.vn
2024115461,Trần Hữu Sơn,sv015461@uni.edu.vn
2019115462,Lê Hữu Sơn,sv015462@uni.edu.vn
2020115463,Phạm Hữu Sơn,sv015463@uni.edu.vn
2021115464,Hoàng Hữu Sơn,sv015464@uni.edu.vn
2022115465,Vũ Hữu Sơn,sv015465@uni.edu.vn
2023115466,Đặng Hữu Sơn,sv015466@uni.edu.vn
2024115467,Bùi Hữu Sơn,sv015467@uni.edu.vn
2019115468,Đỗ Hữu Sơn,sv015468@uni.edu.vn
2020115469,Hồ Hữu Sơn,sv015469@uni.edu.vn
2021115470,Nguyễn Thành Sơn,sv015470@uni.edu.vn
2022115471,Trần Thành Sơn,sv015471@uni.edu.vn
2023115472,Lê Thành Sơn,sv015472@uni.edu.vn
2024115473,Phạm Thành Sơn,sv015473@uni.edu.vn
2019115474,Hoàng Thành Sơn,sv015474@uni.edu.vn
2020115475,Vũ Thành Sơn,sv015475@uni.edu.vn
2021115476,Đặng Thành Sơn,sv015476@uni.edu.vn
2022115477,Bùi Thành Sơn,sv015477@uni.edu.vn
2023115478,Đỗ Thành Sơn,sv015478@uni.edu.vn
2024115479,Hồ Thành Sơn,sv015479@uni.edu.vn
2019115480,Nguyễn Ngọc Sơn,sv015480@uni.edu.vn
2020115481,Trần Ngọc Sơn,sv015481@uni.edu.vn
2021115482,Lê Ngọc Sơn,sv015482@uni.edu.vn
2022115483,Phạm Ngọc Sơn,sv015483@uni.edu.vn
2023115484,Hoàng Ngọc Sơn,sv015484@uni.edu.vn
2024115485,Vũ Ngọc Sơn,sv015485@uni.edu.vn
2019115486,Đặng Ngọc Sơn,sv015486@uni.edu.vn
2020115487,Bùi Ngọc Sơn,sv015487@uni.edu.vn
2021115488,Đỗ Ngọc Sơn,sv015488@uni.edu.vn
2022115489,Hồ Ngọc Sơn,sv015489@uni.edu.vn
2023115490,Nguyễn Sơn,sv015490@uni.edu.vn
2024115491,Trần Sơn,sv015491@uni.edu.vn
2019115492,Lê Sơn,sv015492@uni.edu.vn
2020115493,Phạm Sơn,sv015493@uni.edu.vn
2021115494,Hoàng Sơn,sv015494@uni.edu.vn
2022115495,Vũ Sơn,sv015495@uni.edu.vn
2023115496,Đặng Sơn,sv015496@uni.edu.vn
2024115497,Bùi Sơn,sv015497@uni.edu.vn
2019115498,Đỗ Sơn,sv015498@uni.edu.vn
2020115499,Hồ Sơn,sv015499@uni.edu.vn
2021115500,Nguyễn Thị Tâm,sv015500@uni.edu.vn
2022115501,Trần Thị Tâm,sv015501@uni.edu.vn
2023115502,Lê Thị Tâm,sv015502@uni.edu.vn
2024115503,Phạm Thị Tâm,sv015503@uni.edu.vn
2019115504,Hoàng Thị Tâm,sv015504@uni.edu.vn
2020115505,Vũ Thị Tâm,sv015505@uni.edu.vn
2021115506,Đặng Thị Tâm,sv015506@uni.edu.vn
2022115507,Bùi Thị Tâm,sv015507@uni.edu.vn
2023115508,Đỗ Thị Tâm,sv015508@uni.edu.vn
2024115509,Hồ Thị Tâm,sv015509@uni.edu.vn
2019115510,Nguyễn Văn Tâm,sv015510@uni.edu.vn
2020115511,Trần Văn Tâm,sv015511@uni.edu.vn
2021115512,Lê Văn Tâm,sv015512@uni.edu.vn
2022115513,Phạm Văn Tâm,sv015513@uni.edu.vn
2023115514,Hoàng Văn Tâm,sv015514@uni.edu.vn
2024115515,Vũ Văn Tâm,sv015515@uni.edu.vn
2019115516,Đặng Văn Tâm,sv015516@uni.edu.vn
2020115517,Bùi Văn Tâm,sv015517@uni.edu.vn
2021115518,Đỗ Văn Tâm,sv015518@uni.edu.vn
2022115519,Hồ Văn Tâm,sv015519@uni.edu.vn
2023115520,Nguyễn Minh Tâm,sv015520@uni.edu.vn
2024115521,Trần Minh Tâm,sv015521@uni.edu.vn
2019115522,Lê Minh Tâm,sv015522@uni.edu.vn
2020115523,Phạm Minh Tâm,sv015523@uni.edu.vn
2021115524,Hoàng Minh Tâm,sv015524@uni.edu.vn
2022115525,Vũ Minh Tâm,sv015525@uni.edu.vn
2023115526,Đặng Minh Tâm,sv015526@uni.edu.vn
2024115527,Bùi Minh Tâm,sv015527@uni.edu.vn
2019115528,Đỗ Minh Tâm,sv015528@uni.edu.vn
2020115529,Hồ Minh Tâm,sv015529@uni.edu.vn
2021115530,Nguyễn Quốc Tâm,sv015530@uni.edu.vn
2022115531,Trần Quốc Tâm,sv015531@uni.edu.vn
2023115532,Lê Quốc Tâm,sv015532@uni.edu.vn
2024115533,Phạm Quốc Tâm,sv015533@uni.edu.vn
2019115534,Hoàng Quốc Tâm,sv015534@uni.edu.vn
2020115535,Vũ Quốc Tâm,sv015535@uni.edu.vn
2021115536,Đặng Quốc Tâm,sv015536@uni.edu.vn
2022115537,Bùi Quốc Tâm,sv015537@uni.edu.vn
2023115538,Đỗ Quốc Tâm,sv015538@uni.edu.vn
2024115539,Hồ Quốc Tâm,sv015539@uni.edu.vn
2019115540,Nguyễn Anh Tâm,sv015540@uni.edu.vn
2020115541,Trần Anh Tâm,sv015541@uni.edu.vn
2021115542,Lê Anh Tâm,sv015542@uni.edu.vn
2022115543,Phạm Anh Tâm,sv015543@uni.edu.vn
2023115544,Hoàng Anh Tâm,sv015544@uni.edu.vn
2024115545,Vũ Anh Tâm,sv015545@uni.edu.vn
2019115546,Đặng Anh Tâm,sv015546@uni.edu.vn
2020115547,Bùi Anh Tâm,sv015547@uni.edu.vn
2021115548,Đỗ Anh Tâm,sv015548@uni.edu.vn
2022115549,Hồ Anh Tâm,sv015549@uni.edu.vn
2023115550,Nguyễn Tuấn Tâm,sv015550@uni.edu.vn
2024115551,Trần Tuấn Tâm,sv015551@uni.edu.vn
2019115552,Lê Tuấn Tâm,sv015552@uni.edu.vn
2020115553,Phạm Tuấn Tâm,sv015553@uni.edu.vn
2021115554,Hoàng Tuấn Tâm,sv015554@uni.edu.vn
2022115555,Vũ Tuấn Tâm,sv015555@uni.edu.vn
2023115556,Đặng Tuấn Tâm,sv015556@uni.edu.vn
2024115557,Bùi Tuấn Tâm,sv015557@uni.edu.vn
2019115558,Đỗ Tuấn Tâm,sv015558@uni.edu.vn
2020115559,Hồ Tuấn Tâm,sv015559@uni.edu.vn
2021115560,Nguyễn Hữu Tâm,sv015560@uni.edu.vn
2022115561,Trần Hữu Tâm,sv015561@uni.edu.vn
2023115562,Lê Hữu Tâm,sv015562@uni.edu.vn
2024115563,Phạm Hữu Tâm,sv015563@uni.edu.vn
2019115564,Hoàng Hữu Tâm,sv015564@uni.edu.vn
2020115565,Vũ Hữu Tâm,sv015565@uni.edu.vn
2021115566,Đặng Hữu Tâm,sv015566@uni.edu.vn
2022115567,Bùi Hữu Tâm,sv015567@uni.edu.vn
2023115568,Đỗ Hữu Tâm,sv015568@uni.edu.vn
2024115569,Hồ Hữu Tâm,sv015569@uni.edu.vn
2019115570,Nguyễn Thành Tâm,sv015570@uni.edu.vn
2020115571,Trần Thành Tâm,sv015571@uni.edu.vn
2021115572,Lê Thành Tâm,sv015572@uni.edu.vn
2022115573,Phạm Thành Tâm,sv015573@uni.edu.vn
2023115574,Hoàng Thành Tâm,sv015574@uni.edu.vn
2024115575,Vũ Thành Tâm,sv015575@uni.edu.vn
2019115576,Đặng Thành Tâm,sv015576@uni.edu.vn
2020115577,Bùi Thành Tâm,sv015577@uni.edu.vn
2021115578,Đỗ Thành Tâm,sv015578@uni.edu.vn
2022115579,Hồ Thành Tâm,sv015579@uni.edu.vn
2023115580,Nguyễn Ngọc Tâm,sv015580@uni.edu.vn
2024115581,Trần Ngọc Tâm,sv015581@uni.edu.vn
2019115582,Lê Ngọc Tâm,sv015582@uni.edu.vn
2020115583,Phạm Ngọc Tâm,sv015583@uni.edu.vn
2021115584,Hoàng Ngọc Tâm,sv015584@uni.edu.vn
2022115585,Vũ Ngọc Tâm,sv015585@uni.edu.vn
2023115586,Đặng Ngọc Tâm,sv015586@uni.edu.vn
2024115587,Bùi Ngọc Tâm,sv015587@uni.edu.vn
2019115588,Đỗ Ngọc Tâm,sv015588@uni.edu.vn
2020115589,Hồ Ngọc Tâm,sv015589@uni.edu.vn
2021115590,Nguyễn Tâm,sv015590@uni.edu.vn
2022115591,Trần Tâm,sv015591@uni.edu.vn
2023115592,Lê Tâm,sv015592@uni.edu.vn
2024115593,Phạm Tâm,sv015593@uni.edu.vn
2019115594,Hoàng Tâm,sv015594@uni.edu.vn
2020115595,Vũ Tâm,sv015595@uni.edu.vn
2021115596,Đặng Tâm,sv015596@uni.edu.vn
2022115597,Bùi Tâm,sv015597@uni.edu.vn
2023115598,Đỗ Tâm,sv015598@uni.edu.vn
2024115599,Hồ Tâm,sv015599@uni.edu.vn
2019115600,Nguyễn Thị Thảo,sv015600@uni.edu.vn
2020115601,Trần Thị Thảo,sv015601@uni.edu.vn
2021115602,Lê Thị Thảo,sv015602@uni.edu.vn
2022115603,Phạm Thị Thảo,sv015603@uni.edu.vn
2023115604,Hoàng Thị Thảo,sv015604@uni.edu.vn
2024115605,Vũ Thị Thảo,sv015605@uni.edu.vn
2019115606,Đặng Thị Thảo,sv015606@uni.edu.vn
2020115607,Bùi Thị Thảo,sv015607@uni.edu.vn
2021115608,Đỗ Thị Thảo,sv015608@uni.edu.vn
2022115609,Hồ Thị Thảo,sv015609@uni.edu.vn
2023115610,Nguyễn Văn Thảo,sv015610@uni.edu.vn
2024115611,Trần Văn Thảo,sv015611@uni.edu.vn
2019115612,Lê Văn Thảo,sv015612@uni.edu.vn
2020115613,Phạm Văn Thảo,sv015613@uni.edu.vn
2021115614,Hoàng Văn Thảo,sv015614@uni.edu.vn
2022115615,Vũ Văn Thảo,sv015615@uni.edu.vn
2023115616,Đặng Văn Thảo,sv015616@uni.edu.vn
2024115617,Bùi Văn Thảo,sv015617@uni.edu.vn
2019115618,Đỗ Văn Thảo,sv015618@uni.edu.vn
2020115619,Hồ Văn Thảo,sv015619@uni.edu.vn
2021115620,Nguyễn Minh Thảo,sv015620@uni.edu.vn
2022115621,Trần Minh Thảo,sv015621@uni.edu.vn
2023115622,Lê Minh Thảo,sv015622@uni.edu.vn
2024115623,Phạm Minh Thảo,sv015623@uni.edu.vn
2019115624,Hoàng Minh Thảo,sv015624@uni.edu.vn
2020115625,Vũ Minh Thảo,sv015625@uni.edu.vn
2021115626,Đặng Minh Thảo,sv015626@uni.edu.vn
2022115627,Bùi Minh Thảo,sv015627@uni.edu.vn
2023115628,Đỗ Minh Thảo,sv015628@uni.edu.vn
2024115629,Hồ Minh Thảo,sv015629@uni.edu.vn
2019115630,Nguyễn Quốc Thảo,sv015630@uni.edu.vn
2020115631,Trần Quốc Thảo,sv015631@uni.edu.vn
2021115632,Lê Quốc Thảo,sv015632@uni.edu.vn
2022115633,Phạm Quốc Thảo,sv015633@uni.edu.vn
2023115634,Hoàng Quốc Thảo,sv015634@uni.edu.vn
2024115635,Vũ Quốc Thảo,sv015635@uni.edu.vn
2019115636,Đặng Quốc Thảo,sv015636@uni.edu.vn
2020115637,Bùi Quốc Thảo,sv015637@uni.edu.vn
2021115638,Đỗ Quốc Thảo,sv015638@uni.edu.vn
2022115639,Hồ Quốc Thảo,sv015639@uni.edu.vn
2023115640,Nguyễn Anh Thảo,sv015640@uni.edu.vn
2024115641,Trần Anh Thảo,sv015641@uni.edu.vn
2019115642,Lê Anh Thảo,sv015642@uni.edu.vn
2020115643,Phạm Anh Thảo,sv015643@uni.edu.vn
2021115644,Hoàng Anh Thảo,sv015644@uni.edu.vn
2022115645,Vũ Anh Thảo,sv015645@uni.edu.vn
2023115646,Đặng Anh Thảo,sv015646@uni.edu.vn
2024115647,Bùi Anh Thảo,sv015647@uni.edu.vn
2019115648,Đỗ Anh Thảo,sv015648@uni.edu.vn
2020115649,Hồ Anh Thảo,sv015649@uni.edu.vn
2021115650,Nguyễn Tuấn Thảo,sv015650@uni.edu.vn
2022115651,Trần Tuấn Thảo,sv015651@uni.edu.vn
2023115652,Lê Tuấn Thảo,sv015652@uni.edu.vn
2024115653,Phạm Tuấn Thảo,sv015653@uni.edu.vn
2019115654,Hoàng Tuấn Thảo,sv015654@uni.edu.vn
2020115655,Vũ Tuấn Thảo,sv015655@uni.edu.vn
2021115656,Đặng Tuấn Thảo,sv015656@uni.edu.vn
2022115657,Bùi Tuấn Thảo,sv015657@uni.edu.vn
2023115658,Đỗ Tuấn Thảo,sv015658@uni.edu.vn
2024115659,Hồ Tuấn Thảo,sv015659@uni.edu.vn
2019115660,Nguyễn Hữu Thảo,sv015660@uni.edu.vn
2020115661,Trần Hữu Thảo,sv015661@uni.edu.vn
2021115662,Lê Hữu Thảo,sv015662@uni.edu.vn
2022115663,Phạm Hữu Thảo,sv015663@uni.edu.vn
2023115664,Hoàng Hữu Thảo,sv015664@uni.edu.vn
2024115665,Vũ Hữu Thảo,sv015665@uni.edu.vn
2019115666,Đặng Hữu Thảo,sv015666@uni.edu.vn
2020115667,Bùi Hữu Thảo,sv015667@uni.edu.vn
2021115668,Đỗ Hữu Thảo,sv015668@uni.edu.vn
2022115669,Hồ Hữu Thảo,sv015669@uni.edu.vn
2023115670,Nguyễn Thành Thảo,sv015670@uni.edu.vn
2024115671,Trần Thành Thảo,sv015671@uni.edu.vn
2019115672,Lê Thành Thảo,sv015672@uni.edu.vn
2020115673,Phạm Thành Thảo,sv015673@uni.edu.vn
2021115674,Hoàng Thành Thảo,sv015674@uni.edu.vn
2022115675,Vũ Thành Thảo,sv015675@uni.edu.vn
2023115676,Đặng Thành Thảo,sv015676@uni.edu.vn
2024115677,Bùi Thành Thảo,sv015677@uni.edu.vn
2019115678,Đỗ Thành Thảo,sv015678@uni.edu.vn
2020115679,Hồ Thành Thảo,sv015679@uni.edu.vn
2021115680,Nguyễn Ngọc Thảo,sv015680@uni.edu.vn
2022115681,Trần Ngọc Thảo,sv015681@uni.edu.vn
2023115682,Lê Ngọc Thảo,sv015682@uni.edu.vn
2024115683,Phạm Ngọc Thảo,sv015683@uni.edu.vn
2019115684,Hoàng Ngọc Thảo,sv015684@uni.edu.vn
2020115685,Vũ Ngọc Thảo,sv015685@uni.edu.vn
2021115686,Đặng Ngọc Thảo,sv015686@uni.edu.vn
2022115687,Bùi Ngọc Thảo,sv015687@uni.edu.vn
2023115688,Đỗ Ngọc Thảo,sv015688@uni.edu.vn
2024115689,Hồ Ngọc Thảo,sv015689@uni.edu.vn
2019115690,Nguyễn Thảo,sv015690@uni.edu.vn
2020115691,Trần Thảo,sv015691@uni.edu.vn
2021115692,Lê Thảo,sv015692@uni.edu.vn
2022115693,Phạm Thảo,sv015693@uni.edu.vn
2023115694,Hoàng Thảo,sv015694@uni.edu.vn
2024115695,Vũ Thảo,sv015695@uni.edu.vn
2019115696,Đặng Thảo,sv015696@uni.edu.vn
2020115697,Bùi Thảo,sv015697@uni.edu.vn
2021115698,Đỗ Thảo,sv015698@uni.edu.vn
2022115699,Hồ Thảo,sv015699@uni.edu.vn
2023115700,Nguyễn Thị Uyên,sv015700@uni.edu.vn
2024115701,Trần Thị Uyên,sv015701@uni.edu.vn
2019115702,Lê Thị Uyên,sv015702@uni.edu.vn
2020115703,Phạm Thị Uyên,sv015703@uni.edu.vn
2021115704,Hoàng Thị Uyên,sv015704@uni.edu.vn
2022115705,Vũ Thị Uyên,sv015705@uni.edu.vn
2023115706,Đặng Thị Uyên,sv015706@uni.edu.vn
2024115707,Bùi Thị Uyên,sv015707@uni.edu.vn
2019115708,Đỗ Thị Uyên,sv015708@uni.edu.vn
2020115709,Hồ Thị Uyên,sv015709@uni.edu.vn
2021115710,Nguyễn Văn Uyên,sv015710@uni.edu.vn
2022115711,Trần Văn Uyên,sv015711@uni.edu.vn
2023115712,Lê Văn Uyên,sv015712@uni.edu.vn
2024115713,Phạm Văn Uyên,sv015713@uni.edu.vn
2019115714,Hoàng Văn Uyên,sv015714@uni.edu.vn
2020115715,Vũ Văn Uyên,sv015715@uni.edu.vn
2021115716,Đặng Văn Uyên,sv015716@uni.edu.vn
2022115717,Bùi Văn Uyên,sv015717@uni.edu.vn
2023115718,Đỗ Văn Uyên,sv015718@uni.edu.vn
2024115719,Hồ Văn Uyên,sv015719@uni.edu.vn
2019115720,Nguyễn Minh Uyên,sv015720@uni.edu.vn
2020115721,Trần Minh Uyên,sv015721@uni.edu.vn
2021115722,Lê Minh Uyên,sv015722@uni.edu.vn
2022115723,Phạm Minh Uyên,sv015723@uni.edu.vn
2023115724,Hoàng Minh Uyên,sv015724@uni.edu.vn
2024115725,Vũ Minh Uyên,sv015725@uni.edu.vn
2019115726,Đặng Minh Uyên,sv015726@uni.edu.vn
2020115727,Bùi Minh Uyên,sv015727@uni.edu.vn
2021115728,Đỗ Minh Uyên,sv015728@uni.edu.vn
2022115729,Hồ Minh Uyên,sv015729@uni.edu.vn
2023115730,Nguyễn Quốc Uyên,sv015730@uni.edu.vn
2024115731,Trần Quốc Uyên,sv015731@uni.edu.vn
2019115732,Lê Quốc Uyên,sv015732@uni.edu.vn
2020115733,Phạm Quốc Uyên,sv015733@uni.edu.vn
2021115734,Hoàng Quốc Uyên,sv015734@uni.edu.vn
2022115735,Vũ Quốc Uyên,sv015735@uni.edu.vn
2023115736,Đặng Quốc Uyên,sv015736@uni.edu.vn
2024115737,Bùi Quốc Uyên,sv015737@uni.edu.vn
2019115738,Đỗ Quốc Uyên,sv015738@uni.edu.vn
2020115739,Hồ Quốc Uyên,sv015739@uni.edu.vn
2021115740,Nguyễn Anh Uyên,sv015740@uni.edu.vn
2022115741,Trần Anh Uyên,sv015741@uni.edu.vn
2023115742,Lê Anh Uyên,sv015742@uni.edu.vn
2024115743,Phạm Anh Uyên,sv015743@uni.edu.vn
2019115744,Hoàng Anh Uyên,sv015744@uni.edu.vn
2020115745,Vũ Anh Uyên,sv015745@uni.edu.vn
2021115746,Đặng Anh Uyên,sv015746@uni.edu.vn
2022115747,Bùi Anh Uyên,sv015747@uni.edu.vn
2023115748,Đỗ Anh Uyên,sv015748@uni.edu.vn
2024115749,Hồ Anh Uyên,sv015749@uni.edu.vn
2019115750,Nguyễn Tuấn Uyên,sv015750@uni.edu.vn
2020115751,Trần Tuấn Uyên,sv015751@uni.edu.vn
2021115752,Lê Tuấn Uyên,sv015752@uni.edu.vn
2022115753,Phạm Tuấn Uyên,sv015753@uni.edu.vn
2023115754,Hoàng Tuấn Uyên,sv015754@uni.edu.vn
2024115755,Vũ Tuấn Uyên,sv015755@uni.edu.vn
2019115756,Đặng Tuấn Uyên,sv015756@uni.edu.vn
2020115757,Bùi Tuấn Uyên,sv015757@uni.edu.vn
2021115758,Đỗ Tuấn Uyên,sv015758@uni.edu.vn
2022115759,Hồ Tuấn Uyên,sv015759@uni.edu.vn
2023115760,Nguyễn Hữu Uyên,sv015760@uni.edu.vn
2024115761,Trần Hữu Uyên,sv015761@uni.edu.vn
2019115762,Lê Hữu Uyên,sv015762@uni.edu.vn
2020115763,Phạm Hữu Uyên,sv015763@uni.edu.vn
2021115764,Hoàng Hữu Uyên,sv015764@uni.edu.vn
2022115765,Vũ Hữu Uyên,sv015765@uni.edu.vn
2023115766,Đặng Hữu Uyên,sv015766@uni.edu.vn
2024115767,Bùi Hữu Uyên,sv015767@uni.edu.vn
2019115768,Đỗ Hữu Uyên,sv015768@uni.edu.vn
2020115769,Hồ Hữu Uyên,sv015769@uni.edu.vn
2021115770,Nguyễn Thành Uyên,sv015770@uni.edu.vn
2022115771,Trần Thành Uyên,sv015771@uni.edu.vn
2023115772,Lê Thành Uyên,sv015772@uni.edu.vn
2024115773,Phạm Thành Uyên,sv015773@uni.edu.vn
2019115774,Hoàng Thành Uyên,sv015774@uni.edu.vn
2020115775,Vũ Thành Uyên,sv015775@uni.edu.vn
2021115776,Đặng Thành Uyên,sv015776@uni.edu.vn
2022115777,Bùi Thành Uyên,sv015777@uni.edu.vn
2023115778,Đỗ Thành Uyên,sv015778@uni.edu.vn
2024115779,Hồ Thành Uyên,sv015779@uni.edu.vn
2019115780,Nguyễn Ngọc Uyên,sv015780@uni.edu.vn
2020115781,Trần Ngọc Uyên,sv015781@uni.edu.vn
2021115782,Lê Ngọc Uyên,sv015782@uni.edu.vn
2022115783,Phạm Ngọc Uyên,sv015783@uni.edu.vn
2023115784,Hoàng Ngọc Uyên,sv015784@uni.edu.vn
2024115785,Vũ Ngọc Uyên,sv015785@uni.edu.vn
2019115786,Đặng Ngọc Uyên,sv015786@uni.edu.vn
2020115787,Bùi Ngọc Uyên,sv015787@uni.edu.vn
2021115788,Đỗ Ngọc Uyên,sv015788@uni.edu.vn
2022115789,Hồ Ngọc Uyên,sv015789@uni.edu.vn
2023115790,Nguyễn Uyên,sv015790@uni.edu.vn
2024115791,Trần Uyên,sv015791@uni.edu.vn
2019115792,Lê Uyên,sv015792@uni.edu.vn
2020115793,Phạm Uyên,sv015793@uni.edu.vn
2021115794,Hoàng Uyên,sv015794@uni.edu.vn
2022115795,Vũ Uyên,sv015795@uni.edu.vn
2023115796,Đặng Uyên,sv015796@uni.edu.vn
2024115797,Bùi Uyên,sv015797@uni.edu.vn
2019115798,Đỗ Uyên,sv015798@uni.edu.vn
2020115799,Hồ Uyên,sv015799@uni.edu.vn
2021115800,Nguyễn Thị Việt,sv015800@uni.edu.vn
2022115801,Trần Thị Việt,sv015801@uni.edu.vn
2023115802,Lê Thị Việt,sv015802@uni.edu.vn
2024115803,Phạm Thị Việt,sv015803@uni.edu.vn
2019115804,Hoàng Thị Việt,sv015804@uni.edu.vn
2020115805,Vũ Thị Việt,sv015805@uni.edu.vn
2021115806,Đặng Thị Việt,sv015806@uni.edu.vn
2022115807,Bùi Thị Việt,sv015807@uni.edu.vn
2023115808,Đỗ Thị Việt,sv015808@uni.edu.vn
2024115809,Hồ Thị Việt,sv015809@uni.edu.vn
2019115810,Nguyễn Văn Việt,sv015810@uni.edu.vn
2020115811,Trần Văn Việt,sv015811@uni.edu.vn
2021115812,Lê Văn Việt,sv015812@uni.edu.vn
2022115813,Phạm Văn Việt,sv015813@uni.edu.vn
2023115814,Hoàng Văn Việt,sv015814@uni.edu.vn
2024115815,Vũ Văn Việt,sv015815@uni.edu.vn
2019115816,Đặng Văn Việt,sv015816@uni.edu.vn
2020115817,Bùi Văn Việt,sv015817@uni.edu.vn
2021115818,Đỗ Văn Việt,sv015818@uni.edu.vn
2022115819,Hồ Văn Việt,sv015819@uni.edu.vn
2023115820,Nguyễn Minh Việt,sv015820@uni.edu.vn
2024115821,Trần Minh Việt,sv015821@uni.edu.vn
2019115822,Lê Minh Việt,sv015822@uni.edu.vn
2020115823,Phạm Minh Việt,sv015823@uni.edu.vn
2021115824,Hoàng Minh Việt,sv015824@uni.edu.vn
2022115825,Vũ Minh Việt,sv015825@uni.edu.vn
2023115826,Đặng Minh Việt,sv015826@uni.edu.vn
2024115827,Bùi Minh Việt,sv015827@uni.edu.vn
2019115828,Đỗ Minh Việt,sv015828@uni.edu.vn
2020115829,Hồ Minh Việt,sv015829@uni.edu.vn
2021115830,Nguyễn Quốc Việt,sv015830@uni.edu.vn
2022115831,Trần Quốc Việt,sv015831@uni.edu.vn
2023115832,Lê Quốc Việt,sv015832@uni.edu.vn
2024115833,Phạm Quốc Việt,sv015833@uni.edu.vn
2019115834,Hoàng Quốc Việt,sv015834@uni.edu.vn
2020115835,Vũ Quốc Việt,sv015835@uni.edu.vn
2021115836,Đặng Quốc Việt,sv015836@uni.edu.vn
2022115837,Bùi Quốc Việt,sv015837@uni.edu.vn
2023115838,Đỗ Quốc Việt,sv015838@uni.edu.vn
2024115839,Hồ Quốc Việt,sv015839@uni.edu.vn
2019115840,Nguyễn Anh Việt,sv015840@uni.edu.vn
2020115841,Trần Anh Việt,sv015841@uni.edu.vn
2021115842,Lê Anh Việt,sv015842@uni.edu.vn
2022115843,Phạm Anh Việt,sv015843@uni.edu.vn
2023115844,Hoàng Anh Việt,sv015844@uni.edu.vn
2024115845,Vũ Anh Việt,sv015845@uni.edu.vn
2019115846,Đặng Anh Việt,sv015846@uni.edu.vn
2020115847,Bùi Anh Việt,sv015847@uni.edu.vn
2021115848,Đỗ Anh Việt,sv015848@uni.edu.vn
2022115849,Hồ Anh Việt,sv015849@uni.edu.vn
2023115850,Nguyễn Tuấn Việt,sv015850@uni.edu.vn
2024115851,Trần Tuấn Việt,sv015851@uni.edu.vn
2019115852,Lê Tuấn Việt,sv015852@uni.edu.vn
2020115853,Phạm Tuấn Việt,sv015853@uni.edu.vn
2021115854,Hoàng Tuấn Việt,sv015854@uni.edu.vn
2022115855,Vũ Tuấn Việt,sv015855@uni.edu.vn
2023115856,Đặng Tuấn Việt,sv015856@uni.edu.vn
2024115857,Bùi Tuấn Việt,sv015857@uni.edu.vn
2019115858,Đỗ Tuấn Việt,sv015858@uni.edu.vn
2020115859,Hồ Tuấn Việt,sv015859@uni.edu.vn
2021115860,Nguyễn Hữu Việt,sv015860@uni.edu.vn
2022115861,Trần Hữu Việt,sv015861@uni.edu.vn
2023115862,Lê Hữu Việt,sv015862@uni.edu.vn
2024115863,Phạm Hữu Việt,sv015863@uni.edu.vn
2019115864,Hoàng Hữu Việt,sv015864@uni.edu.vn
2020115865,Vũ Hữu Việt,sv015865@uni.edu.vn
2021115866,Đặng Hữu Việt,sv015866@uni.edu.vn
2022115867,Bùi Hữu Việt,sv015867@uni.edu.vn
2023115868,Đỗ Hữu Việt,sv015868@uni.edu.vn
2024115869,Hồ Hữu Việt,sv015869@uni.edu.vn
2019115870,Nguyễn Thành Việt,sv015870@uni.edu.vn
2020115871,Trần Thành Việt,sv015871@uni.edu.vn
2021115872,Lê Thành Việt,sv015872@uni.edu.vn
2022115873,Phạm Thành Việt,sv015873@uni.edu.vn
2023115874,Hoàng Thành Việt,sv015874@uni.edu.vn
2024115875,Vũ Thành Việt,sv015875@uni.edu.vn
2019115876,Đặng Thành Việt,sv015876@uni.edu.vn
2020115877,Bùi Thành Việt,sv015877@uni.edu.vn
2021115878,Đỗ Thành Việt,sv015878@uni.edu.vn
2022115879,Hồ Thành Việt,sv015879@uni.edu.vn
2023115880,Nguyễn Ngọc Việt,sv015880@uni.edu.vn
2024115881,Trần Ngọc Việt,sv015881@uni.edu.vn
2019115882,Lê Ngọc Việt,sv015882@uni.edu.vn
2020115883,Phạm Ngọc Việt,sv015883@uni.edu.vn
2021115884,Hoàng Ngọc Việt,sv015884@uni.edu.vn
2022115885,Vũ Ngọc Việt,sv015885@uni.edu.vn
2023115886,Đặng Ngọc Việt,sv015886@uni.edu.vn
2024115887,Bùi Ngọc Việt,sv015887@uni.edu.vn
2019115888,Đỗ Ngọc Việt,sv015888@uni.edu.vn
2020115889,Hồ Ngọc Việt,sv015889@uni.edu.vn
2021115890,Nguyễn Việt,sv015890@uni.edu.vn
2022115891,Trần Việt,sv015891@uni.edu.vn
2023115892,Lê Việt,sv015892@uni.edu.vn
2024115893,Phạm Việt,sv015893@uni.edu.vn
2019115894,Hoàng Việt,sv015894@uni.edu.vn
2020115895,Vũ Việt,sv015895@uni.edu.vn
2021115896,Đặng Việt,sv015896@uni.edu.vn
2022115897,Bùi Việt,sv015897@uni.edu.vn
2023115898,Đỗ Việt,sv015898@uni.edu.vn
2024115899,Hồ Việt,sv015899@uni.edu.vn
2019115900,Nguyễn Thị Yến,sv015900@uni.edu.vn
2020115901,Trần Thị Yến,sv015901@uni.edu.vn
2021115902,Lê Thị Yến,sv015902@uni.edu.vn
2022115903,Phạm Thị Yến,sv015903@uni.edu.vn
2023115904,Hoàng Thị Yến,sv015904@uni.edu.vn
2024115905,Vũ Thị Yến,sv015905@uni.edu.vn
2019115906,Đặng Thị Yến,sv015906@uni.edu.vn
2020115907,Bùi Thị Yến,sv015907@uni.edu.vn
2021115908,Đỗ Thị Yến,sv015908@uni.edu.vn
2022115909,Hồ Thị Yến,sv015909@uni.edu.vn
2023115910,Nguyễn Văn Yến,sv015910@uni.edu.vn
2024115911,Trần Văn Yến,sv015911@uni.edu.vn
2019115912,Lê Văn Yến,sv015912@uni.edu.vn
2020115913,Phạm Văn Yến,sv015913@uni.edu.vn
2021115914,Hoàng Văn Yến,sv015914@uni.edu.vn
2022115915,Vũ Văn Yến,sv015915@uni.edu.vn
2023115916,Đặng Văn Yến,sv015916@uni.edu.vn
2024115917,Bùi Văn Yến,sv015917@uni.edu.vn
2019115918,Đỗ Văn Yến,sv015918@uni.edu.vn
2020115919,Hồ Văn Yến,sv015919@uni.edu.vn
2021115920,Nguyễn Minh Yến,sv015920@uni.edu.vn
2022115921,Trần Minh Yến,sv015921@uni.edu.vn
2023115922,Lê Minh Yến,sv015922@uni.edu.vn
2024115923,Phạm Minh Yến,sv015923@uni.edu.vn
2019115924,Hoàng Minh Yến,sv015924@uni.edu.vn
2020115925,Vũ Minh Yến,sv015925@uni.edu.vn
2021115926,Đặng Minh Yến,sv015926@uni.edu.vn
2022115927,Bùi Minh Yến,sv015927@uni.edu.vn
2023115928,Đỗ Minh Yến,sv015928@uni.edu.vn
2024115929,Hồ Minh Yến,sv015929@uni.edu.vn
2019115930,Nguyễn Quốc Yến,sv015930@uni.edu.vn
2020115931,Trần Quốc Yến,sv015931@uni.edu.vn
2021115932,Lê Quốc Yến,sv015932@uni.edu.vn
2022115933,Phạm Quốc Yến,sv015933@uni.edu.vn
2023115934,Hoàng Quốc Yến,sv015934@uni.edu.vn
2024115935,Vũ Quốc Yến,sv015935@uni.edu.vn
2019115936,Đặng Quốc Yến,sv015936@uni.edu.vn
2020115937,Bùi Quốc Yến,sv015937@uni.edu.vn
2021115938,Đỗ Quốc Yến,sv015938@uni.edu.vn
2022115939,Hồ Quốc Yến,sv015939@uni.edu.vn
2023115940,Nguyễn Anh Yến,sv015940@uni.edu.vn
2024115941,Trần Anh Yến,sv015941@uni.edu.vn
2019115942,Lê Anh Yến,sv015942@uni.edu.vn
2020115943,Phạm Anh Yến,sv015943@uni.edu.vn
2021115944,Hoàng Anh Yến,sv015944@uni.edu.vn
2022115945,Vũ Anh Yến,sv015945@uni.edu.vn
2023115946,Đặng Anh Yến,sv015946@uni.edu.vn
2024115947,Bùi Anh Yến,sv015947@uni.edu.vn
2019115948,Đỗ Anh Yến,sv015948@uni.edu.vn
2020115949,Hồ Anh Yến,sv015949@uni.edu.vn
2021115950,Nguyễn Tuấn Yến,sv015950@uni.edu.vn
2022115951,Trần Tuấn Yến,sv015951@uni.edu.vn
2023115952,Lê Tuấn Yến,sv015952@uni.edu.vn
2024115953,Phạm Tuấn Yến,sv015953@uni.edu.vn
2019115954,Hoàng Tuấn Yến,sv015954@uni.edu.vn
2020115955,Vũ Tuấn Yến,sv015955@uni.edu.vn
2021115956,Đặng Tuấn Yến,sv015956@uni.edu.vn
2022115957,Bùi Tuấn Yến,sv015957@uni.edu.vn
2023115958,Đỗ Tuấn Yến,sv015958@uni.edu.vn
2024115959,Hồ Tuấn Yến,sv015959@uni.edu.vn
2019115960,Nguyễn Hữu Yến,sv015960@uni.edu.vn
2020115961,Trần Hữu Yến,sv015961@uni.edu.vn
2021115962,Lê Hữu Yến,sv015962@uni.edu.vn
2022115963,Phạm Hữu Yến,sv015963@uni.edu.vn
2023115964,Hoàng Hữu Yến,sv015964@uni.edu.vn
2024115965,Vũ Hữu Yến,sv015965@uni.edu.vn
2019115966,Đặng Hữu Yến,sv015966@uni.edu.vn
2020115967,Bùi Hữu Yến,sv015967@uni.edu.vn
2021115968,Đỗ Hữu Yến,sv015968@uni.edu.vn
2022115969,Hồ Hữu Yến,sv015969@uni.edu.vn
2023115970,Nguyễn Thành Yến,sv015970@uni.edu.vn
2024115971,Trần Thành Yến,sv015971@uni.edu.vn
2019115972,Lê Thành Yến,sv015972@uni.edu.vn
2020115973,Phạm Thành Yến,sv015973@uni.edu.vn
2021115974,Hoàng Thành Yến,sv015974@uni.edu.vn
2022115975,Vũ Thành Yến,sv015975@uni.edu.vn
2023115976,Đặng Thành Yến,sv015976@uni.edu.vn
2024115977,Bùi Thành Yến,sv015977@uni.edu.vn
2019115978,Đỗ Thành Yến,sv015978@uni.edu.vn
2020115979,Hồ Thành Yến,sv015979@uni.edu.vn
2021115980,Nguyễn Ngọc Yến,sv015980@uni.edu.vn
2022115981,Trần Ngọc Yến,sv015981@uni.edu.vn
2023115982,Lê Ngọc Yến,sv015982@uni.edu.vn
2024115983,Phạm Ngọc Yến,sv015983@uni.edu.vn
2019115984,Hoàng Ngọc Yến,sv015984@uni.edu.vn
2020115985,Vũ Ngọc Yến,sv015985@uni.edu.vn
2021115986,Đặng Ngọc Yến,sv015986@uni.edu.vn
2022115987,Bùi Ngọc Yến,sv015987@uni.edu.vn
2023115988,Đỗ Ngọc Yến,sv015988@uni.edu.vn
2024115989,Hồ Ngọc Yến,sv015989@uni.edu.vn
2019115990,Nguyễn Yến,sv015990@uni.edu.vn
2020115991,Trần Yến,sv015991@uni.edu.vn
2021115992,Lê Yến,sv015992@uni.edu.vn
2022115993,Phạm Yến,sv015993@uni.edu.vn
2023115994,Hoàng Yến,sv015994@uni.edu.vn
2024115995,Vũ Yến,sv015995@uni.edu.vn
2019115996,Đặng Yến,sv015996@uni.edu.vn
2020115997,Bùi Yến,sv015997@uni.edu.vn
2021115998,Đỗ Yến,sv015998@uni.edu.vn
2022115999,Hồ Yến,sv015999@uni.edu.vn
2023116000,Nguyễn Thị An,INVALID_EMAIL_FORMAT
2024116001,Trần Thị An,sv016001@uni.edu.vn
2019116002,Lê Thị An,sv016002@uni.edu.vn
2020116003,Phạm Thị An,sv016003@uni.edu.vn
2021116004,Hoàng Thị An,sv016004@uni.edu.vn
2022116005,Vũ Thị An,sv016005@uni.edu.vn
2023116006,Đặng Thị An,sv016006@uni.edu.vn
2024116007,Bùi Thị An,sv016007@uni.edu.vn
2019116008,Đỗ Thị An,sv016008@uni.edu.vn
2020116009,Hồ Thị An,sv016009@uni.edu.vn
2021116010,Nguyễn Văn An,sv016010@uni.edu.vn
2022116011,Trần Văn An,sv016011@uni.edu.vn
2023116012,Lê Văn An,sv016012@uni.edu.vn
2024116013,Phạm Văn An,sv016013@uni.edu.vn
2019116014,Hoàng Văn An,sv016014@uni.edu.vn
2020116015,Vũ Văn An,sv016015@uni.edu.vn
2021116016,Đặng Văn An,sv016016@uni.edu.vn
2022116017,Bùi Văn An,sv016017@uni.edu.vn
2023116018,Đỗ Văn An,sv016018@uni.edu.vn
2024116019,Hồ Văn An,sv016019@uni.edu.vn
2019116020,Nguyễn Minh An,sv016020@uni.edu.vn
2020116021,Trần Minh An,sv016021@uni.edu.vn
2021116022,Lê Minh An,sv016022@uni.edu.vn
2022116023,Phạm Minh An,sv016023@uni.edu.vn
2023116024,Hoàng Minh An,sv016024@uni.edu.vn
2024116025,Vũ Minh An,sv016025@uni.edu.vn
2019116026,Đặng Minh An,sv016026@uni.edu.vn
2020116027,Bùi Minh An,sv016027@uni.edu.vn
2021116028,Đỗ Minh An,sv016028@uni.edu.vn
2022116029,Hồ Minh An,sv016029@uni.edu.vn
2023116030,Nguyễn Quốc An,sv016030@uni.edu.vn
2024116031,Trần Quốc An,sv016031@uni.edu.vn
2019116032,Lê Quốc An,sv016032@uni.edu.vn
2020116033,Phạm Quốc An,sv016033@uni.edu.vn
2021116034,Hoàng Quốc An,sv016034@uni.edu.vn
2022116035,Vũ Quốc An,sv016035@uni.edu.vn
2023116036,Đặng Quốc An,sv016036@uni.edu.vn
2024116037,Bùi Quốc An,sv016037@uni.edu.vn
2019116038,Đỗ Quốc An,sv016038@uni.edu.vn
2020116039,Hồ Quốc An,sv016039@uni.edu.vn
2021116040,Nguyễn Anh An,sv016040@uni.edu.vn
2022116041,Trần Anh An,sv016041@uni.edu.vn
2023116042,Lê Anh An,sv016042@uni.edu.vn
2024116043,Phạm Anh An,sv016043@uni.edu.vn
2019116044,Hoàng Anh An,sv016044@uni.edu.vn
2020116045,Vũ Anh An,sv016045@uni.edu.vn
2021116046,Đặng Anh An,sv016046@uni.edu.vn
2022116047,Bùi Anh An,sv016047@uni.edu.vn
2023116048,Đỗ Anh An,sv016048@uni.edu.vn
2024116049,Hồ Anh An,sv016049@uni.edu.vn
2019116050,Nguyễn Tuấn An,sv016050@uni.edu.vn
2020116051,Trần Tuấn An,sv016051@uni.edu.vn
2021116052,Lê Tuấn An,sv016052@uni.edu.vn
2022116053,Phạm Tuấn An,sv016053@uni.edu.vn
2023116054,Hoàng Tuấn An,sv016054@uni.edu.vn
2024116055,Vũ Tuấn An,sv016055@uni.edu.vn
2019116056,Đặng Tuấn An,sv016056@uni.edu.vn
2020116057,Bùi Tuấn An,sv016057@uni.edu.vn
2021116058,Đỗ Tuấn An,sv016058@uni.edu.vn
2022116059,Hồ Tuấn An,sv016059@uni.edu.vn
2023116060,Nguyễn Hữu An,sv016060@uni.edu.vn
2024116061,Trần Hữu An,sv016061@uni.edu.vn
2019116062,Lê Hữu An,sv016062@uni.edu.vn
2020116063,Phạm Hữu An,sv016063@uni.edu.vn
2021116064,Hoàng Hữu An,sv016064@uni.edu.vn
2022116065,Vũ Hữu An,sv016065@uni.edu.vn
2023116066,Đặng Hữu An,sv016066@uni.edu.vn
2024116067,Bùi Hữu An,sv016067@uni.edu.vn
2019116068,Đỗ Hữu An,sv016068@uni.edu.vn
2020116069,Hồ Hữu An,sv016069@uni.edu.vn
2021116070,Nguyễn Thành An,sv016070@uni.edu.vn
2022116071,Trần Thành An,sv016071@uni.edu.vn
2023116072,Lê Thành An,sv016072@uni.edu.vn
2024116073,Phạm Thành An,sv016073@uni.edu.vn
2019116074,Hoàng Thành An,sv016074@uni.edu.vn
2020116075,Vũ Thành An,sv016075@uni.edu.vn
2021116076,Đặng Thành An,sv016076@uni.edu.vn
2022116077,Bùi Thành An,sv016077@uni.edu.vn
2023116078,Đỗ Thành An,sv016078@uni.edu.vn
2024116079,Hồ Thành An,sv016079@uni.edu.vn
2019116080,Nguyễn Ngọc An,sv016080@uni.edu.vn
2020116081,Trần Ngọc An,sv016081@uni.edu.vn
2021116082,Lê Ngọc An,sv016082@uni.edu.vn
2022116083,Phạm Ngọc An,sv016083@uni.edu.vn
2023116084,Hoàng Ngọc An,sv016084@uni.edu.vn
2024116085,Vũ Ngọc An,sv016085@uni.edu.vn
2019116086,Đặng Ngọc An,sv016086@uni.edu.vn
2020116087,Bùi Ngọc An,sv016087@uni.edu.vn
2021116088,Đỗ Ngọc An,sv016088@uni.edu.vn
2022116089,Hồ Ngọc An,sv016089@uni.edu.vn
2023116090,Nguyễn An,sv016090@uni.edu.vn
2024116091,Trần An,sv016091@uni.edu.vn
2019116092,Lê An,sv016092@uni.edu.vn
2020116093,Phạm An,sv016093@uni.edu.vn
2021116094,Hoàng An,sv016094@uni.edu.vn
2022116095,Vũ An,sv016095@uni.edu.vn
2023116096,Đặng An,sv016096@uni.edu.vn
2024116097,Bùi An,sv016097@uni.edu.vn
2019116098,Đỗ An,sv016098@uni.edu.vn
2020116099,Hồ An,sv016099@uni.edu.vn
2021116100,Nguyễn Thị Bình,sv016100@uni.edu.vn
2022116101,Trần Thị Bình,sv016101@uni.edu.vn
2023116102,Lê Thị Bình,sv016102@uni.edu.vn
2024116103,Phạm Thị Bình,sv016103@uni.edu.vn
2019116104,Hoàng Thị Bình,sv016104@uni.edu.vn
2020116105,Vũ Thị Bình,sv016105@uni.edu.vn
2021116106,Đặng Thị Bình,sv016106@uni.edu.vn
2022116107,Bùi Thị Bình,sv016107@uni.edu.vn
2023116108,Đỗ Thị Bình,sv016108@uni.edu.vn
2024116109,Hồ Thị Bình,sv016109@uni.edu.vn
2019116110,Nguyễn Văn Bình,sv016110@uni.edu.vn
2020116111,Trần Văn Bình,sv016111@uni.edu.vn
2021116112,Lê Văn Bình,sv016112@uni.edu.vn
2022116113,Phạm Văn Bình,sv016113@uni.edu.vn
2023116114,Hoàng Văn Bình,sv016114@uni.edu.vn
2024116115,Vũ Văn Bình,sv016115@uni.edu.vn
2019116116,Đặng Văn Bình,sv016116@uni.edu.vn
2020116117,Bùi Văn Bình,sv016117@uni.edu.vn
2021116118,Đỗ Văn Bình,sv016118@uni.edu.vn
2022116119,Hồ Văn Bình,sv016119@uni.edu.vn
2023116120,Nguyễn Minh Bình,sv016120@uni.edu.vn
2024116121,Trần Minh Bình,sv016121@uni.edu.vn
2019116122,Lê Minh Bình,sv016122@uni.edu.vn
2020116123,Phạm Minh Bình,sv016123@uni.edu.vn
2021116124,Hoàng Minh Bình,sv016124@uni.edu.vn
2022116125,Vũ Minh Bình,sv016125@uni.edu.vn
2023116126,Đặng Minh Bình,sv016126@uni.edu.vn
2024116127,Bùi Minh Bình,sv016127@uni.edu.vn
2019116128,Đỗ Minh Bình,sv016128@uni.edu.vn
2020116129,Hồ Minh Bình,sv016129@uni.edu.vn
2021116130,Nguyễn Quốc Bình,sv016130@uni.edu.vn
2022116131,Trần Quốc Bình,sv016131@uni.edu.vn
2023116132,Lê Quốc Bình,sv016132@uni.edu.vn
2024116133,Phạm Quốc Bình,sv016133@uni.edu.vn
2019116134,Hoàng Quốc Bình,sv016134@uni.edu.vn
2020116135,Vũ Quốc Bình,sv016135@uni.edu.vn
2021116136,Đặng Quốc Bình,sv016136@uni.edu.vn
2022116137,Bùi Quốc Bình,sv016137@uni.edu.vn
2023116138,Đỗ Quốc Bình,sv016138@uni.edu.vn
2024116139,Hồ Quốc Bình,sv016139@uni.edu.vn
2019116140,Nguyễn Anh Bình,sv016140@uni.edu.vn
2020116141,Trần Anh Bình,sv016141@uni.edu.vn
2021116142,Lê Anh Bình,sv016142@uni.edu.vn
2022116143,Phạm Anh Bình,sv016143@uni.edu.vn
2023116144,Hoàng Anh Bình,sv016144@uni.edu.vn
2024116145,Vũ Anh Bình,sv016145@uni.edu.vn
2019116146,Đặng Anh Bình,sv016146@uni.edu.vn
2020116147,Bùi Anh Bình,sv016147@uni.edu.vn
2021116148,Đỗ Anh Bình,sv016148@uni.edu.vn
2022116149,Hồ Anh Bình,sv016149@uni.edu.vn
2023116150,Nguyễn Tuấn Bình,sv016150@uni.edu.vn
2024116151,Trần Tuấn Bình,sv016151@uni.edu.vn
2019116152,Lê Tuấn Bình,sv016152@uni.edu.vn
2020116153,Phạm Tuấn Bình,sv016153@uni.edu.vn
2021116154,Hoàng Tuấn Bình,sv016154@uni.edu.vn
2022116155,Vũ Tuấn Bình,sv016155@uni.edu.vn
2023116156,Đặng Tuấn Bình,sv016156@uni.edu.vn
2024116157,Bùi Tuấn Bình,sv016157@uni.edu.vn
2019116158,Đỗ Tuấn Bình,sv016158@uni.edu.vn
2020116159,Hồ Tuấn Bình,sv016159@uni.edu.vn
2021116160,Nguyễn Hữu Bình,sv016160@uni.edu.vn
2022116161,Trần Hữu Bình,sv016161@uni.edu.vn
2023116162,Lê Hữu Bình,sv016162@uni.edu.vn
2024116163,Phạm Hữu Bình,sv016163@uni.edu.vn
2019116164,Hoàng Hữu Bình,sv016164@uni.edu.vn
2020116165,Vũ Hữu Bình,sv016165@uni.edu.vn
2021116166,Đặng Hữu Bình,sv016166@uni.edu.vn
2022116167,Bùi Hữu Bình,sv016167@uni.edu.vn
2023116168,Đỗ Hữu Bình,sv016168@uni.edu.vn
2024116169,Hồ Hữu Bình,sv016169@uni.edu.vn
2019116170,Nguyễn Thành Bình,sv016170@uni.edu.vn
2020116171,Trần Thành Bình,sv016171@uni.edu.vn
2021116172,Lê Thành Bình,sv016172@uni.edu.vn
2022116173,Phạm Thành Bình,sv016173@uni.edu.vn
2023116174,Hoàng Thành Bình,sv016174@uni.edu.vn
2024116175,Vũ Thành Bình,sv016175@uni.edu.vn
2019116176,Đặng Thành Bình,sv016176@uni.edu.vn
2020116177,Bùi Thành Bình,sv016177@uni.edu.vn
2021116178,Đỗ Thành Bình,sv016178@uni.edu.vn
2022116179,Hồ Thành Bình,sv016179@uni.edu.vn
2023116180,Nguyễn Ngọc Bình,sv016180@uni.edu.vn
2024116181,Trần Ngọc Bình,sv016181@uni.edu.vn
2019116182,Lê Ngọc Bình,sv016182@uni.edu.vn
2020116183,Phạm Ngọc Bình,sv016183@uni.edu.vn
2021116184,Hoàng Ngọc Bình,sv016184@uni.edu.vn
2022116185,Vũ Ngọc Bình,sv016185@uni.edu.vn
2023116186,Đặng Ngọc Bình,sv016186@uni.edu.vn
2024116187,Bùi Ngọc Bình,sv016187@uni.edu.vn
2019116188,Đỗ Ngọc Bình,sv016188@uni.edu.vn
2020116189,Hồ Ngọc Bình,sv016189@uni.edu.vn
2021116190,Nguyễn Bình,sv016190@uni.edu.vn
2022116191,Trần Bình,sv016191@uni.edu.vn
2023116192,Lê Bình,sv016192@uni.edu.vn
2024116193,Phạm Bình,sv016193@uni.edu.vn
2019116194,Hoàng Bình,sv016194@uni.edu.vn
2020116195,Vũ Bình,sv016195@uni.edu.vn
2021116196,Đặng Bình,sv016196@uni.edu.vn
2022116197,Bùi Bình,sv016197@uni.edu.vn
2023116198,Đỗ Bình,sv016198@uni.edu.vn
2024116199,Hồ Bình,sv016199@uni.edu.vn
2019116200,Nguyễn Thị Chi,sv016200@uni.edu.vn
2020116201,Trần Thị Chi,sv016201@uni.edu.vn
2021116202,Lê Thị Chi,sv016202@uni.edu.vn
2022116203,Phạm Thị Chi,sv016203@uni.edu.vn
2023116204,Hoàng Thị Chi,sv016204@uni.edu.vn
2024116205,Vũ Thị Chi,sv016205@uni.edu.vn
2019116206,Đặng Thị Chi,sv016206@uni.edu.vn
2020116207,Bùi Thị Chi,sv016207@uni.edu.vn
2021116208,Đỗ Thị Chi,sv016208@uni.edu.vn
2022116209,Hồ Thị Chi,sv016209@uni.edu.vn
2023116210,Nguyễn Văn Chi,sv016210@uni.edu.vn
2024116211,Trần Văn Chi,sv016211@uni.edu.vn
2019116212,Lê Văn Chi,sv016212@uni.edu.vn
2020116213,Phạm Văn Chi,sv016213@uni.edu.vn
2021116214,Hoàng Văn Chi,sv016214@uni.edu.vn
2022116215,Vũ Văn Chi,sv016215@uni.edu.vn
2023116216,Đặng Văn Chi,sv016216@uni.edu.vn
2024116217,Bùi Văn Chi,sv016217@uni.edu.vn
2019116218,Đỗ Văn Chi,sv016218@uni.edu.vn
2020116219,Hồ Văn Chi,sv016219@uni.edu.vn
2021116220,Nguyễn Minh Chi,sv016220@uni.edu.vn
2022116221,Trần Minh Chi,sv016221@uni.edu.vn
2023116222,Lê Minh Chi,sv016222@uni.edu.vn
2024116223,Phạm Minh Chi,sv016223@uni.edu.vn
2019116224,Hoàng Minh Chi,sv016224@uni.edu.vn
2020116225,Vũ Minh Chi,sv016225@uni.edu.vn
2021116226,Đặng Minh Chi,sv016226@uni.edu.vn
2022116227,Bùi Minh Chi,sv016227@uni.edu.vn
2023116228,Đỗ Minh Chi,sv016228@uni.edu.vn
2024116229,Hồ Minh Chi,sv016229@uni.edu.vn
2019116230,Nguyễn Quốc Chi,sv016230@uni.edu.vn
2020116231,Trần Quốc Chi,sv016231@uni.edu.vn
2021116232,Lê Quốc Chi,sv016232@uni.edu.vn
2022116233,Phạm Quốc Chi,sv016233@uni.edu.vn
2023116234,Hoàng Quốc Chi,sv016234@uni.edu.vn
2024116235,Vũ Quốc Chi,sv016235@uni.edu.vn
2019116236,Đặng Quốc Chi,sv016236@uni.edu.vn
2020116237,Bùi Quốc Chi,sv016237@uni.edu.vn
2021116238,Đỗ Quốc Chi,sv016238@uni.edu.vn
2022116239,Hồ Quốc Chi,sv016239@uni.edu.vn
2023116240,Nguyễn Anh Chi,sv016240@uni.edu.vn
2024116241,Trần Anh Chi,sv016241@uni.edu.vn
2019116242,Lê Anh Chi,sv016242@uni.edu.vn
2020116243,Phạm Anh Chi,sv016243@uni.edu.vn
2021116244,Hoàng Anh Chi,sv016244@uni.edu.vn
2022116245,Vũ Anh Chi,sv016245@uni.edu.vn
2023116246,Đặng Anh Chi,sv016246@uni.edu.vn
2024116247,Bùi Anh Chi,sv016247@uni.edu.vn
2019116248,Đỗ Anh Chi,sv016248@uni.edu.vn
2020116249,Hồ Anh Chi,sv016249@uni.edu.vn
2021116250,Nguyễn Tuấn Chi,sv016250@uni.edu.vn
2022116251,Trần Tuấn Chi,sv016251@uni.edu.vn
2023116252,Lê Tuấn Chi,sv016252@uni.edu.vn
2024116253,Phạm Tuấn Chi,sv016253@uni.edu.vn
2019116254,Hoàng Tuấn Chi,sv016254@uni.edu.vn
2020116255,Vũ Tuấn Chi,sv016255@uni.edu.vn
2021116256,Đặng Tuấn Chi,sv016256@uni.edu.vn
2022116257,Bùi Tuấn Chi,sv016257@uni.edu.vn
2023116258,Đỗ Tuấn Chi,sv016258@uni.edu.vn
2024116259,Hồ Tuấn Chi,sv016259@uni.edu.vn
2019116260,Nguyễn Hữu Chi,sv016260@uni.edu.vn
2020116261,Trần Hữu Chi,sv016261@uni.edu.vn
2021116262,Lê Hữu Chi,sv016262@uni.edu.vn
2022116263,Phạm Hữu Chi,sv016263@uni.edu.vn
2023116264,Hoàng Hữu Chi,sv016264@uni.edu.vn
2024116265,Vũ Hữu Chi,sv016265@uni.edu.vn
2019116266,Đặng Hữu Chi,sv016266@uni.edu.vn
2020116267,Bùi Hữu Chi,sv016267@uni.edu.vn
2021116268,Đỗ Hữu Chi,sv016268@uni.edu.vn
2022116269,Hồ Hữu Chi,sv016269@uni.edu.vn
2023116270,Nguyễn Thành Chi,sv016270@uni.edu.vn
2024116271,Trần Thành Chi,sv016271@uni.edu.vn
2019116272,Lê Thành Chi,sv016272@uni.edu.vn
2020116273,Phạm Thành Chi,sv016273@uni.edu.vn
2021116274,Hoàng Thành Chi,sv016274@uni.edu.vn
2022116275,Vũ Thành Chi,sv016275@uni.edu.vn
2023116276,Đặng Thành Chi,sv016276@uni.edu.vn
2024116277,Bùi Thành Chi,sv016277@uni.edu.vn
2019116278,Đỗ Thành Chi,sv016278@uni.edu.vn
2020116279,Hồ Thành Chi,sv016279@uni.edu.vn
2021116280,Nguyễn Ngọc Chi,sv016280@uni.edu.vn
2022116281,Trần Ngọc Chi,sv016281@uni.edu.vn
2023116282,Lê Ngọc Chi,sv016282@uni.edu.vn
2024116283,Phạm Ngọc Chi,sv016283@uni.edu.vn
2019116284,Hoàng Ngọc Chi,sv016284@uni.edu.vn
2020116285,Vũ Ngọc Chi,sv016285@uni.edu.vn
2021116286,Đặng Ngọc Chi,sv016286@uni.edu.vn
2022116287,Bùi Ngọc Chi,sv016287@uni.edu.vn
2023116288,Đỗ Ngọc Chi,sv016288@uni.edu.vn
2024116289,Hồ Ngọc Chi,sv016289@uni.edu.vn
2019116290,Nguyễn Chi,sv016290@uni.edu.vn
2020116291,Trần Chi,sv016291@uni.edu.vn
2021116292,Lê Chi,sv016292@uni.edu.vn
2022116293,Phạm Chi,sv016293@uni.edu.vn
2023116294,Hoàng Chi,sv016294@uni.edu.vn
2024116295,Vũ Chi,sv016295@uni.edu.vn
2019116296,Đặng Chi,sv016296@uni.edu.vn
2020116297,Bùi Chi,sv016297@uni.edu.vn
2021116298,Đỗ Chi,sv016298@uni.edu.vn
2022116299,Hồ Chi,sv016299@uni.edu.vn
2023116300,Nguyễn Thị Dũng,sv016300@uni.edu.vn
2024116301,Trần Thị Dũng,sv016301@uni.edu.vn
2019116302,Lê Thị Dũng,sv016302@uni.edu.vn
2020116303,Phạm Thị Dũng,sv016303@uni.edu.vn
2021116304,Hoàng Thị Dũng,sv016304@uni.edu.vn
2022116305,Vũ Thị Dũng,sv016305@uni.edu.vn
2023116306,Đặng Thị Dũng,sv016306@uni.edu.vn
2024116307,Bùi Thị Dũng,sv016307@uni.edu.vn
2019116308,Đỗ Thị Dũng,sv016308@uni.edu.vn
2020116309,Hồ Thị Dũng,sv016309@uni.edu.vn
2021116310,Nguyễn Văn Dũng,sv016310@uni.edu.vn
2022116311,Trần Văn Dũng,sv016311@uni.edu.vn
2023116312,Lê Văn Dũng,sv016312@uni.edu.vn
2024116313,Phạm Văn Dũng,sv016313@uni.edu.vn
2019116314,Hoàng Văn Dũng,sv016314@uni.edu.vn
2020116315,Vũ Văn Dũng,sv016315@uni.edu.vn
2021116316,Đặng Văn Dũng,sv016316@uni.edu.vn
2022116317,Bùi Văn Dũng,sv016317@uni.edu.vn
2023116318,Đỗ Văn Dũng,sv016318@uni.edu.vn
2024116319,Hồ Văn Dũng,sv016319@uni.edu.vn
2019116320,Nguyễn Minh Dũng,sv016320@uni.edu.vn
2020116321,Trần Minh Dũng,sv016321@uni.edu.vn
2021116322,Lê Minh Dũng,sv016322@uni.edu.vn
2022116323,Phạm Minh Dũng,sv016323@uni.edu.vn
2023116324,Hoàng Minh Dũng,sv016324@uni.edu.vn
2024116325,Vũ Minh Dũng,sv016325@uni.edu.vn
2019116326,Đặng Minh Dũng,sv016326@uni.edu.vn
2020116327,Bùi Minh Dũng,sv016327@uni.edu.vn
2021116328,Đỗ Minh Dũng,sv016328@uni.edu.vn
2022116329,Hồ Minh Dũng,sv016329@uni.edu.vn
2023116330,Nguyễn Quốc Dũng,sv016330@uni.edu.vn
2024116331,Trần Quốc Dũng,sv016331@uni.edu.vn
2019116332,Lê Quốc Dũng,sv016332@uni.edu.vn
2020116333,Phạm Quốc Dũng,sv016333@uni.edu.vn
2021116334,Hoàng Quốc Dũng,sv016334@uni.edu.vn
2022116335,Vũ Quốc Dũng,sv016335@uni.edu.vn
2023116336,Đặng Quốc Dũng,sv016336@uni.edu.vn
2024116337,Bùi Quốc Dũng,sv016337@uni.edu.vn
2019116338,Đỗ Quốc Dũng,sv016338@uni.edu.vn
2020116339,Hồ Quốc Dũng,sv016339@uni.edu.vn
2021116340,Nguyễn Anh Dũng,sv016340@uni.edu.vn
2022116341,Trần Anh Dũng,sv016341@uni.edu.vn
2023116342,Lê Anh Dũng,sv016342@uni.edu.vn
2024116343,Phạm Anh Dũng,sv016343@uni.edu.vn
2019116344,Hoàng Anh Dũng,sv016344@uni.edu.vn
2020116345,Vũ Anh Dũng,sv016345@uni.edu.vn
2021116346,Đặng Anh Dũng,sv016346@uni.edu.vn
2022116347,Bùi Anh Dũng,sv016347@uni.edu.vn
2023116348,Đỗ Anh Dũng,sv016348@uni.edu.vn
2024116349,Hồ Anh Dũng,sv016349@uni.edu.vn
2019116350,Nguyễn Tuấn Dũng,sv016350@uni.edu.vn
2020116351,Trần Tuấn Dũng,sv016351@uni.edu.vn
2021116352,Lê Tuấn Dũng,sv016352@uni.edu.vn
2022116353,Phạm Tuấn Dũng,sv016353@uni.edu.vn
2023116354,Hoàng Tuấn Dũng,sv016354@uni.edu.vn
2024116355,Vũ Tuấn Dũng,sv016355@uni.edu.vn
2019116356,Đặng Tuấn Dũng,sv016356@uni.edu.vn
2020116357,Bùi Tuấn Dũng,sv016357@uni.edu.vn
2021116358,Đỗ Tuấn Dũng,sv016358@uni.edu.vn
2022116359,Hồ Tuấn Dũng,sv016359@uni.edu.vn
2023116360,Nguyễn Hữu Dũng,sv016360@uni.edu.vn
2024116361,Trần Hữu Dũng,sv016361@uni.edu.vn
2019116362,Lê Hữu Dũng,sv016362@uni.edu.vn
2020116363,Phạm Hữu Dũng,sv016363@uni.edu.vn
2021116364,Hoàng Hữu Dũng,sv016364@uni.edu.vn
2022116365,Vũ Hữu Dũng,sv016365@uni.edu.vn
2023116366,Đặng Hữu Dũng,sv016366@uni.edu.vn
2024116367,Bùi Hữu Dũng,sv016367@uni.edu.vn
2019116368,Đỗ Hữu Dũng,sv016368@uni.edu.vn
2020116369,Hồ Hữu Dũng,sv016369@uni.edu.vn
2021116370,Nguyễn Thành Dũng,sv016370@uni.edu.vn
2022116371,Trần Thành Dũng,sv016371@uni.edu.vn
2023116372,Lê Thành Dũng,sv016372@uni.edu.vn
2024116373,Phạm Thành Dũng,sv016373@uni.edu.vn
2019116374,Hoàng Thành Dũng,sv016374@uni.edu.vn
2020116375,Vũ Thành Dũng,sv016375@uni.edu.vn
2021116376,Đặng Thành Dũng,sv016376@uni.edu.vn
2022116377,Bùi Thành Dũng,sv016377@uni.edu.vn
2023116378,Đỗ Thành Dũng,sv016378@uni.edu.vn
2024116379,Hồ Thành Dũng,sv016379@uni.edu.vn
2019116380,Nguyễn Ngọc Dũng,sv016380@uni.edu.vn
2020116381,Trần Ngọc Dũng,sv016381@uni.edu.vn
2021116382,Lê Ngọc Dũng,sv016382@uni.edu.vn
2022116383,Phạm Ngọc Dũng,sv016383@uni.edu.vn
2023116384,Hoàng Ngọc Dũng,sv016384@uni.edu.vn
2024116385,Vũ Ngọc Dũng,sv016385@uni.edu.vn
2019116386,Đặng Ngọc Dũng,sv016386@uni.edu.vn
2020116387,Bùi Ngọc Dũng,sv016387@uni.edu.vn
2021116388,Đỗ Ngọc Dũng,sv016388@uni.edu.vn
2022116389,Hồ Ngọc Dũng,sv016389@uni.edu.vn
2023116390,Nguyễn Dũng,sv016390@uni.edu.vn
2024116391,Trần Dũng,sv016391@uni.edu.vn
2019116392,Lê Dũng,sv016392@uni.edu.vn
2020116393,Phạm Dũng,sv016393@uni.edu.vn
2021116394,Hoàng Dũng,sv016394@uni.edu.vn
2022116395,Vũ Dũng,sv016395@uni.edu.vn
2023116396,Đặng Dũng,sv016396@uni.edu.vn
2024116397,Bùi Dũng,sv016397@uni.edu.vn
2019116398,Đỗ Dũng,sv016398@uni.edu.vn
2020116399,Hồ Dũng,sv016399@uni.edu.vn
2021116400,Nguyễn Thị Giang,sv016400@uni.edu.vn
2022116401,Trần Thị Giang,sv016401@uni.edu.vn
2023116402,Lê Thị Giang,sv016402@uni.edu.vn
2024116403,Phạm Thị Giang,sv016403@uni.edu.vn
2019116404,Hoàng Thị Giang,sv016404@uni.edu.vn
2020116405,Vũ Thị Giang,sv016405@uni.edu.vn
2021116406,Đặng Thị Giang,sv016406@uni.edu.vn
2022116407,Bùi Thị Giang,sv016407@uni.edu.vn
2023116408,Đỗ Thị Giang,sv016408@uni.edu.vn
2024116409,Hồ Thị Giang,sv016409@uni.edu.vn
2019116410,Nguyễn Văn Giang,sv016410@uni.edu.vn
2020116411,Trần Văn Giang,sv016411@uni.edu.vn
2021116412,Lê Văn Giang,sv016412@uni.edu.vn
2022116413,Phạm Văn Giang,sv016413@uni.edu.vn
2023116414,Hoàng Văn Giang,sv016414@uni.edu.vn
2024116415,Vũ Văn Giang,sv016415@uni.edu.vn
2019116416,Đặng Văn Giang,sv016416@uni.edu.vn
2020116417,Bùi Văn Giang,sv016417@uni.edu.vn
2021116418,Đỗ Văn Giang,sv016418@uni.edu.vn
2022116419,Hồ Văn Giang,sv016419@uni.edu.vn
2023116420,Nguyễn Minh Giang,sv016420@uni.edu.vn
2024116421,Trần Minh Giang,sv016421@uni.edu.vn
2019116422,Lê Minh Giang,sv016422@uni.edu.vn
2020116423,Phạm Minh Giang,sv016423@uni.edu.vn
2021116424,Hoàng Minh Giang,sv016424@uni.edu.vn
2022116425,Vũ Minh Giang,sv016425@uni.edu.vn
2023116426,Đặng Minh Giang,sv016426@uni.edu.vn
2024116427,Bùi Minh Giang,sv016427@uni.edu.vn
2019116428,Đỗ Minh Giang,sv016428@uni.edu.vn
2020116429,Hồ Minh Giang,sv016429@uni.edu.vn
2021116430,Nguyễn Quốc Giang,sv016430@uni.edu.vn
2022116431,Trần Quốc Giang,sv016431@uni.edu.vn
2023116432,Lê Quốc Giang,sv016432@uni.edu.vn
2024116433,Phạm Quốc Giang,sv016433@uni.edu.vn
2019116434,Hoàng Quốc Giang,sv016434@uni.edu.vn
2020116435,Vũ Quốc Giang,sv016435@uni.edu.vn
2021116436,Đặng Quốc Giang,sv016436@uni.edu.vn
2022116437,Bùi Quốc Giang,sv016437@uni.edu.vn
2023116438,Đỗ Quốc Giang,sv016438@uni.edu.vn
2024116439,Hồ Quốc Giang,sv016439@uni.edu.vn
2019116440,Nguyễn Anh Giang,sv016440@uni.edu.vn
2020116441,Trần Anh Giang,sv016441@uni.edu.vn
2021116442,Lê Anh Giang,sv016442@uni.edu.vn
2022116443,Phạm Anh Giang,sv016443@uni.edu.vn
2023116444,Hoàng Anh Giang,sv016444@uni.edu.vn
2024116445,Vũ Anh Giang,sv016445@uni.edu.vn
2019116446,Đặng Anh Giang,sv016446@uni.edu.vn
2020116447,Bùi Anh Giang,sv016447@uni.edu.vn
2021116448,Đỗ Anh Giang,sv016448@uni.edu.vn
2022116449,Hồ Anh Giang,sv016449@uni.edu.vn
2023116450,Nguyễn Tuấn Giang,sv016450@uni.edu.vn
2024116451,Trần Tuấn Giang,sv016451@uni.edu.vn
2019116452,Lê Tuấn Giang,sv016452@uni.edu.vn
2020116453,Phạm Tuấn Giang,sv016453@uni.edu.vn
2021116454,Hoàng Tuấn Giang,sv016454@uni.edu.vn
2022116455,Vũ Tuấn Giang,sv016455@uni.edu.vn
2023116456,Đặng Tuấn Giang,sv016456@uni.edu.vn
2024116457,Bùi Tuấn Giang,sv016457@uni.edu.vn
2019116458,Đỗ Tuấn Giang,sv016458@uni.edu.vn
2020116459,Hồ Tuấn Giang,sv016459@uni.edu.vn
2021116460,Nguyễn Hữu Giang,sv016460@uni.edu.vn
2022116461,Trần Hữu Giang,sv016461@uni.edu.vn
2023116462,Lê Hữu Giang,sv016462@uni.edu.vn
2024116463,Phạm Hữu Giang,sv016463@uni.edu.vn
2019116464,Hoàng Hữu Giang,sv016464@uni.edu.vn
2020116465,Vũ Hữu Giang,sv016465@uni.edu.vn
2021116466,Đặng Hữu Giang,sv016466@uni.edu.vn
2022116467,Bùi Hữu Giang,sv016467@uni.edu.vn
2023116468,Đỗ Hữu Giang,sv016468@uni.edu.vn
2024116469,Hồ Hữu Giang,sv016469@uni.edu.vn
2019116470,Nguyễn Thành Giang,sv016470@uni.edu.vn
2020116471,Trần Thành Giang,sv016471@uni.edu.vn
2021116472,Lê Thành Giang,sv016472@uni.edu.vn
2022116473,Phạm Thành Giang,sv016473@uni.edu.vn
2023116474,Hoàng Thành Giang,sv016474@uni.edu.vn
2024116475,Vũ Thành Giang,sv016475@uni.edu.vn
2019116476,Đặng Thành Giang,sv016476@uni.edu.vn
2020116477,Bùi Thành Giang,sv016477@uni.edu.vn
2021116478,Đỗ Thành Giang,sv016478@uni.edu.vn
2022116479,Hồ Thành Giang,sv016479@uni.edu.vn
2023116480,Nguyễn Ngọc Giang,sv016480@uni.edu.vn
2024116481,Trần Ngọc Giang,sv016481@uni.edu.vn
2019116482,Lê Ngọc Giang,sv016482@uni.edu.vn
2020116483,Phạm Ngọc Giang,sv016483@uni.edu.vn
2021116484,Hoàng Ngọc Giang,sv016484@uni.edu.vn
2022116485,Vũ Ngọc Giang,sv016485@uni.edu.vn
2023116486,Đặng Ngọc Giang,sv016486@uni.edu.vn
2024116487,Bùi Ngọc Giang,sv016487@uni.edu.vn
2019116488,Đỗ Ngọc Giang,sv016488@uni.edu.vn
2020116489,Hồ Ngọc Giang,sv016489@uni.edu.vn
2021116490,Nguyễn Giang,sv016490@uni.edu.vn
2022116491,Trần Giang,sv016491@uni.edu.vn
2023116492,Lê Giang,sv016492@uni.edu.vn
2024116493,Phạm Giang,sv016493@uni.edu.vn
2019116494,Hoàng Giang,sv016494@uni.edu.vn
2020116495,Vũ Giang,sv016495@uni.edu.vn
2021116496,Đặng Giang,sv016496@uni.edu.vn
2022116497,Bùi Giang,sv016497@uni.edu.vn
2023116498,Đỗ Giang,sv016498@uni.edu.vn
2024116499,Hồ Giang,sv016499@uni.edu.vn
2019116500,Nguyễn Thị Hà,sv016500@uni.edu.vn
2020116501,Trần Thị Hà,sv016501@uni.edu.vn
2021116502,Lê Thị Hà,sv016502@uni.edu.vn
2022116503,Phạm Thị Hà,sv016503@uni.edu.vn
2023116504,Hoàng Thị Hà,sv016504@uni.edu.vn
2024116505,Vũ Thị Hà,sv016505@uni.edu.vn
2019116506,Đặng Thị Hà,sv016506@uni.edu.vn
2020116507,Bùi Thị Hà,sv016507@uni.edu.vn
2021116508,Đỗ Thị Hà,sv016508@uni.edu.vn
2022116509,Hồ Thị Hà,sv016509@uni.edu.vn
2023116510,Nguyễn Văn Hà,sv016510@uni.edu.vn
2024116511,Trần Văn Hà,sv016511@uni.edu.vn
2019116512,Lê Văn Hà,sv016512@uni.edu.vn
2020116513,Phạm Văn Hà,sv016513@uni.edu.vn
2021116514,Hoàng Văn Hà,sv016514@uni.edu.vn
2022116515,Vũ Văn Hà,sv016515@uni.edu.vn
2023116516,Đặng Văn Hà,sv016516@uni.edu.vn
2024116517,Bùi Văn Hà,sv016517@uni.edu.vn
2019116518,Đỗ Văn Hà,sv016518@uni.edu.vn
2020116519,Hồ Văn Hà,sv016519@uni.edu.vn
2021116520,Nguyễn Minh Hà,sv016520@uni.edu.vn
2022116521,Trần Minh Hà,sv016521@uni.edu.vn
2023116522,Lê Minh Hà,sv016522@uni.edu.vn
2024116523,Phạm Minh Hà,sv016523@uni.edu.vn
2019116524,Hoàng Minh Hà,sv016524@uni.edu.vn
2020116525,Vũ Minh Hà,sv016525@uni.edu.vn
2021116526,Đặng Minh Hà,sv016526@uni.edu.vn
2022116527,Bùi Minh Hà,sv016527@uni.edu.vn
2023116528,Đỗ Minh Hà,sv016528@uni.edu.vn
2024116529,Hồ Minh Hà,sv016529@uni.edu.vn
2019116530,Nguyễn Quốc Hà,sv016530@uni.edu.vn
2020116531,Trần Quốc Hà,sv016531@uni.edu.vn
2021116532,Lê Quốc Hà,sv016532@uni.edu.vn
2022116533,Phạm Quốc Hà,sv016533@uni.edu.vn
2023116534,Hoàng Quốc Hà,sv016534@uni.edu.vn
2024116535,Vũ Quốc Hà,sv016535@uni.edu.vn
2019116536,Đặng Quốc Hà,sv016536@uni.edu.vn
2020116537,Bùi Quốc Hà,sv016537@uni.edu.vn
2021116538,Đỗ Quốc Hà,sv016538@uni.edu.vn
2022116539,Hồ Quốc Hà,sv016539@uni.edu.vn
2023116540,Nguyễn Anh Hà,sv016540@uni.edu.vn
2024116541,Trần Anh Hà,sv016541@uni.edu.vn
2019116542,Lê Anh Hà,sv016542@uni.edu.vn
2020116543,Phạm Anh Hà,sv016543@uni.edu.vn
2021116544,Hoàng Anh Hà,sv016544@uni.edu.vn
2022116545,Vũ Anh Hà,sv016545@uni.edu.vn
2023116546,Đặng Anh Hà,sv016546@uni.edu.vn
2024116547,Bùi Anh Hà,sv016547@uni.edu.vn
2019116548,Đỗ Anh Hà,sv016548@uni.edu.vn
2020116549,Hồ Anh Hà,sv016549@uni.edu.vn
2021116550,Nguyễn Tuấn Hà,sv016550@uni.edu.vn
2022116551,Trần Tuấn Hà,sv016551@uni.edu.vn
2023116552,Lê Tuấn Hà,sv016552@uni.edu.vn
2024116553,Phạm Tuấn Hà,sv016553@uni.edu.vn
2019116554,Hoàng Tuấn Hà,sv016554@uni.edu.vn
2020116555,Vũ Tuấn Hà,sv016555@uni.edu.vn
2021116556,Đặng Tuấn Hà,sv016556@uni.edu.vn
2022116557,Bùi Tuấn Hà,sv016557@uni.edu.vn
2023116558,Đỗ Tuấn Hà,sv016558@uni.edu.vn
2024116559,Hồ Tuấn Hà,sv016559@uni.edu.vn
2019116560,Nguyễn Hữu Hà,sv016560@uni.edu.vn
2020116561,Trần Hữu Hà,sv016561@uni.edu.vn
2021116562,Lê Hữu Hà,sv016562@uni.edu.vn
2022116563,Phạm Hữu Hà,sv016563@uni.edu.vn
2023116564,Hoàng Hữu Hà,sv016564@uni.edu.vn
2024116565,Vũ Hữu Hà,sv016565@uni.edu.vn
2019116566,Đặng Hữu Hà,sv016566@uni.edu.vn
2020116567,Bùi Hữu Hà,sv016567@uni.edu.vn
2021116568,Đỗ Hữu Hà,sv016568@uni.edu.vn
2022116569,Hồ Hữu Hà,sv016569@uni.edu.vn
2023116570,Nguyễn Thành Hà,sv016570@uni.edu.vn
2024116571,Trần Thành Hà,sv016571@uni.edu.vn
2019116572,Lê Thành Hà,sv016572@uni.edu.vn
2020116573,Phạm Thành Hà,sv016573@uni.edu.vn
2021116574,Hoàng Thành Hà,sv016574@uni.edu.vn
2022116575,Vũ Thành Hà,sv016575@uni.edu.vn
2023116576,Đặng Thành Hà,sv016576@uni.edu.vn
2024116577,Bùi Thành Hà,sv016577@uni.edu.vn
2019116578,Đỗ Thành Hà,sv016578@uni.edu.vn
2020116579,Hồ Thành Hà,sv016579@uni.edu.vn
2021116580,Nguyễn Ngọc Hà,sv016580@uni.edu.vn
2022116581,Trần Ngọc Hà,sv016581@uni.edu.vn
2023116582,Lê Ngọc Hà,sv016582@uni.edu.vn
2024116583,Phạm Ngọc Hà,sv016583@uni.edu.vn
2019116584,Hoàng Ngọc Hà,sv016584@uni.edu.vn
2020116585,Vũ Ngọc Hà,sv016585@uni.edu.vn
2021116586,Đặng Ngọc Hà,sv016586@uni.edu.vn
2022116587,Bùi Ngọc Hà,sv016587@uni.edu.vn
2023116588,Đỗ Ngọc Hà,sv016588@uni.edu.vn
2024116589,Hồ Ngọc Hà,sv016589@uni.edu.vn
2019116590,Nguyễn Hà,sv016590@uni.edu.vn
2020116591,Trần Hà,sv016591@uni.edu.vn
2021116592,Lê Hà,sv016592@uni.edu.vn
2022116593,Phạm Hà,sv016593@uni.edu.vn
2023116594,Hoàng Hà,sv016594@uni.edu.vn
2024116595,Vũ Hà,sv016595@uni.edu.vn
2019116596,Đặng Hà,sv016596@uni.edu.vn
2020116597,Bùi Hà,sv016597@uni.edu.vn
2021116598,Đỗ Hà,sv016598@uni.edu.vn
2022116599,Hồ Hà,sv016599@uni.edu.vn
2023116600,Nguyễn Thị Hùng,sv016600@uni.edu.vn
2024116601,Trần Thị Hùng,sv016601@uni.edu.vn
2019116602,Lê Thị Hùng,sv016602@uni.edu.vn
2020116603,Phạm Thị Hùng,sv016603@uni.edu.vn
2021116604,Hoàng Thị Hùng,sv016604@uni.edu.vn
2022116605,Vũ Thị Hùng,sv016605@uni.edu.vn
2023116606,Đặng Thị Hùng,sv016606@uni.edu.vn
2024116607,Bùi Thị Hùng,sv016607@uni.edu.vn
2019116608,Đỗ Thị Hùng,sv016608@uni.edu.vn
2020116609,Hồ Thị Hùng,sv016609@uni.edu.vn
2021116610,Nguyễn Văn Hùng,sv016610@uni.edu.vn
2022116611,Trần Văn Hùng,sv016611@uni.edu.vn
2023116612,Lê Văn Hùng,sv016612@uni.edu.vn
2024116613,Phạm Văn Hùng,sv016613@uni.edu.vn
2019116614,Hoàng Văn Hùng,sv016614@uni.edu.vn
2020116615,Vũ Văn Hùng,sv016615@uni.edu.vn
2021116616,Đặng Văn Hùng,sv016616@uni.edu.vn
2022116617,Bùi Văn Hùng,sv016617@uni.edu.vn
2023116618,Đỗ Văn Hùng,sv016618@uni.edu.vn
2024116619,Hồ Văn Hùng,sv016619@uni.edu.vn
2019116620,Nguyễn Minh Hùng,sv016620@uni.edu.vn
2020116621,Trần Minh Hùng,sv016621@uni.edu.vn
2021116622,Lê Minh Hùng,sv016622@uni.edu.vn
2022116623,Phạm Minh Hùng,sv016623@uni.edu.vn
2023116624,Hoàng Minh Hùng,sv016624@uni.edu.vn
2024116625,Vũ Minh Hùng,sv016625@uni.edu.vn
2019116626,Đặng Minh Hùng,sv016626@uni.edu.vn
2020116627,Bùi Minh Hùng,sv016627@uni.edu.vn
2021116628,Đỗ Minh Hùng,sv016628@uni.edu.vn
2022116629,Hồ Minh Hùng,sv016629@uni.edu.vn
2023116630,Nguyễn Quốc Hùng,sv016630@uni.edu.vn
2024116631,Trần Quốc Hùng,sv016631@uni.edu.vn
2019116632,Lê Quốc Hùng,sv016632@uni.edu.vn
2020116633,Phạm Quốc Hùng,sv016633@uni.edu.vn
2021116634,Hoàng Quốc Hùng,sv016634@uni.edu.vn
2022116635,Vũ Quốc Hùng,sv016635@uni.edu.vn
2023116636,Đặng Quốc Hùng,sv016636@uni.edu.vn
2024116637,Bùi Quốc Hùng,sv016637@uni.edu.vn
2019116638,Đỗ Quốc Hùng,sv016638@uni.edu.vn
2020116639,Hồ Quốc Hùng,sv016639@uni.edu.vn
2021116640,Nguyễn Anh Hùng,sv016640@uni.edu.vn
2022116641,Trần Anh Hùng,sv016641@uni.edu.vn
2023116642,Lê Anh Hùng,sv016642@uni.edu.vn
2024116643,Phạm Anh Hùng,sv016643@uni.edu.vn
2019116644,Hoàng Anh Hùng,sv016644@uni.edu.vn
2020116645,Vũ Anh Hùng,sv016645@uni.edu.vn
2021116646,Đặng Anh Hùng,sv016646@uni.edu.vn
2022116647,Bùi Anh Hùng,sv016647@uni.edu.vn
2023116648,Đỗ Anh Hùng,sv016648@uni.edu.vn
2024116649,Hồ Anh Hùng,sv016649@uni.edu.vn
2019116650,Nguyễn Tuấn Hùng,sv016650@uni.edu.vn
2020116651,Trần Tuấn Hùng,sv016651@uni.edu.vn
2021116652,Lê Tuấn Hùng,sv016652@uni.edu.vn
2022116653,Phạm Tuấn Hùng,sv016653@uni.edu.vn
2023116654,Hoàng Tuấn Hùng,sv016654@uni.edu.vn
2024116655,Vũ Tuấn Hùng,sv016655@uni.edu.vn
2019116656,Đặng Tuấn Hùng,sv016656@uni.edu.vn
2020116657,Bùi Tuấn Hùng,sv016657@uni.edu.vn
2021116658,Đỗ Tuấn Hùng,sv016658@uni.edu.vn
2022116659,Hồ Tuấn Hùng,sv016659@uni.edu.vn
2023116660,Nguyễn Hữu Hùng,sv016660@uni.edu.vn
2024116661,Trần Hữu Hùng,sv016661@uni.edu.vn
2019116662,Lê Hữu Hùng,sv016662@uni.edu.vn
2020116663,Phạm Hữu Hùng,sv016663@uni.edu.vn
2021116664,Hoàng Hữu Hùng,sv016664@uni.edu.vn
2022116665,Vũ Hữu Hùng,sv016665@uni.edu.vn
2023116666,Đặng Hữu Hùng,sv016666@uni.edu.vn
2024116667,Bùi Hữu Hùng,sv016667@uni.edu.vn
2019116668,Đỗ Hữu Hùng,sv016668@uni.edu.vn
2020116669,Hồ Hữu Hùng,sv016669@uni.edu.vn
2021116670,Nguyễn Thành Hùng,sv016670@uni.edu.vn
2022116671,Trần Thành Hùng,sv016671@uni.edu.vn
2023116672,Lê Thành Hùng,sv016672@uni.edu.vn
2024116673,Phạm Thành Hùng,sv016673@uni.edu.vn
2019116674,Hoàng Thành Hùng,sv016674@uni.edu.vn
2020116675,Vũ Thành Hùng,sv016675@uni.edu.vn
2021116676,Đặng Thành Hùng,sv016676@uni.edu.vn
2022116677,Bùi Thành Hùng,sv016677@uni.edu.vn
2023116678,Đỗ Thành Hùng,sv016678@uni.edu.vn
2024116679,Hồ Thành Hùng,sv016679@uni.edu.vn
2019116680,Nguyễn Ngọc Hùng,sv016680@uni.edu.vn
2020116681,Trần Ngọc Hùng,sv016681@uni.edu.vn
2021116682,Lê Ngọc Hùng,sv016682@uni.edu.vn
2022116683,Phạm Ngọc Hùng,sv016683@uni.edu.vn
2023116684,Hoàng Ngọc Hùng,sv016684@uni.edu.vn
2024116685,Vũ Ngọc Hùng,sv016685@uni.edu.vn
2019116686,Đặng Ngọc Hùng,sv016686@uni.edu.vn
2020116687,Bùi Ngọc Hùng,sv016687@uni.edu.vn
2021116688,Đỗ Ngọc Hùng,sv016688@uni.edu.vn
2022116689,Hồ Ngọc Hùng,sv016689@uni.edu.vn
2023116690,Nguyễn Hùng,sv016690@uni.edu.vn
2024116691,Trần Hùng,sv016691@uni.edu.vn
2019116692,Lê Hùng,sv016692@uni.edu.vn
2020116693,Phạm Hùng,sv016693@uni.edu.vn
2021116694,Hoàng Hùng,sv016694@uni.edu.vn
2022116695,Vũ Hùng,sv016695@uni.edu.vn
2023116696,Đặng Hùng,sv016696@uni.edu.vn
2024116697,Bùi Hùng,sv016697@uni.edu.vn
2019116698,Đỗ Hùng,sv016698@uni.edu.vn
2020116699,Hồ Hùng,sv016699@uni.edu.vn
2021116700,Nguyễn Thị Khoa,sv016700@uni.edu.vn
2022116701,Trần Thị Khoa,sv016701@uni.edu.vn
2023116702,Lê Thị Khoa,sv016702@uni.edu.vn
2024116703,Phạm Thị Khoa,sv016703@uni.edu.vn
2019116704,Hoàng Thị Khoa,sv016704@uni.edu.vn
2020116705,Vũ Thị Khoa,sv016705@uni.edu.vn
2021116706,Đặng Thị Khoa,sv016706@uni.edu.vn
2022116707,Bùi Thị Khoa,sv016707@uni.edu.vn
2023116708,Đỗ Thị Khoa,sv016708@uni.edu.vn
2024116709,Hồ Thị Khoa,sv016709@uni.edu.vn
2019116710,Nguyễn Văn Khoa,sv016710@uni.edu.vn
2020116711,Trần Văn Khoa,sv016711@uni.edu.vn
2021116712,Lê Văn Khoa,sv016712@uni.edu.vn
2022116713,Phạm Văn Khoa,sv016713@uni.edu.vn
2023116714,Hoàng Văn Khoa,sv016714@uni.edu.vn
2024116715,Vũ Văn Khoa,sv016715@uni.edu.vn
2019116716,Đặng Văn Khoa,sv016716@uni.edu.vn
2020116717,Bùi Văn Khoa,sv016717@uni.edu.vn
2021116718,Đỗ Văn Khoa,sv016718@uni.edu.vn
2022116719,Hồ Văn Khoa,sv016719@uni.edu.vn
2023116720,Nguyễn Minh Khoa,sv016720@uni.edu.vn
2024116721,Trần Minh Khoa,sv016721@uni.edu.vn
2019116722,Lê Minh Khoa,sv016722@uni.edu.vn
2020116723,Phạm Minh Khoa,sv016723@uni.edu.vn
2021116724,Hoàng Minh Khoa,sv016724@uni.edu.vn
2022116725,Vũ Minh Khoa,sv016725@uni.edu.vn
2023116726,Đặng Minh Khoa,sv016726@uni.edu.vn
2024116727,Bùi Minh Khoa,sv016727@uni.edu.vn
2019116728,Đỗ Minh Khoa,sv016728@uni.edu.vn
2020116729,Hồ Minh Khoa,sv016729@uni.edu.vn
2021116730,Nguyễn Quốc Khoa,sv016730@uni.edu.vn
2022116731,Trần Quốc Khoa,sv016731@uni.edu.vn
2023116732,Lê Quốc Khoa,sv016732@uni.edu.vn
2024116733,Phạm Quốc Khoa,sv016733@uni.edu.vn
2019116734,Hoàng Quốc Khoa,sv016734@uni.edu.vn
2020116735,Vũ Quốc Khoa,sv016735@uni.edu.vn
2021116736,Đặng Quốc Khoa,sv016736@uni.edu.vn
2022116737,Bùi Quốc Khoa,sv016737@uni.edu.vn
2023116738,Đỗ Quốc Khoa,sv016738@uni.edu.vn
2024116739,Hồ Quốc Khoa,sv016739@uni.edu.vn
2019116740,Nguyễn Anh Khoa,sv016740@uni.edu.vn
2020116741,Trần Anh Khoa,sv016741@uni.edu.vn
2021116742,Lê Anh Khoa,sv016742@uni.edu.vn
2022116743,Phạm Anh Khoa,sv016743@uni.edu.vn
2023116744,Hoàng Anh Khoa,sv016744@uni.edu.vn
2024116745,Vũ Anh Khoa,sv016745@uni.edu.vn
2019116746,Đặng Anh Khoa,sv016746@uni.edu.vn
2020116747,Bùi Anh Khoa,sv016747@uni.edu.vn
2021116748,Đỗ Anh Khoa,sv016748@uni.edu.vn
2022116749,Hồ Anh Khoa,sv016749@uni.edu.vn
2023116750,Nguyễn Tuấn Khoa,sv016750@uni.edu.vn
2024116751,Trần Tuấn Khoa,sv016751@uni.edu.vn
2019116752,Lê Tuấn Khoa,sv016752@uni.edu.vn
2020116753,Phạm Tuấn Khoa,sv016753@uni.edu.vn
2021116754,Hoàng Tuấn Khoa,sv016754@uni.edu.vn
2022116755,Vũ Tuấn Khoa,sv016755@uni.edu.vn
2023116756,Đặng Tuấn Khoa,sv016756@uni.edu.vn
2024116757,Bùi Tuấn Khoa,sv016757@uni.edu.vn
2019116758,Đỗ Tuấn Khoa,sv016758@uni.edu.vn
2020116759,Hồ Tuấn Khoa,sv016759@uni.edu.vn
2021116760,Nguyễn Hữu Khoa,sv016760@uni.edu.vn
2022116761,Trần Hữu Khoa,sv016761@uni.edu.vn
2023116762,Lê Hữu Khoa,sv016762@uni.edu.vn
2024116763,Phạm Hữu Khoa,sv016763@uni.edu.vn
2019116764,Hoàng Hữu Khoa,sv016764@uni.edu.vn
2020116765,Vũ Hữu Khoa,sv016765@uni.edu.vn
2021116766,Đặng Hữu Khoa,sv016766@uni.edu.vn
2022116767,Bùi Hữu Khoa,sv016767@uni.edu.vn
2023116768,Đỗ Hữu Khoa,sv016768@uni.edu.vn
2024116769,Hồ Hữu Khoa,sv016769@uni.edu.vn
2019116770,Nguyễn Thành Khoa,sv016770@uni.edu.vn
2020116771,Trần Thành Khoa,sv016771@uni.edu.vn
2021116772,Lê Thành Khoa,sv016772@uni.edu.vn
2022116773,Phạm Thành Khoa,sv016773@uni.edu.vn
2023116774,Hoàng Thành Khoa,sv016774@uni.edu.vn
2024116775,Vũ Thành Khoa,sv016775@uni.edu.vn
2019116776,Đặng Thành Khoa,sv016776@uni.edu.vn
2020116777,Bùi Thành Khoa,sv016777@uni.edu.vn
2021116778,Đỗ Thành Khoa,sv016778@uni.edu.vn
2022116779,Hồ Thành Khoa,sv016779@uni.edu.vn
2023116780,Nguyễn Ngọc Khoa,sv016780@uni.edu.vn
2024116781,Trần Ngọc Khoa,sv016781@uni.edu.vn
2019116782,Lê Ngọc Khoa,sv016782@uni.edu.vn
2020116783,Phạm Ngọc Khoa,sv016783@uni.edu.vn
2021116784,Hoàng Ngọc Khoa,sv016784@uni.edu.vn
2022116785,Vũ Ngọc Khoa,sv016785@uni.edu.vn
2023116786,Đặng Ngọc Khoa,sv016786@uni.edu.vn
2024116787,Bùi Ngọc Khoa,sv016787@uni.edu.vn
2019116788,Đỗ Ngọc Khoa,sv016788@uni.edu.vn
2020116789,Hồ Ngọc Khoa,sv016789@uni.edu.vn
2021116790,Nguyễn Khoa,sv016790@uni.edu.vn
2022116791,Trần Khoa,sv016791@uni.edu.vn
2023116792,Lê Khoa,sv016792@uni.edu.vn
2024116793,Phạm Khoa,sv016793@uni.edu.vn
2019116794,Hoàng Khoa,sv016794@uni.edu.vn
2020116795,Vũ Khoa,sv016795@uni.edu.vn
2021116796,Đặng Khoa,sv016796@uni.edu.vn
2022116797,Bùi Khoa,sv016797@uni.edu.vn
2023116798,Đỗ Khoa,sv016798@uni.edu.vn
2024116799,Hồ Khoa,sv016799@uni.edu.vn
2019116800,Nguyễn Thị Lan,sv016800@uni.edu.vn
2020116801,Trần Thị Lan,sv016801@uni.edu.vn
2021116802,Lê Thị Lan,sv016802@uni.edu.vn
2022116803,Phạm Thị Lan,sv016803@uni.edu.vn
2023116804,Hoàng Thị Lan,sv016804@uni.edu.vn
2024116805,Vũ Thị Lan,sv016805@uni.edu.vn
2019116806,Đặng Thị Lan,sv016806@uni.edu.vn
2020116807,Bùi Thị Lan,sv016807@uni.edu.vn
2021116808,Đỗ Thị Lan,sv016808@uni.edu.vn
2022116809,Hồ Thị Lan,sv016809@uni.edu.vn
2023116810,Nguyễn Văn Lan,sv016810@uni.edu.vn
2024116811,Trần Văn Lan,sv016811@uni.edu.vn
2019116812,Lê Văn Lan,sv016812@uni.edu.vn
2020116813,Phạm Văn Lan,sv016813@uni.edu.vn
2021116814,Hoàng Văn Lan,sv016814@uni.edu.vn
2022116815,Vũ Văn Lan,sv016815@uni.edu.vn
2023116816,Đặng Văn Lan,sv016816@uni.edu.vn
2024116817,Bùi Văn Lan,sv016817@uni.edu.vn
2019116818,Đỗ Văn Lan,sv016818@uni.edu.vn
2020116819,Hồ Văn Lan,sv016819@uni.edu.vn
2021116820,Nguyễn Minh Lan,sv016820@uni.edu.vn
2022116821,Trần Minh Lan,sv016821@uni.edu.vn
2023116822,Lê Minh Lan,sv016822@uni.edu.vn
2024116823,Phạm Minh Lan,sv016823@uni.edu.vn
2019116824,Hoàng Minh Lan,sv016824@uni.edu.vn
2020116825,Vũ Minh Lan,sv016825@uni.edu.vn
2021116826,Đặng Minh Lan,sv016826@uni.edu.vn
2022116827,Bùi Minh Lan,sv016827@uni.edu.vn
2023116828,Đỗ Minh Lan,sv016828@uni.edu.vn
2024116829,Hồ Minh Lan,sv016829@uni.edu.vn
2019116830,Nguyễn Quốc Lan,sv016830@uni.edu.vn
2020116831,Trần Quốc Lan,sv016831@uni.edu.vn
2021116832,Lê Quốc Lan,sv016832@uni.edu.vn
2022116833,Phạm Quốc Lan,sv016833@uni.edu.vn
2023116834,Hoàng Quốc Lan,sv016834@uni.edu.vn
2024116835,Vũ Quốc Lan,sv016835@uni.edu.vn
2019116836,Đặng Quốc Lan,sv016836@uni.edu.vn
2020116837,Bùi Quốc Lan,sv016837@uni.edu.vn
2021116838,Đỗ Quốc Lan,sv016838@uni.edu.vn
2022116839,Hồ Quốc Lan,sv016839@uni.edu.vn
2023116840,Nguyễn Anh Lan,sv016840@uni.edu.vn
2024116841,Trần Anh Lan,sv016841@uni.edu.vn
2019116842,Lê Anh Lan,sv016842@uni.edu.vn
2020116843,Phạm Anh Lan,sv016843@uni.edu.vn
2021116844,Hoàng Anh Lan,sv016844@uni.edu.vn
2022116845,Vũ Anh Lan,sv016845@uni.edu.vn
2023116846,Đặng Anh Lan,sv016846@uni.edu.vn
2024116847,Bùi Anh Lan,sv016847@uni.edu.vn
2019116848,Đỗ Anh Lan,sv016848@uni.edu.vn
2020116849,Hồ Anh Lan,sv016849@uni.edu.vn
2021116850,Nguyễn Tuấn Lan,sv016850@uni.edu.vn
2022116851,Trần Tuấn Lan,sv016851@uni.edu.vn
2023116852,Lê Tuấn Lan,sv016852@uni.edu.vn
2024116853,Phạm Tuấn Lan,sv016853@uni.edu.vn
2019116854,Hoàng Tuấn Lan,sv016854@uni.edu.vn
2020116855,Vũ Tuấn Lan,sv016855@uni.edu.vn
2021116856,Đặng Tuấn Lan,sv016856@uni.edu.vn
2022116857,Bùi Tuấn Lan,sv016857@uni.edu.vn
2023116858,Đỗ Tuấn Lan,sv016858@uni.edu.vn
2024116859,Hồ Tuấn Lan,sv016859@uni.edu.vn
2019116860,Nguyễn Hữu Lan,sv016860@uni.edu.vn
2020116861,Trần Hữu Lan,sv016861@uni.edu.vn
2021116862,Lê Hữu Lan,sv016862@uni.edu.vn
2022116863,Phạm Hữu Lan,sv016863@uni.edu.vn
2023116864,Hoàng Hữu Lan,sv016864@uni.edu.vn
2024116865,Vũ Hữu Lan,sv016865@uni.edu.vn
2019116866,Đặng Hữu Lan,sv016866@uni.edu.vn
2020116867,Bùi Hữu Lan,sv016867@uni.edu.vn
2021116868,Đỗ Hữu Lan,sv016868@uni.edu.vn
2022116869,Hồ Hữu Lan,sv016869@uni.edu.vn
2023116870,Nguyễn Thành Lan,sv016870@uni.edu.vn
2024116871,Trần Thành Lan,sv016871@uni.edu.vn
2019116872,Lê Thành Lan,sv016872@uni.edu.vn
2020116873,Phạm Thành Lan,sv016873@uni.edu.vn
2021116874,Hoàng Thành Lan,sv016874@uni.edu.vn
2022116875,Vũ Thành Lan,sv016875@uni.edu.vn
2023116876,Đặng Thành Lan,sv016876@uni.edu.vn
2024116877,Bùi Thành Lan,sv016877@uni.edu.vn
2019116878,Đỗ Thành Lan,sv016878@uni.edu.vn
2020116879,Hồ Thành Lan,sv016879@uni.edu.vn
2021116880,Nguyễn Ngọc Lan,sv016880@uni.edu.vn
2022116881,Trần Ngọc Lan,sv016881@uni.edu.vn
2023116882,Lê Ngọc Lan,sv016882@uni.edu.vn
2024116883,Phạm Ngọc Lan,sv016883@uni.edu.vn
2019116884,Hoàng Ngọc Lan,sv016884@uni.edu.vn
2020116885,Vũ Ngọc Lan,sv016885@uni.edu.vn
2021116886,Đặng Ngọc Lan,sv016886@uni.edu.vn
2022116887,Bùi Ngọc Lan,sv016887@uni.edu.vn
2023116888,Đỗ Ngọc Lan,sv016888@uni.edu.vn
2024116889,Hồ Ngọc Lan,sv016889@uni.edu.vn
2019116890,Nguyễn Lan,sv016890@uni.edu.vn
2020116891,Trần Lan,sv016891@uni.edu.vn
2021116892,Lê Lan,sv016892@uni.edu.vn
2022116893,Phạm Lan,sv016893@uni.edu.vn
2023116894,Hoàng Lan,sv016894@uni.edu.vn
2024116895,Vũ Lan,sv016895@uni.edu.vn
2019116896,Đặng Lan,sv016896@uni.edu.vn
2020116897,Bùi Lan,sv016897@uni.edu.vn
2021116898,Đỗ Lan,sv016898@uni.edu.vn
2022116899,Hồ Lan,sv016899@uni.edu.vn
2023116900,Nguyễn Thị Linh,sv016900@uni.edu.vn
2024116901,Trần Thị Linh,sv016901@uni.edu.vn
2019116902,Lê Thị Linh,sv016902@uni.edu.vn
2020116903,Phạm Thị Linh,sv016903@uni.edu.vn
2021116904,Hoàng Thị Linh,sv016904@uni.edu.vn
2022116905,Vũ Thị Linh,sv016905@uni.edu.vn
2023116906,Đặng Thị Linh,sv016906@uni.edu.vn
2024116907,Bùi Thị Linh,sv016907@uni.edu.vn
2019116908,Đỗ Thị Linh,sv016908@uni.edu.vn
2020116909,Hồ Thị Linh,sv016909@uni.edu.vn
2021116910,Nguyễn Văn Linh,sv016910@uni.edu.vn
2022116911,Trần Văn Linh,sv016911@uni.edu.vn
2023116912,Lê Văn Linh,sv016912@uni.edu.vn
2024116913,Phạm Văn Linh,sv016913@uni.edu.vn
2019116914,Hoàng Văn Linh,sv016914@uni.edu.vn
2020116915,Vũ Văn Linh,sv016915@uni.edu.vn
2021116916,Đặng Văn Linh,sv016916@uni.edu.vn
2022116917,Bùi Văn Linh,sv016917@uni.edu.vn
2023116918,Đỗ Văn Linh,sv016918@uni.edu.vn
2024116919,Hồ Văn Linh,sv016919@uni.edu.vn
2019116920,Nguyễn Minh Linh,sv016920@uni.edu.vn
2020116921,Trần Minh Linh,sv016921@uni.edu.vn
2021116922,Lê Minh Linh,sv016922@uni.edu.vn
2022116923,Phạm Minh Linh,sv016923@uni.edu.vn
2023116924,Hoàng Minh Linh,sv016924@uni.edu.vn
2024116925,Vũ Minh Linh,sv016925@uni.edu.vn
2019116926,Đặng Minh Linh,sv016926@uni.edu.vn
2020116927,Bùi Minh Linh,sv016927@uni.edu.vn
2021116928,Đỗ Minh Linh,sv016928@uni.edu.vn
2022116929,Hồ Minh Linh,sv016929@uni.edu.vn
2023116930,Nguyễn Quốc Linh,sv016930@uni.edu.vn
2024116931,Trần Quốc Linh,sv016931@uni.edu.vn
2019116932,Lê Quốc Linh,sv016932@uni.edu.vn
2020116933,Phạm Quốc Linh,sv016933@uni.edu.vn
2021116934,Hoàng Quốc Linh,sv016934@uni.edu.vn
2022116935,Vũ Quốc Linh,sv016935@uni.edu.vn
2023116936,Đặng Quốc Linh,sv016936@uni.edu.vn
2024116937,Bùi Quốc Linh,sv016937@uni.edu.vn
2019116938,Đỗ Quốc Linh,sv016938@uni.edu.vn
2020116939,Hồ Quốc Linh,sv016939@uni.edu.vn
2021116940,Nguyễn Anh Linh,sv016940@uni.edu.vn
2022116941,Trần Anh Linh,sv016941@uni.edu.vn
2023116942,Lê Anh Linh,sv016942@uni.edu.vn
2024116943,Phạm Anh Linh,sv016943@uni.edu.vn
2019116944,Hoàng Anh Linh,sv016944@uni.edu.vn
2020116945,Vũ Anh Linh,sv016945@uni.edu.vn
2021116946,Đặng Anh Linh,sv016946@uni.edu.vn
2022116947,Bùi Anh Linh,sv016947@uni.edu.vn
2023116948,Đỗ Anh Linh,sv016948@uni.edu.vn
2024116949,Hồ Anh Linh,sv016949@uni.edu.vn
2019116950,Nguyễn Tuấn Linh,sv016950@uni.edu.vn
2020116951,Trần Tuấn Linh,sv016951@uni.edu.vn
2021116952,Lê Tuấn Linh,sv016952@uni.edu.vn
2022116953,Phạm Tuấn Linh,sv016953@uni.edu.vn
2023116954,Hoàng Tuấn Linh,sv016954@uni.edu.vn
2024116955,Vũ Tuấn Linh,sv016955@uni.edu.vn
2019116956,Đặng Tuấn Linh,sv016956@uni.edu.vn
2020116957,Bùi Tuấn Linh,sv016957@uni.edu.vn
2021116958,Đỗ Tuấn Linh,sv016958@uni.edu.vn
2022116959,Hồ Tuấn Linh,sv016959@uni.edu.vn
2023116960,Nguyễn Hữu Linh,sv016960@uni.edu.vn
2024116961,Trần Hữu Linh,sv016961@uni.edu.vn
2019116962,Lê Hữu Linh,sv016962@uni.edu.vn
2020116963,Phạm Hữu Linh,sv016963@uni.edu.vn
2021116964,Hoàng Hữu Linh,sv016964@uni.edu.vn
2022116965,Vũ Hữu Linh,sv016965@uni.edu.vn
2023116966,Đặng Hữu Linh,sv016966@uni.edu.vn
2024116967,Bùi Hữu Linh,sv016967@uni.edu.vn
2019116968,Đỗ Hữu Linh,sv016968@uni.edu.vn
2020116969,Hồ Hữu Linh,sv016969@uni.edu.vn
2021116970,Nguyễn Thành Linh,sv016970@uni.edu.vn
2022116971,Trần Thành Linh,sv016971@uni.edu.vn
2023116972,Lê Thành Linh,sv016972@uni.edu.vn
2024116973,Phạm Thành Linh,sv016973@uni.edu.vn
2019116974,Hoàng Thành Linh,sv016974@uni.edu.vn
2020116975,Vũ Thành Linh,sv016975@uni.edu.vn
2021116976,Đặng Thành Linh,sv016976@uni.edu.vn
2022116977,Bùi Thành Linh,sv016977@uni.edu.vn
2023116978,Đỗ Thành Linh,sv016978@uni.edu.vn
2024116979,Hồ Thành Linh,sv016979@uni.edu.vn
2019116980,Nguyễn Ngọc Linh,sv016980@uni.edu.vn
2020116981,Trần Ngọc Linh,sv016981@uni.edu.vn
2021116982,Lê Ngọc Linh,sv016982@uni.edu.vn
2022116983,Phạm Ngọc Linh,sv016983@uni.edu.vn
2023116984,Hoàng Ngọc Linh,sv016984@uni.edu.vn
2024116985,Vũ Ngọc Linh,sv016985@uni.edu.vn
2019116986,Đặng Ngọc Linh,sv016986@uni.edu.vn
2020116987,Bùi Ngọc Linh,sv016987@uni.edu.vn
2021116988,Đỗ Ngọc Linh,sv016988@uni.edu.vn
2022116989,Hồ Ngọc Linh,sv016989@uni.edu.vn
2023116990,Nguyễn Linh,sv016990@uni.edu.vn
2024116991,Trần Linh,sv016991@uni.edu.vn
2019116992,Lê Linh,sv016992@uni.edu.vn
2020116993,Phạm Linh,sv016993@uni.edu.vn
2021116994,Hoàng Linh,sv016994@uni.edu.vn
2022116995,Vũ Linh,sv016995@uni.edu.vn
2023116996,Đặng Linh,sv016996@uni.edu.vn
2024116997,Bùi Linh,sv016997@uni.edu.vn
2019116998,Đỗ Linh,sv016998@uni.edu.vn
2020116999,Hồ Linh,sv016999@uni.edu.vn
2021117000,Nguyễn Thị Mai,sv017000@uni.edu.vn
2022117001,Trần Thị Mai,sv017001@uni.edu.vn
2023117002,Lê Thị Mai,sv017002@uni.edu.vn
2024117003,Phạm Thị Mai,sv017003@uni.edu.vn
2019117004,Hoàng Thị Mai,sv017004@uni.edu.vn
2020117005,Vũ Thị Mai,sv017005@uni.edu.vn
2021117006,Đặng Thị Mai,sv017006@uni.edu.vn
2022117007,Bùi Thị Mai,sv017007@uni.edu.vn
2023117008,Đỗ Thị Mai,sv017008@uni.edu.vn
2024117009,Hồ Thị Mai,sv017009@uni.edu.vn
2019117010,Nguyễn Văn Mai,sv017010@uni.edu.vn
2020117011,Trần Văn Mai,sv017011@uni.edu.vn
2021117012,Lê Văn Mai,sv017012@uni.edu.vn
2022117013,Phạm Văn Mai,sv017013@uni.edu.vn
2023117014,Hoàng Văn Mai,sv017014@uni.edu.vn
2024117015,Vũ Văn Mai,sv017015@uni.edu.vn
2019117016,Đặng Văn Mai,sv017016@uni.edu.vn
2020117017,Bùi Văn Mai,sv017017@uni.edu.vn
2021117018,Đỗ Văn Mai,sv017018@uni.edu.vn
2022117019,Hồ Văn Mai,sv017019@uni.edu.vn
2023117020,Nguyễn Minh Mai,sv017020@uni.edu.vn
2024117021,Trần Minh Mai,sv017021@uni.edu.vn
2019117022,Lê Minh Mai,sv017022@uni.edu.vn
2020117023,Phạm Minh Mai,sv017023@uni.edu.vn
2021117024,Hoàng Minh Mai,sv017024@uni.edu.vn
2022117025,Vũ Minh Mai,sv017025@uni.edu.vn
2023117026,Đặng Minh Mai,sv017026@uni.edu.vn
2024117027,Bùi Minh Mai,sv017027@uni.edu.vn
2019117028,Đỗ Minh Mai,sv017028@uni.edu.vn
2020117029,Hồ Minh Mai,sv017029@uni.edu.vn
2021117030,Nguyễn Quốc Mai,sv017030@uni.edu.vn
2022117031,Trần Quốc Mai,sv017031@uni.edu.vn
2023117032,Lê Quốc Mai,sv017032@uni.edu.vn
2024117033,Phạm Quốc Mai,sv017033@uni.edu.vn
2019117034,Hoàng Quốc Mai,sv017034@uni.edu.vn
2020117035,Vũ Quốc Mai,sv017035@uni.edu.vn
2021117036,Đặng Quốc Mai,sv017036@uni.edu.vn
2022117037,Bùi Quốc Mai,sv017037@uni.edu.vn
2023117038,Đỗ Quốc Mai,sv017038@uni.edu.vn
2024117039,Hồ Quốc Mai,sv017039@uni.edu.vn
2019117040,Nguyễn Anh Mai,sv017040@uni.edu.vn
2020117041,Trần Anh Mai,sv017041@uni.edu.vn
2021117042,Lê Anh Mai,sv017042@uni.edu.vn
2022117043,Phạm Anh Mai,sv017043@uni.edu.vn
2023117044,Hoàng Anh Mai,sv017044@uni.edu.vn
2024117045,Vũ Anh Mai,sv017045@uni.edu.vn
2019117046,Đặng Anh Mai,sv017046@uni.edu.vn
2020117047,Bùi Anh Mai,sv017047@uni.edu.vn
2021117048,Đỗ Anh Mai,sv017048@uni.edu.vn
2022117049,Hồ Anh Mai,sv017049@uni.edu.vn
2023117050,Nguyễn Tuấn Mai,sv017050@uni.edu.vn
2024117051,Trần Tuấn Mai,sv017051@uni.edu.vn
2019117052,Lê Tuấn Mai,sv017052@uni.edu.vn
2020117053,Phạm Tuấn Mai,sv017053@uni.edu.vn
2021117054,Hoàng Tuấn Mai,sv017054@uni.edu.vn
2022117055,Vũ Tuấn Mai,sv017055@uni.edu.vn
2023117056,Đặng Tuấn Mai,sv017056@uni.edu.vn
2024117057,Bùi Tuấn Mai,sv017057@uni.edu.vn
2019117058,Đỗ Tuấn Mai,sv017058@uni.edu.vn
2020117059,Hồ Tuấn Mai,sv017059@uni.edu.vn
2021117060,Nguyễn Hữu Mai,sv017060@uni.edu.vn
2022117061,Trần Hữu Mai,sv017061@uni.edu.vn
2023117062,Lê Hữu Mai,sv017062@uni.edu.vn
2024117063,Phạm Hữu Mai,sv017063@uni.edu.vn
2019117064,Hoàng Hữu Mai,sv017064@uni.edu.vn
2020117065,Vũ Hữu Mai,sv017065@uni.edu.vn
2021117066,Đặng Hữu Mai,sv017066@uni.edu.vn
2022117067,Bùi Hữu Mai,sv017067@uni.edu.vn
2023117068,Đỗ Hữu Mai,sv017068@uni.edu.vn
2024117069,Hồ Hữu Mai,sv017069@uni.edu.vn
2019117070,Nguyễn Thành Mai,sv017070@uni.edu.vn
2020117071,Trần Thành Mai,sv017071@uni.edu.vn
2021117072,Lê Thành Mai,sv017072@uni.edu.vn
2022117073,Phạm Thành Mai,sv017073@uni.edu.vn
2023117074,Hoàng Thành Mai,sv017074@uni.edu.vn
2024117075,Vũ Thành Mai,sv017075@uni.edu.vn
2019117076,Đặng Thành Mai,sv017076@uni.edu.vn
2020117077,Bùi Thành Mai,sv017077@uni.edu.vn
2021117078,Đỗ Thành Mai,sv017078@uni.edu.vn
2022117079,Hồ Thành Mai,sv017079@uni.edu.vn
2023117080,Nguyễn Ngọc Mai,sv017080@uni.edu.vn
2024117081,Trần Ngọc Mai,sv017081@uni.edu.vn
2019117082,Lê Ngọc Mai,sv017082@uni.edu.vn
2020117083,Phạm Ngọc Mai,sv017083@uni.edu.vn
2021117084,Hoàng Ngọc Mai,sv017084@uni.edu.vn
2022117085,Vũ Ngọc Mai,sv017085@uni.edu.vn
2023117086,Đặng Ngọc Mai,sv017086@uni.edu.vn
2024117087,Bùi Ngọc Mai,sv017087@uni.edu.vn
2019117088,Đỗ Ngọc Mai,sv017088@uni.edu.vn
2020117089,Hồ Ngọc Mai,sv017089@uni.edu.vn
2021117090,Nguyễn Mai,sv017090@uni.edu.vn
2022117091,Trần Mai,sv017091@uni.edu.vn
2023117092,Lê Mai,sv017092@uni.edu.vn
2024117093,Phạm Mai,sv017093@uni.edu.vn
2019117094,Hoàng Mai,sv017094@uni.edu.vn
2020117095,Vũ Mai,sv017095@uni.edu.vn
2021117096,Đặng Mai,sv017096@uni.edu.vn
2022117097,Bùi Mai,sv017097@uni.edu.vn
2023117098,Đỗ Mai,sv017098@uni.edu.vn
2024117099,Hồ Mai,sv017099@uni.edu.vn
2019117100,Nguyễn Thị Nam,sv017100@uni.edu.vn
2020117101,Trần Thị Nam,sv017101@uni.edu.vn
2021117102,Lê Thị Nam,sv017102@uni.edu.vn
2022117103,Phạm Thị Nam,sv017103@uni.edu.vn
2023117104,Hoàng Thị Nam,sv017104@uni.edu.vn
2024117105,Vũ Thị Nam,sv017105@uni.edu.vn
2019117106,Đặng Thị Nam,sv017106@uni.edu.vn
2020117107,Bùi Thị Nam,sv017107@uni.edu.vn
2021117108,Đỗ Thị Nam,sv017108@uni.edu.vn
2022117109,Hồ Thị Nam,sv017109@uni.edu.vn
2023117110,Nguyễn Văn Nam,sv017110@uni.edu.vn
2024117111,Trần Văn Nam,sv017111@uni.edu.vn
2019117112,Lê Văn Nam,sv017112@uni.edu.vn
2020117113,Phạm Văn Nam,sv017113@uni.edu.vn
2021117114,Hoàng Văn Nam,sv017114@uni.edu.vn
2022117115,Vũ Văn Nam,sv017115@uni.edu.vn
2023117116,Đặng Văn Nam,sv017116@uni.edu.vn
2024117117,Bùi Văn Nam,sv017117@uni.edu.vn
2019117118,Đỗ Văn Nam,sv017118@uni.edu.vn
2020117119,Hồ Văn Nam,sv017119@uni.edu.vn
2021117120,Nguyễn Minh Nam,sv017120@uni.edu.vn
2022117121,Trần Minh Nam,sv017121@uni.edu.vn
2023117122,Lê Minh Nam,sv017122@uni.edu.vn
2024117123,Phạm Minh Nam,sv017123@uni.edu.vn
2019117124,Hoàng Minh Nam,sv017124@uni.edu.vn
2020117125,Vũ Minh Nam,sv017125@uni.edu.vn
2021117126,Đặng Minh Nam,sv017126@uni.edu.vn
2022117127,Bùi Minh Nam,sv017127@uni.edu.vn
2023117128,Đỗ Minh Nam,sv017128@uni.edu.vn
2024117129,Hồ Minh Nam,sv017129@uni.edu.vn
2019117130,Nguyễn Quốc Nam,sv017130@uni.edu.vn
2020117131,Trần Quốc Nam,sv017131@uni.edu.vn
2021117132,Lê Quốc Nam,sv017132@uni.edu.vn
2022117133,Phạm Quốc Nam,sv017133@uni.edu.vn
2023117134,Hoàng Quốc Nam,sv017134@uni.edu.vn
2024117135,Vũ Quốc Nam,sv017135@uni.edu.vn
2019117136,Đặng Quốc Nam,sv017136@uni.edu.vn
2020117137,Bùi Quốc Nam,sv017137@uni.edu.vn
2021117138,Đỗ Quốc Nam,sv017138@uni.edu.vn
2022117139,Hồ Quốc Nam,sv017139@uni.edu.vn
2023117140,Nguyễn Anh Nam,sv017140@uni.edu.vn
2024117141,Trần Anh Nam,sv017141@uni.edu.vn
2019117142,Lê Anh Nam,sv017142@uni.edu.vn
2020117143,Phạm Anh Nam,sv017143@uni.edu.vn
2021117144,Hoàng Anh Nam,sv017144@uni.edu.vn
2022117145,Vũ Anh Nam,sv017145@uni.edu.vn
2023117146,Đặng Anh Nam,sv017146@uni.edu.vn
2024117147,Bùi Anh Nam,sv017147@uni.edu.vn
2019117148,Đỗ Anh Nam,sv017148@uni.edu.vn
2020117149,Hồ Anh Nam,sv017149@uni.edu.vn
2021117150,Nguyễn Tuấn Nam,sv017150@uni.edu.vn
2022117151,Trần Tuấn Nam,sv017151@uni.edu.vn
2023117152,Lê Tuấn Nam,sv017152@uni.edu.vn
2024117153,Phạm Tuấn Nam,sv017153@uni.edu.vn
2019117154,Hoàng Tuấn Nam,sv017154@uni.edu.vn
2020117155,Vũ Tuấn Nam,sv017155@uni.edu.vn
2021117156,Đặng Tuấn Nam,sv017156@uni.edu.vn
2022117157,Bùi Tuấn Nam,sv017157@uni.edu.vn
2023117158,Đỗ Tuấn Nam,sv017158@uni.edu.vn
2024117159,Hồ Tuấn Nam,sv017159@uni.edu.vn
2019117160,Nguyễn Hữu Nam,sv017160@uni.edu.vn
2020117161,Trần Hữu Nam,sv017161@uni.edu.vn
2021117162,Lê Hữu Nam,sv017162@uni.edu.vn
2022117163,Phạm Hữu Nam,sv017163@uni.edu.vn
2023117164,Hoàng Hữu Nam,sv017164@uni.edu.vn
2024117165,Vũ Hữu Nam,sv017165@uni.edu.vn
2019117166,Đặng Hữu Nam,sv017166@uni.edu.vn
2020117167,Bùi Hữu Nam,sv017167@uni.edu.vn
2021117168,Đỗ Hữu Nam,sv017168@uni.edu.vn
2022117169,Hồ Hữu Nam,sv017169@uni.edu.vn
2023117170,Nguyễn Thành Nam,sv017170@uni.edu.vn
2024117171,Trần Thành Nam,sv017171@uni.edu.vn
2019117172,Lê Thành Nam,sv017172@uni.edu.vn
2020117173,Phạm Thành Nam,sv017173@uni.edu.vn
2021117174,Hoàng Thành Nam,sv017174@uni.edu.vn
2022117175,Vũ Thành Nam,sv017175@uni.edu.vn
2023117176,Đặng Thành Nam,sv017176@uni.edu.vn
2024117177,Bùi Thành Nam,sv017177@uni.edu.vn
2019117178,Đỗ Thành Nam,sv017178@uni.edu.vn
2020117179,Hồ Thành Nam,sv017179@uni.edu.vn
2021117180,Nguyễn Ngọc Nam,sv017180@uni.edu.vn
2022117181,Trần Ngọc Nam,sv017181@uni.edu.vn
2023117182,Lê Ngọc Nam,sv017182@uni.edu.vn
2024117183,Phạm Ngọc Nam,sv017183@uni.edu.vn
2019117184,Hoàng Ngọc Nam,sv017184@uni.edu.vn
2020117185,Vũ Ngọc Nam,sv017185@uni.edu.vn
2021117186,Đặng Ngọc Nam,sv017186@uni.edu.vn
2022117187,Bùi Ngọc Nam,sv017187@uni.edu.vn
2023117188,Đỗ Ngọc Nam,sv017188@uni.edu.vn
2024117189,Hồ Ngọc Nam,sv017189@uni.edu.vn
2019117190,Nguyễn Nam,sv017190@uni.edu.vn
2020117191,Trần Nam,sv017191@uni.edu.vn
2021117192,Lê Nam,sv017192@uni.edu.vn
2022117193,Phạm Nam,sv017193@uni.edu.vn
2023117194,Hoàng Nam,sv017194@uni.edu.vn
2024117195,Vũ Nam,sv017195@uni.edu.vn
2019117196,Đặng Nam,sv017196@uni.edu.vn
2020117197,Bùi Nam,sv017197@uni.edu.vn
2021117198,Đỗ Nam,sv017198@uni.edu.vn
2022117199,Hồ Nam,sv017199@uni.edu.vn
2023117200,Nguyễn Thị Phong,sv017200@uni.edu.vn
2024117201,Trần Thị Phong,sv017201@uni.edu.vn
2019117202,Lê Thị Phong,sv017202@uni.edu.vn
2020117203,Phạm Thị Phong,sv017203@uni.edu.vn
2021117204,Hoàng Thị Phong,sv017204@uni.edu.vn
2022117205,Vũ Thị Phong,sv017205@uni.edu.vn
2023117206,Đặng Thị Phong,sv017206@uni.edu.vn
2024117207,Bùi Thị Phong,sv017207@uni.edu.vn
2019117208,Đỗ Thị Phong,sv017208@uni.edu.vn
2020117209,Hồ Thị Phong,sv017209@uni.edu.vn
2021117210,Nguyễn Văn Phong,sv017210@uni.edu.vn
2022117211,Trần Văn Phong,sv017211@uni.edu.vn
2023117212,Lê Văn Phong,sv017212@uni.edu.vn
2024117213,Phạm Văn Phong,sv017213@uni.edu.vn
2019117214,Hoàng Văn Phong,sv017214@uni.edu.vn
2020117215,Vũ Văn Phong,sv017215@uni.edu.vn
2021117216,Đặng Văn Phong,sv017216@uni.edu.vn
2022117217,Bùi Văn Phong,sv017217@uni.edu.vn
2023117218,Đỗ Văn Phong,sv017218@uni.edu.vn
2024117219,Hồ Văn Phong,sv017219@uni.edu.vn
2019117220,Nguyễn Minh Phong,sv017220@uni.edu.vn
2020117221,Trần Minh Phong,sv017221@uni.edu.vn
2021117222,Lê Minh Phong,sv017222@uni.edu.vn
2022117223,Phạm Minh Phong,sv017223@uni.edu.vn
2023117224,Hoàng Minh Phong,sv017224@uni.edu.vn
2024117225,Vũ Minh Phong,sv017225@uni.edu.vn
2019117226,Đặng Minh Phong,sv017226@uni.edu.vn
2020117227,Bùi Minh Phong,sv017227@uni.edu.vn
2021117228,Đỗ Minh Phong,sv017228@uni.edu.vn
2022117229,Hồ Minh Phong,sv017229@uni.edu.vn
2023117230,Nguyễn Quốc Phong,sv017230@uni.edu.vn
2024117231,Trần Quốc Phong,sv017231@uni.edu.vn
2019117232,Lê Quốc Phong,sv017232@uni.edu.vn
2020117233,Phạm Quốc Phong,sv017233@uni.edu.vn
2021117234,Hoàng Quốc Phong,sv017234@uni.edu.vn
2022117235,Vũ Quốc Phong,sv017235@uni.edu.vn
2023117236,Đặng Quốc Phong,sv017236@uni.edu.vn
2024117237,Bùi Quốc Phong,sv017237@uni.edu.vn
2019117238,Đỗ Quốc Phong,sv017238@uni.edu.vn
2020117239,Hồ Quốc Phong,sv017239@uni.edu.vn
2021117240,Nguyễn Anh Phong,sv017240@uni.edu.vn
2022117241,Trần Anh Phong,sv017241@uni.edu.vn
2023117242,Lê Anh Phong,sv017242@uni.edu.vn
2024117243,Phạm Anh Phong,sv017243@uni.edu.vn
2019117244,Hoàng Anh Phong,sv017244@uni.edu.vn
2020117245,Vũ Anh Phong,sv017245@uni.edu.vn
2021117246,Đặng Anh Phong,sv017246@uni.edu.vn
2022117247,Bùi Anh Phong,sv017247@uni.edu.vn
2023117248,Đỗ Anh Phong,sv017248@uni.edu.vn
2024117249,Hồ Anh Phong,sv017249@uni.edu.vn
2019117250,Nguyễn Tuấn Phong,sv017250@uni.edu.vn
2020117251,Trần Tuấn Phong,sv017251@uni.edu.vn
2021117252,Lê Tuấn Phong,sv017252@uni.edu.vn
2022117253,Phạm Tuấn Phong,sv017253@uni.edu.vn
2023117254,Hoàng Tuấn Phong,sv017254@uni.edu.vn
2024117255,Vũ Tuấn Phong,sv017255@uni.edu.vn
2019117256,Đặng Tuấn Phong,sv017256@uni.edu.vn
2020117257,Bùi Tuấn Phong,sv017257@uni.edu.vn
2021117258,Đỗ Tuấn Phong,sv017258@uni.edu.vn
2022117259,Hồ Tuấn Phong,sv017259@uni.edu.vn
2023117260,Nguyễn Hữu Phong,sv017260@uni.edu.vn
2024117261,Trần Hữu Phong,sv017261@uni.edu.vn
2019117262,Lê Hữu Phong,sv017262@uni.edu.vn
2020117263,Phạm Hữu Phong,sv017263@uni.edu.vn
2021117264,Hoàng Hữu Phong,sv017264@uni.edu.vn
2022117265,Vũ Hữu Phong,sv017265@uni.edu.vn
2023117266,Đặng Hữu Phong,sv017266@uni.edu.vn
2024117267,Bùi Hữu Phong,sv017267@uni.edu.vn
2019117268,Đỗ Hữu Phong,sv017268@uni.edu.vn
2020117269,Hồ Hữu Phong,sv017269@uni.edu.vn
2021117270,Nguyễn Thành Phong,sv017270@uni.edu.vn
2022117271,Trần Thành Phong,sv017271@uni.edu.vn
2023117272,Lê Thành Phong,sv017272@uni.edu.vn
2024117273,Phạm Thành Phong,sv017273@uni.edu.vn
2019117274,Hoàng Thành Phong,sv017274@uni.edu.vn
2020117275,Vũ Thành Phong,sv017275@uni.edu.vn
2021117276,Đặng Thành Phong,sv017276@uni.edu.vn
2022117277,Bùi Thành Phong,sv017277@uni.edu.vn
2023117278,Đỗ Thành Phong,sv017278@uni.edu.vn
2024117279,Hồ Thành Phong,sv017279@uni.edu.vn
2019117280,Nguyễn Ngọc Phong,sv017280@uni.edu.vn
2020117281,Trần Ngọc Phong,sv017281@uni.edu.vn
2021117282,Lê Ngọc Phong,sv017282@uni.edu.vn
2022117283,Phạm Ngọc Phong,sv017283@uni.edu.vn
2023117284,Hoàng Ngọc Phong,sv017284@uni.edu.vn
2024117285,Vũ Ngọc Phong,sv017285@uni.edu.vn
2019117286,Đặng Ngọc Phong,sv017286@uni.edu.vn
2020117287,Bùi Ngọc Phong,sv017287@uni.edu.vn
2021117288,Đỗ Ngọc Phong,sv017288@uni.edu.vn
2022117289,Hồ Ngọc Phong,sv017289@uni.edu.vn
2023117290,Nguyễn Phong,sv017290@uni.edu.vn
2024117291,Trần Phong,sv017291@uni.edu.vn
2019117292,Lê Phong,sv017292@uni.edu.vn
2020117293,Phạm Phong,sv017293@uni.edu.vn
2021117294,Hoàng Phong,sv017294@uni.edu.vn
2022117295,Vũ Phong,sv017295@uni.edu.vn
2023117296,Đặng Phong,sv017296@uni.edu.vn
2024117297,Bùi Phong,sv017297@uni.edu.vn
2019117298,Đỗ Phong,sv017298@uni.edu.vn
2020117299,Hồ Phong,sv017299@uni.edu.vn
2021117300,Nguyễn Thị Quân,sv017300@uni.edu.vn
2022117301,Trần Thị Quân,sv017301@uni.edu.vn
2023117302,Lê Thị Quân,sv017302@uni.edu.vn
2024117303,Phạm Thị Quân,sv017303@uni.edu.vn
2019117304,Hoàng Thị Quân,sv017304@uni.edu.vn
2020117305,Vũ Thị Quân,sv017305@uni.edu.vn
2021117306,Đặng Thị Quân,sv017306@uni.edu.vn
2022117307,Bùi Thị Quân,sv017307@uni.edu.vn
2023117308,Đỗ Thị Quân,sv017308@uni.edu.vn
2024117309,Hồ Thị Quân,sv017309@uni.edu.vn
2019117310,Nguyễn Văn Quân,sv017310@uni.edu.vn
2020117311,Trần Văn Quân,sv017311@uni.edu.vn
2021117312,Lê Văn Quân,sv017312@uni.edu.vn
2022117313,Phạm Văn Quân,sv017313@uni.edu.vn
2023117314,Hoàng Văn Quân,sv017314@uni.edu.vn
2024117315,Vũ Văn Quân,sv017315@uni.edu.vn
2019117316,Đặng Văn Quân,sv017316@uni.edu.vn
2020117317,Bùi Văn Quân,sv017317@uni.edu.vn
2021117318,Đỗ Văn Quân,sv017318@uni.edu.vn
2022117319,Hồ Văn Quân,sv017319@uni.edu.vn
2023117320,Nguyễn Minh Quân,sv017320@uni.edu.vn
2024117321,Trần Minh Quân,sv017321@uni.edu.vn
2019117322,Lê Minh Quân,sv017322@uni.edu.vn
2020117323,Phạm Minh Quân,sv017323@uni.edu.vn
2021117324,Hoàng Minh Quân,sv017324@uni.edu.vn
2022117325,Vũ Minh Quân,sv017325@uni.edu.vn
2023117326,Đặng Minh Quân,sv017326@uni.edu.vn
2024117327,Bùi Minh Quân,sv017327@uni.edu.vn
2019117328,Đỗ Minh Quân,sv017328@uni.edu.vn
2020117329,Hồ Minh Quân,sv017329@uni.edu.vn
2021117330,Nguyễn Quốc Quân,sv017330@uni.edu.vn
2022117331,Trần Quốc Quân,sv017331@uni.edu.vn
2023117332,Lê Quốc Quân,sv017332@uni.edu.vn
2024117333,Phạm Quốc Quân,sv017333@uni.edu.vn
2019117334,Hoàng Quốc Quân,sv017334@uni.edu.vn
2020117335,Vũ Quốc Quân,sv017335@uni.edu.vn
2021117336,Đặng Quốc Quân,sv017336@uni.edu.vn
2022117337,Bùi Quốc Quân,sv017337@uni.edu.vn
2023117338,Đỗ Quốc Quân,sv017338@uni.edu.vn
2024117339,Hồ Quốc Quân,sv017339@uni.edu.vn
2019117340,Nguyễn Anh Quân,sv017340@uni.edu.vn
2020117341,Trần Anh Quân,sv017341@uni.edu.vn
2021117342,Lê Anh Quân,sv017342@uni.edu.vn
2022117343,Phạm Anh Quân,sv017343@uni.edu.vn
2023117344,Hoàng Anh Quân,sv017344@uni.edu.vn
2024117345,Vũ Anh Quân,sv017345@uni.edu.vn
2019117346,Đặng Anh Quân,sv017346@uni.edu.vn
2020117347,Bùi Anh Quân,sv017347@uni.edu.vn
2021117348,Đỗ Anh Quân,sv017348@uni.edu.vn
2022117349,Hồ Anh Quân,sv017349@uni.edu.vn
2023117350,Nguyễn Tuấn Quân,sv017350@uni.edu.vn
2024117351,Trần Tuấn Quân,sv017351@uni.edu.vn
2019117352,Lê Tuấn Quân,sv017352@uni.edu.vn
2020117353,Phạm Tuấn Quân,sv017353@uni.edu.vn
2021117354,Hoàng Tuấn Quân,sv017354@uni.edu.vn
2022117355,Vũ Tuấn Quân,sv017355@uni.edu.vn
2023117356,Đặng Tuấn Quân,sv017356@uni.edu.vn
2024117357,Bùi Tuấn Quân,sv017357@uni.edu.vn
2019117358,Đỗ Tuấn Quân,sv017358@uni.edu.vn
2020117359,Hồ Tuấn Quân,sv017359@uni.edu.vn
2021117360,Nguyễn Hữu Quân,sv017360@uni.edu.vn
2022117361,Trần Hữu Quân,sv017361@uni.edu.vn
2023117362,Lê Hữu Quân,sv017362@uni.edu.vn
2024117363,Phạm Hữu Quân,sv017363@uni.edu.vn
2019117364,Hoàng Hữu Quân,sv017364@uni.edu.vn
2020117365,Vũ Hữu Quân,sv017365@uni.edu.vn
2021117366,Đặng Hữu Quân,sv017366@uni.edu.vn
2022117367,Bùi Hữu Quân,sv017367@uni.edu.vn
2023117368,Đỗ Hữu Quân,sv017368@uni.edu.vn
2024117369,Hồ Hữu Quân,sv017369@uni.edu.vn
2019117370,Nguyễn Thành Quân,sv017370@uni.edu.vn
2020117371,Trần Thành Quân,sv017371@uni.edu.vn
2021117372,Lê Thành Quân,sv017372@uni.edu.vn
2022117373,Phạm Thành Quân,sv017373@uni.edu.vn
2023117374,Hoàng Thành Quân,sv017374@uni.edu.vn
2024117375,Vũ Thành Quân,sv017375@uni.edu.vn
2019117376,Đặng Thành Quân,sv017376@uni.edu.vn
2020117377,Bùi Thành Quân,sv017377@uni.edu.vn
2021117378,Đỗ Thành Quân,sv017378@uni.edu.vn
2022117379,Hồ Thành Quân,sv017379@uni.edu.vn
2023117380,Nguyễn Ngọc Quân,sv017380@uni.edu.vn
2024117381,Trần Ngọc Quân,sv017381@uni.edu.vn
2019117382,Lê Ngọc Quân,sv017382@uni.edu.vn
2020117383,Phạm Ngọc Quân,sv017383@uni.edu.vn
2021117384,Hoàng Ngọc Quân,sv017384@uni.edu.vn
2022117385,Vũ Ngọc Quân,sv017385@uni.edu.vn
2023117386,Đặng Ngọc Quân,sv017386@uni.edu.vn
2024117387,Bùi Ngọc Quân,sv017387@uni.edu.vn
2019117388,Đỗ Ngọc Quân,sv017388@uni.edu.vn
2020117389,Hồ Ngọc Quân,sv017389@uni.edu.vn
2021117390,Nguyễn Quân,sv017390@uni.edu.vn
2022117391,Trần Quân,sv017391@uni.edu.vn
2023117392,Lê Quân,sv017392@uni.edu.vn
2024117393,Phạm Quân,sv017393@uni.edu.vn
2019117394,Hoàng Quân,sv017394@uni.edu.vn
2020117395,Vũ Quân,sv017395@uni.edu.vn
2021117396,Đặng Quân,sv017396@uni.edu.vn
2022117397,Bùi Quân,sv017397@uni.edu.vn
2023117398,Đỗ Quân,sv017398@uni.edu.vn
2024117399,Hồ Quân,sv017399@uni.edu.vn
2019117400,Nguyễn Thị Sơn,sv017400@uni.edu.vn
2020117401,Trần Thị Sơn,sv017401@uni.edu.vn
2021117402,Lê Thị Sơn,sv017402@uni.edu.vn
2022117403,Phạm Thị Sơn,sv017403@uni.edu.vn
2023117404,Hoàng Thị Sơn,sv017404@uni.edu.vn
2024117405,Vũ Thị Sơn,sv017405@uni.edu.vn
2019117406,Đặng Thị Sơn,sv017406@uni.edu.vn
2020117407,Bùi Thị Sơn,sv017407@uni.edu.vn
2021117408,Đỗ Thị Sơn,sv017408@uni.edu.vn
2022117409,Hồ Thị Sơn,sv017409@uni.edu.vn
2023117410,Nguyễn Văn Sơn,sv017410@uni.edu.vn
2024117411,Trần Văn Sơn,sv017411@uni.edu.vn
2019117412,Lê Văn Sơn,sv017412@uni.edu.vn
2020117413,Phạm Văn Sơn,sv017413@uni.edu.vn
2021117414,Hoàng Văn Sơn,sv017414@uni.edu.vn
2022117415,Vũ Văn Sơn,sv017415@uni.edu.vn
2023117416,Đặng Văn Sơn,sv017416@uni.edu.vn
2024117417,Bùi Văn Sơn,sv017417@uni.edu.vn
2019117418,Đỗ Văn Sơn,sv017418@uni.edu.vn
2020117419,Hồ Văn Sơn,sv017419@uni.edu.vn
2021117420,Nguyễn Minh Sơn,sv017420@uni.edu.vn
2022117421,Trần Minh Sơn,sv017421@uni.edu.vn
2023117422,Lê Minh Sơn,sv017422@uni.edu.vn
2024117423,Phạm Minh Sơn,sv017423@uni.edu.vn
2019117424,Hoàng Minh Sơn,sv017424@uni.edu.vn
2020117425,Vũ Minh Sơn,sv017425@uni.edu.vn
2021117426,Đặng Minh Sơn,sv017426@uni.edu.vn
2022117427,Bùi Minh Sơn,sv017427@uni.edu.vn
2023117428,Đỗ Minh Sơn,sv017428@uni.edu.vn
2024117429,Hồ Minh Sơn,sv017429@uni.edu.vn
2019117430,Nguyễn Quốc Sơn,sv017430@uni.edu.vn
2020117431,Trần Quốc Sơn,sv017431@uni.edu.vn
2021117432,Lê Quốc Sơn,sv017432@uni.edu.vn
2022117433,Phạm Quốc Sơn,sv017433@uni.edu.vn
2023117434,Hoàng Quốc Sơn,sv017434@uni.edu.vn
2024117435,Vũ Quốc Sơn,sv017435@uni.edu.vn
2019117436,Đặng Quốc Sơn,sv017436@uni.edu.vn
2020117437,Bùi Quốc Sơn,sv017437@uni.edu.vn
2021117438,Đỗ Quốc Sơn,sv017438@uni.edu.vn
2022117439,Hồ Quốc Sơn,sv017439@uni.edu.vn
2023117440,Nguyễn Anh Sơn,sv017440@uni.edu.vn
2024117441,Trần Anh Sơn,sv017441@uni.edu.vn
2019117442,Lê Anh Sơn,sv017442@uni.edu.vn
2020117443,Phạm Anh Sơn,sv017443@uni.edu.vn
2021117444,Hoàng Anh Sơn,sv017444@uni.edu.vn
2022117445,Vũ Anh Sơn,sv017445@uni.edu.vn
2023117446,Đặng Anh Sơn,sv017446@uni.edu.vn
2024117447,Bùi Anh Sơn,sv017447@uni.edu.vn
2019117448,Đỗ Anh Sơn,sv017448@uni.edu.vn
2020117449,Hồ Anh Sơn,sv017449@uni.edu.vn
2021117450,Nguyễn Tuấn Sơn,sv017450@uni.edu.vn
2022117451,Trần Tuấn Sơn,sv017451@uni.edu.vn
2023117452,Lê Tuấn Sơn,sv017452@uni.edu.vn
2024117453,Phạm Tuấn Sơn,sv017453@uni.edu.vn
2019117454,Hoàng Tuấn Sơn,sv017454@uni.edu.vn
2020117455,Vũ Tuấn Sơn,sv017455@uni.edu.vn
2021117456,Đặng Tuấn Sơn,sv017456@uni.edu.vn
2022117457,Bùi Tuấn Sơn,sv017457@uni.edu.vn
2023117458,Đỗ Tuấn Sơn,sv017458@uni.edu.vn
2024117459,Hồ Tuấn Sơn,sv017459@uni.edu.vn
2019117460,Nguyễn Hữu Sơn,sv017460@uni.edu.vn
2020117461,Trần Hữu Sơn,sv017461@uni.edu.vn
2021117462,Lê Hữu Sơn,sv017462@uni.edu.vn
2022117463,Phạm Hữu Sơn,sv017463@uni.edu.vn
2023117464,Hoàng Hữu Sơn,sv017464@uni.edu.vn
2024117465,Vũ Hữu Sơn,sv017465@uni.edu.vn
2019117466,Đặng Hữu Sơn,sv017466@uni.edu.vn
2020117467,Bùi Hữu Sơn,sv017467@uni.edu.vn
2021117468,Đỗ Hữu Sơn,sv017468@uni.edu.vn
2022117469,Hồ Hữu Sơn,sv017469@uni.edu.vn
2023117470,Nguyễn Thành Sơn,sv017470@uni.edu.vn
2024117471,Trần Thành Sơn,sv017471@uni.edu.vn
2019117472,Lê Thành Sơn,sv017472@uni.edu.vn
2020117473,Phạm Thành Sơn,sv017473@uni.edu.vn
2021117474,Hoàng Thành Sơn,sv017474@uni.edu.vn
2022117475,Vũ Thành Sơn,sv017475@uni.edu.vn
2023117476,Đặng Thành Sơn,sv017476@uni.edu.vn
2024117477,Bùi Thành Sơn,sv017477@uni.edu.vn
2019117478,Đỗ Thành Sơn,sv017478@uni.edu.vn
2020117479,Hồ Thành Sơn,sv017479@uni.edu.vn
2021117480,Nguyễn Ngọc Sơn,sv017480@uni.edu.vn
2022117481,Trần Ngọc Sơn,sv017481@uni.edu.vn
2023117482,Lê Ngọc Sơn,sv017482@uni.edu.vn
2024117483,Phạm Ngọc Sơn,sv017483@uni.edu.vn
2019117484,Hoàng Ngọc Sơn,sv017484@uni.edu.vn
2020117485,Vũ Ngọc Sơn,sv017485@uni.edu.vn
2021117486,Đặng Ngọc Sơn,sv017486@uni.edu.vn
2022117487,Bùi Ngọc Sơn,sv017487@uni.edu.vn
2023117488,Đỗ Ngọc Sơn,sv017488@uni.edu.vn
2024117489,Hồ Ngọc Sơn,sv017489@uni.edu.vn
2019117490,Nguyễn Sơn,sv017490@uni.edu.vn
2020117491,Trần Sơn,sv017491@uni.edu.vn
2021117492,Lê Sơn,sv017492@uni.edu.vn
2022117493,Phạm Sơn,sv017493@uni.edu.vn
2023117494,Hoàng Sơn,sv017494@uni.edu.vn
2024117495,Vũ Sơn,sv017495@uni.edu.vn
2019117496,Đặng Sơn,sv017496@uni.edu.vn
2020117497,Bùi Sơn,sv017497@uni.edu.vn
2021117498,Đỗ Sơn,sv017498@uni.edu.vn
2022117499,Hồ Sơn,sv017499@uni.edu.vn
2023117500,Nguyễn Thị Tâm,sv017500@uni.edu.vn
2024117501,Trần Thị Tâm,sv017501@uni.edu.vn
2019117502,Lê Thị Tâm,sv017502@uni.edu.vn
2020117503,Phạm Thị Tâm,sv017503@uni.edu.vn
2021117504,Hoàng Thị Tâm,sv017504@uni.edu.vn
2022117505,Vũ Thị Tâm,sv017505@uni.edu.vn
2023117506,Đặng Thị Tâm,sv017506@uni.edu.vn
2024117507,Bùi Thị Tâm,sv017507@uni.edu.vn
2019117508,Đỗ Thị Tâm,sv017508@uni.edu.vn
2020117509,Hồ Thị Tâm,sv017509@uni.edu.vn
2021117510,Nguyễn Văn Tâm,sv017510@uni.edu.vn
2022117511,Trần Văn Tâm,sv017511@uni.edu.vn
2023117512,Lê Văn Tâm,sv017512@uni.edu.vn
2024117513,Phạm Văn Tâm,sv017513@uni.edu.vn
2019117514,Hoàng Văn Tâm,sv017514@uni.edu.vn
2020117515,Vũ Văn Tâm,sv017515@uni.edu.vn
2021117516,Đặng Văn Tâm,sv017516@uni.edu.vn
2022117517,Bùi Văn Tâm,sv017517@uni.edu.vn
2023117518,Đỗ Văn Tâm,sv017518@uni.edu.vn
2024117519,Hồ Văn Tâm,sv017519@uni.edu.vn
2019117520,Nguyễn Minh Tâm,sv017520@uni.edu.vn
2020117521,Trần Minh Tâm,sv017521@uni.edu.vn
2021117522,Lê Minh Tâm,sv017522@uni.edu.vn
2022117523,Phạm Minh Tâm,sv017523@uni.edu.vn
2023117524,Hoàng Minh Tâm,sv017524@uni.edu.vn
2024117525,Vũ Minh Tâm,sv017525@uni.edu.vn
2019117526,Đặng Minh Tâm,sv017526@uni.edu.vn
2020117527,Bùi Minh Tâm,sv017527@uni.edu.vn
2021117528,Đỗ Minh Tâm,sv017528@uni.edu.vn
2022117529,Hồ Minh Tâm,sv017529@uni.edu.vn
2023117530,Nguyễn Quốc Tâm,sv017530@uni.edu.vn
2024117531,Trần Quốc Tâm,sv017531@uni.edu.vn
2019117532,Lê Quốc Tâm,sv017532@uni.edu.vn
2020117533,Phạm Quốc Tâm,sv017533@uni.edu.vn
2021117534,Hoàng Quốc Tâm,sv017534@uni.edu.vn
2022117535,Vũ Quốc Tâm,sv017535@uni.edu.vn
2023117536,Đặng Quốc Tâm,sv017536@uni.edu.vn
2024117537,Bùi Quốc Tâm,sv017537@uni.edu.vn
2019117538,Đỗ Quốc Tâm,sv017538@uni.edu.vn
2020117539,Hồ Quốc Tâm,sv017539@uni.edu.vn
2021117540,Nguyễn Anh Tâm,sv017540@uni.edu.vn
2022117541,Trần Anh Tâm,sv017541@uni.edu.vn
2023117542,Lê Anh Tâm,sv017542@uni.edu.vn
2024117543,Phạm Anh Tâm,sv017543@uni.edu.vn
2019117544,Hoàng Anh Tâm,sv017544@uni.edu.vn
2020117545,Vũ Anh Tâm,sv017545@uni.edu.vn
2021117546,Đặng Anh Tâm,sv017546@uni.edu.vn
2022117547,Bùi Anh Tâm,sv017547@uni.edu.vn
2023117548,Đỗ Anh Tâm,sv017548@uni.edu.vn
2024117549,Hồ Anh Tâm,sv017549@uni.edu.vn
2019117550,Nguyễn Tuấn Tâm,sv017550@uni.edu.vn
2020117551,Trần Tuấn Tâm,sv017551@uni.edu.vn
2021117552,Lê Tuấn Tâm,sv017552@uni.edu.vn
2022117553,Phạm Tuấn Tâm,sv017553@uni.edu.vn
2023117554,Hoàng Tuấn Tâm,sv017554@uni.edu.vn
2024117555,Vũ Tuấn Tâm,sv017555@uni.edu.vn
2019117556,Đặng Tuấn Tâm,sv017556@uni.edu.vn
2020117557,Bùi Tuấn Tâm,sv017557@uni.edu.vn
2021117558,Đỗ Tuấn Tâm,sv017558@uni.edu.vn
2022117559,Hồ Tuấn Tâm,sv017559@uni.edu.vn
2023117560,Nguyễn Hữu Tâm,sv017560@uni.edu.vn
2024117561,Trần Hữu Tâm,sv017561@uni.edu.vn
2019117562,Lê Hữu Tâm,sv017562@uni.edu.vn
2020117563,Phạm Hữu Tâm,sv017563@uni.edu.vn
2021117564,Hoàng Hữu Tâm,sv017564@uni.edu.vn
2022117565,Vũ Hữu Tâm,sv017565@uni.edu.vn
2023117566,Đặng Hữu Tâm,sv017566@uni.edu.vn
2024117567,Bùi Hữu Tâm,sv017567@uni.edu.vn
2019117568,Đỗ Hữu Tâm,sv017568@uni.edu.vn
2020117569,Hồ Hữu Tâm,sv017569@uni.edu.vn
2021117570,Nguyễn Thành Tâm,sv017570@uni.edu.vn
2022117571,Trần Thành Tâm,sv017571@uni.edu.vn
2023117572,Lê Thành Tâm,sv017572@uni.edu.vn
2024117573,Phạm Thành Tâm,sv017573@uni.edu.vn
2019117574,Hoàng Thành Tâm,sv017574@uni.edu.vn
2020117575,Vũ Thành Tâm,sv017575@uni.edu.vn
2021117576,Đặng Thành Tâm,sv017576@uni.edu.vn
2022117577,Bùi Thành Tâm,sv017577@uni.edu.vn
2023117578,Đỗ Thành Tâm,sv017578@uni.edu.vn
2024117579,Hồ Thành Tâm,sv017579@uni.edu.vn
2019117580,Nguyễn Ngọc Tâm,sv017580@uni.edu.vn
2020117581,Trần Ngọc Tâm,sv017581@uni.edu.vn
2021117582,Lê Ngọc Tâm,sv017582@uni.edu.vn
2022117583,Phạm Ngọc Tâm,sv017583@uni.edu.vn
2023117584,Hoàng Ngọc Tâm,sv017584@uni.edu.vn
2024117585,Vũ Ngọc Tâm,sv017585@uni.edu.vn
2019117586,Đặng Ngọc Tâm,sv017586@uni.edu.vn
2020117587,Bùi Ngọc Tâm,sv017587@uni.edu.vn
2021117588,Đỗ Ngọc Tâm,sv017588@uni.edu.vn
2022117589,Hồ Ngọc Tâm,sv017589@uni.edu.vn
2023117590,Nguyễn Tâm,sv017590@uni.edu.vn
2024117591,Trần Tâm,sv017591@uni.edu.vn
2019117592,Lê Tâm,sv017592@uni.edu.vn
2020117593,Phạm Tâm,sv017593@uni.edu.vn
2021117594,Hoàng Tâm,sv017594@uni.edu.vn
2022117595,Vũ Tâm,sv017595@uni.edu.vn
2023117596,Đặng Tâm,sv017596@uni.edu.vn
2024117597,Bùi Tâm,sv017597@uni.edu.vn
2019117598,Đỗ Tâm,sv017598@uni.edu.vn
2020117599,Hồ Tâm,sv017599@uni.edu.vn
2021117600,Nguyễn Thị Thảo,sv017600@uni.edu.vn
2022117601,Trần Thị Thảo,sv017601@uni.edu.vn
2023117602,Lê Thị Thảo,sv017602@uni.edu.vn
2024117603,Phạm Thị Thảo,sv017603@uni.edu.vn
2019117604,Hoàng Thị Thảo,sv017604@uni.edu.vn
2020117605,Vũ Thị Thảo,sv017605@uni.edu.vn
2021117606,Đặng Thị Thảo,sv017606@uni.edu.vn
2022117607,Bùi Thị Thảo,sv017607@uni.edu.vn
2023117608,Đỗ Thị Thảo,sv017608@uni.edu.vn
2024117609,Hồ Thị Thảo,sv017609@uni.edu.vn
2019117610,Nguyễn Văn Thảo,sv017610@uni.edu.vn
2020117611,Trần Văn Thảo,sv017611@uni.edu.vn
2021117612,Lê Văn Thảo,sv017612@uni.edu.vn
2022117613,Phạm Văn Thảo,sv017613@uni.edu.vn
2023117614,Hoàng Văn Thảo,sv017614@uni.edu.vn
2024117615,Vũ Văn Thảo,sv017615@uni.edu.vn
2019117616,Đặng Văn Thảo,sv017616@uni.edu.vn
2020117617,Bùi Văn Thảo,sv017617@uni.edu.vn
2021117618,Đỗ Văn Thảo,sv017618@uni.edu.vn
2022117619,Hồ Văn Thảo,sv017619@uni.edu.vn
2023117620,Nguyễn Minh Thảo,sv017620@uni.edu.vn
2024117621,Trần Minh Thảo,sv017621@uni.edu.vn
2019117622,Lê Minh Thảo,sv017622@uni.edu.vn
2020117623,Phạm Minh Thảo,sv017623@uni.edu.vn
2021117624,Hoàng Minh Thảo,sv017624@uni.edu.vn
2022117625,Vũ Minh Thảo,sv017625@uni.edu.vn
2023117626,Đặng Minh Thảo,sv017626@uni.edu.vn
2024117627,Bùi Minh Thảo,sv017627@uni.edu.vn
2019117628,Đỗ Minh Thảo,sv017628@uni.edu.vn
2020117629,Hồ Minh Thảo,sv017629@uni.edu.vn
2021117630,Nguyễn Quốc Thảo,sv017630@uni.edu.vn
2022117631,Trần Quốc Thảo,sv017631@uni.edu.vn
2023117632,Lê Quốc Thảo,sv017632@uni.edu.vn
2024117633,Phạm Quốc Thảo,sv017633@uni.edu.vn
2019117634,Hoàng Quốc Thảo,sv017634@uni.edu.vn
2020117635,Vũ Quốc Thảo,sv017635@uni.edu.vn
2021117636,Đặng Quốc Thảo,sv017636@uni.edu.vn
2022117637,Bùi Quốc Thảo,sv017637@uni.edu.vn
2023117638,Đỗ Quốc Thảo,sv017638@uni.edu.vn
2024117639,Hồ Quốc Thảo,sv017639@uni.edu.vn
2019117640,Nguyễn Anh Thảo,sv017640@uni.edu.vn
2020117641,Trần Anh Thảo,sv017641@uni.edu.vn
2021117642,Lê Anh Thảo,sv017642@uni.edu.vn
2022117643,Phạm Anh Thảo,sv017643@uni.edu.vn
2023117644,Hoàng Anh Thảo,sv017644@uni.edu.vn
2024117645,Vũ Anh Thảo,sv017645@uni.edu.vn
2019117646,Đặng Anh Thảo,sv017646@uni.edu.vn
2020117647,Bùi Anh Thảo,sv017647@uni.edu.vn
2021117648,Đỗ Anh Thảo,sv017648@uni.edu.vn
2022117649,Hồ Anh Thảo,sv017649@uni.edu.vn
2023117650,Nguyễn Tuấn Thảo,sv017650@uni.edu.vn
2024117651,Trần Tuấn Thảo,sv017651@uni.edu.vn
2019117652,Lê Tuấn Thảo,sv017652@uni.edu.vn
2020117653,Phạm Tuấn Thảo,sv017653@uni.edu.vn
2021117654,Hoàng Tuấn Thảo,sv017654@uni.edu.vn
2022117655,Vũ Tuấn Thảo,sv017655@uni.edu.vn
2023117656,Đặng Tuấn Thảo,sv017656@uni.edu.vn
2024117657,Bùi Tuấn Thảo,sv017657@uni.edu.vn
2019117658,Đỗ Tuấn Thảo,sv017658@uni.edu.vn
2020117659,Hồ Tuấn Thảo,sv017659@uni.edu.vn
2021117660,Nguyễn Hữu Thảo,sv017660@uni.edu.vn
2022117661,Trần Hữu Thảo,sv017661@uni.edu.vn
2023117662,Lê Hữu Thảo,sv017662@uni.edu.vn
2024117663,Phạm Hữu Thảo,sv017663@uni.edu.vn
2019117664,Hoàng Hữu Thảo,sv017664@uni.edu.vn
2020117665,Vũ Hữu Thảo,sv017665@uni.edu.vn
2021117666,Đặng Hữu Thảo,sv017666@uni.edu.vn
2022117667,Bùi Hữu Thảo,sv017667@uni.edu.vn
2023117668,Đỗ Hữu Thảo,sv017668@uni.edu.vn
2024117669,Hồ Hữu Thảo,sv017669@uni.edu.vn
2019117670,Nguyễn Thành Thảo,sv017670@uni.edu.vn
2020117671,Trần Thành Thảo,sv017671@uni.edu.vn
2021117672,Lê Thành Thảo,sv017672@uni.edu.vn
2022117673,Phạm Thành Thảo,sv017673@uni.edu.vn
2023117674,Hoàng Thành Thảo,sv017674@uni.edu.vn
2024117675,Vũ Thành Thảo,sv017675@uni.edu.vn
2019117676,Đặng Thành Thảo,sv017676@uni.edu.vn
2020117677,Bùi Thành Thảo,sv017677@uni.edu.vn
2021117678,Đỗ Thành Thảo,sv017678@uni.edu.vn
2022117679,Hồ Thành Thảo,sv017679@uni.edu.vn
2023117680,Nguyễn Ngọc Thảo,sv017680@uni.edu.vn
2024117681,Trần Ngọc Thảo,sv017681@uni.edu.vn
2019117682,Lê Ngọc Thảo,sv017682@uni.edu.vn
2020117683,Phạm Ngọc Thảo,sv017683@uni.edu.vn
2021117684,Hoàng Ngọc Thảo,sv017684@uni.edu.vn
2022117685,Vũ Ngọc Thảo,sv017685@uni.edu.vn
2023117686,Đặng Ngọc Thảo,sv017686@uni.edu.vn
2024117687,Bùi Ngọc Thảo,sv017687@uni.edu.vn
2019117688,Đỗ Ngọc Thảo,sv017688@uni.edu.vn
2020117689,Hồ Ngọc Thảo,sv017689@uni.edu.vn
2021117690,Nguyễn Thảo,sv017690@uni.edu.vn
2022117691,Trần Thảo,sv017691@uni.edu.vn
2023117692,Lê Thảo,sv017692@uni.edu.vn
2024117693,Phạm Thảo,sv017693@uni.edu.vn
2019117694,Hoàng Thảo,sv017694@uni.edu.vn
2020117695,Vũ Thảo,sv017695@uni.edu.vn
2021117696,Đặng Thảo,sv017696@uni.edu.vn
2022117697,Bùi Thảo,sv017697@uni.edu.vn
2023117698,Đỗ Thảo,sv017698@uni.edu.vn
2024117699,Hồ Thảo,sv017699@uni.edu.vn
2019117700,Nguyễn Thị Uyên,sv017700@uni.edu.vn
2020117701,Trần Thị Uyên,sv017701@uni.edu.vn
2021117702,Lê Thị Uyên,sv017702@uni.edu.vn
2022117703,Phạm Thị Uyên,sv017703@uni.edu.vn
2023117704,Hoàng Thị Uyên,sv017704@uni.edu.vn
2024117705,Vũ Thị Uyên,sv017705@uni.edu.vn
2019117706,Đặng Thị Uyên,sv017706@uni.edu.vn
2020117707,Bùi Thị Uyên,sv017707@uni.edu.vn
2021117708,Đỗ Thị Uyên,sv017708@uni.edu.vn
2022117709,Hồ Thị Uyên,sv017709@uni.edu.vn
2023117710,Nguyễn Văn Uyên,sv017710@uni.edu.vn
2024117711,Trần Văn Uyên,sv017711@uni.edu.vn
2019117712,Lê Văn Uyên,sv017712@uni.edu.vn
2020117713,Phạm Văn Uyên,sv017713@uni.edu.vn
2021117714,Hoàng Văn Uyên,sv017714@uni.edu.vn
2022117715,Vũ Văn Uyên,sv017715@uni.edu.vn
2023117716,Đặng Văn Uyên,sv017716@uni.edu.vn
2024117717,Bùi Văn Uyên,sv017717@uni.edu.vn
2019117718,Đỗ Văn Uyên,sv017718@uni.edu.vn
2020117719,Hồ Văn Uyên,sv017719@uni.edu.vn
2021117720,Nguyễn Minh Uyên,sv017720@uni.edu.vn
2022117721,Trần Minh Uyên,sv017721@uni.edu.vn
2023117722,Lê Minh Uyên,sv017722@uni.edu.vn
2024117723,Phạm Minh Uyên,sv017723@uni.edu.vn
2019117724,Hoàng Minh Uyên,sv017724@uni.edu.vn
2020117725,Vũ Minh Uyên,sv017725@uni.edu.vn
2021117726,Đặng Minh Uyên,sv017726@uni.edu.vn
2022117727,Bùi Minh Uyên,sv017727@uni.edu.vn
2023117728,Đỗ Minh Uyên,sv017728@uni.edu.vn
2024117729,Hồ Minh Uyên,sv017729@uni.edu.vn
2019117730,Nguyễn Quốc Uyên,sv017730@uni.edu.vn
2020117731,Trần Quốc Uyên,sv017731@uni.edu.vn
2021117732,Lê Quốc Uyên,sv017732@uni.edu.vn
2022117733,Phạm Quốc Uyên,sv017733@uni.edu.vn
2023117734,Hoàng Quốc Uyên,sv017734@uni.edu.vn
2024117735,Vũ Quốc Uyên,sv017735@uni.edu.vn
2019117736,Đặng Quốc Uyên,sv017736@uni.edu.vn
2020117737,Bùi Quốc Uyên,sv017737@uni.edu.vn
2021117738,Đỗ Quốc Uyên,sv017738@uni.edu.vn
2022117739,Hồ Quốc Uyên,sv017739@uni.edu.vn
2023117740,Nguyễn Anh Uyên,sv017740@uni.edu.vn
2024117741,Trần Anh Uyên,sv017741@uni.edu.vn
2019117742,Lê Anh Uyên,sv017742@uni.edu.vn
2020117743,Phạm Anh Uyên,sv017743@uni.edu.vn
2021117744,Hoàng Anh Uyên,sv017744@uni.edu.vn
2022117745,Vũ Anh Uyên,sv017745@uni.edu.vn
2023117746,Đặng Anh Uyên,sv017746@uni.edu.vn
2024117747,Bùi Anh Uyên,sv017747@uni.edu.vn
2019117748,Đỗ Anh Uyên,sv017748@uni.edu.vn
2020117749,Hồ Anh Uyên,sv017749@uni.edu.vn
2021117750,Nguyễn Tuấn Uyên,sv017750@uni.edu.vn
2022117751,Trần Tuấn Uyên,sv017751@uni.edu.vn
2023117752,Lê Tuấn Uyên,sv017752@uni.edu.vn
2024117753,Phạm Tuấn Uyên,sv017753@uni.edu.vn
2019117754,Hoàng Tuấn Uyên,sv017754@uni.edu.vn
2020117755,Vũ Tuấn Uyên,sv017755@uni.edu.vn
2021117756,Đặng Tuấn Uyên,sv017756@uni.edu.vn
2022117757,Bùi Tuấn Uyên,sv017757@uni.edu.vn
2023117758,Đỗ Tuấn Uyên,sv017758@uni.edu.vn
2024117759,Hồ Tuấn Uyên,sv017759@uni.edu.vn
2019117760,Nguyễn Hữu Uyên,sv017760@uni.edu.vn
2020117761,Trần Hữu Uyên,sv017761@uni.edu.vn
2021117762,Lê Hữu Uyên,sv017762@uni.edu.vn
2022117763,Phạm Hữu Uyên,sv017763@uni.edu.vn
2023117764,Hoàng Hữu Uyên,sv017764@uni.edu.vn
2024117765,Vũ Hữu Uyên,sv017765@uni.edu.vn
2019117766,Đặng Hữu Uyên,sv017766@uni.edu.vn
2020117767,Bùi Hữu Uyên,sv017767@uni.edu.vn
2021117768,Đỗ Hữu Uyên,sv017768@uni.edu.vn
2022117769,Hồ Hữu Uyên,sv017769@uni.edu.vn
2023117770,Nguyễn Thành Uyên,sv017770@uni.edu.vn
2024117771,Trần Thành Uyên,sv017771@uni.edu.vn
2019117772,Lê Thành Uyên,sv017772@uni.edu.vn
2020117773,Phạm Thành Uyên,sv017773@uni.edu.vn
2021117774,Hoàng Thành Uyên,sv017774@uni.edu.vn
2022117775,Vũ Thành Uyên,sv017775@uni.edu.vn
2023117776,Đặng Thành Uyên,sv017776@uni.edu.vn
2024117777,Bùi Thành Uyên,sv017777@uni.edu.vn
2019117778,Đỗ Thành Uyên,sv017778@uni.edu.vn
2020117779,Hồ Thành Uyên,sv017779@uni.edu.vn
2021117780,Nguyễn Ngọc Uyên,sv017780@uni.edu.vn
2022117781,Trần Ngọc Uyên,sv017781@uni.edu.vn
2023117782,Lê Ngọc Uyên,sv017782@uni.edu.vn
2024117783,Phạm Ngọc Uyên,sv017783@uni.edu.vn
2019117784,Hoàng Ngọc Uyên,sv017784@uni.edu.vn
2020117785,Vũ Ngọc Uyên,sv017785@uni.edu.vn
2021117786,Đặng Ngọc Uyên,sv017786@uni.edu.vn
2022117787,Bùi Ngọc Uyên,sv017787@uni.edu.vn
2023117788,Đỗ Ngọc Uyên,sv017788@uni.edu.vn
2024117789,Hồ Ngọc Uyên,sv017789@uni.edu.vn
2019117790,Nguyễn Uyên,sv017790@uni.edu.vn
2020117791,Trần Uyên,sv017791@uni.edu.vn
2021117792,Lê Uyên,sv017792@uni.edu.vn
2022117793,Phạm Uyên,sv017793@uni.edu.vn
2023117794,Hoàng Uyên,sv017794@uni.edu.vn
2024117795,Vũ Uyên,sv017795@uni.edu.vn
2019117796,Đặng Uyên,sv017796@uni.edu.vn
2020117797,Bùi Uyên,sv017797@uni.edu.vn
2021117798,Đỗ Uyên,sv017798@uni.edu.vn
2022117799,Hồ Uyên,sv017799@uni.edu.vn
2023117800,Nguyễn Thị Việt,sv017800@uni.edu.vn
2024117801,Trần Thị Việt,sv017801@uni.edu.vn
2019117802,Lê Thị Việt,sv017802@uni.edu.vn
2020117803,Phạm Thị Việt,sv017803@uni.edu.vn
2021117804,Hoàng Thị Việt,sv017804@uni.edu.vn
2022117805,Vũ Thị Việt,sv017805@uni.edu.vn
2023117806,Đặng Thị Việt,sv017806@uni.edu.vn
2024117807,Bùi Thị Việt,sv017807@uni.edu.vn
2019117808,Đỗ Thị Việt,sv017808@uni.edu.vn
2020117809,Hồ Thị Việt,sv017809@uni.edu.vn
2021117810,Nguyễn Văn Việt,sv017810@uni.edu.vn
2022117811,Trần Văn Việt,sv017811@uni.edu.vn
2023117812,Lê Văn Việt,sv017812@uni.edu.vn
2024117813,Phạm Văn Việt,sv017813@uni.edu.vn
2019117814,Hoàng Văn Việt,sv017814@uni.edu.vn
2020117815,Vũ Văn Việt,sv017815@uni.edu.vn
2021117816,Đặng Văn Việt,sv017816@uni.edu.vn
2022117817,Bùi Văn Việt,sv017817@uni.edu.vn
2023117818,Đỗ Văn Việt,sv017818@uni.edu.vn
2024117819,Hồ Văn Việt,sv017819@uni.edu.vn
2019117820,Nguyễn Minh Việt,sv017820@uni.edu.vn
2020117821,Trần Minh Việt,sv017821@uni.edu.vn
2021117822,Lê Minh Việt,sv017822@uni.edu.vn
2022117823,Phạm Minh Việt,sv017823@uni.edu.vn
2023117824,Hoàng Minh Việt,sv017824@uni.edu.vn
2024117825,Vũ Minh Việt,sv017825@uni.edu.vn
2019117826,Đặng Minh Việt,sv017826@uni.edu.vn
2020117827,Bùi Minh Việt,sv017827@uni.edu.vn
2021117828,Đỗ Minh Việt,sv017828@uni.edu.vn
2022117829,Hồ Minh Việt,sv017829@uni.edu.vn
2023117830,Nguyễn Quốc Việt,sv017830@uni.edu.vn
2024117831,Trần Quốc Việt,sv017831@uni.edu.vn
2019117832,Lê Quốc Việt,sv017832@uni.edu.vn
2020117833,Phạm Quốc Việt,sv017833@uni.edu.vn
2021117834,Hoàng Quốc Việt,sv017834@uni.edu.vn
2022117835,Vũ Quốc Việt,sv017835@uni.edu.vn
2023117836,Đặng Quốc Việt,sv017836@uni.edu.vn
2024117837,Bùi Quốc Việt,sv017837@uni.edu.vn
2019117838,Đỗ Quốc Việt,sv017838@uni.edu.vn
2020117839,Hồ Quốc Việt,sv017839@uni.edu.vn
2021117840,Nguyễn Anh Việt,sv017840@uni.edu.vn
2022117841,Trần Anh Việt,sv017841@uni.edu.vn
2023117842,Lê Anh Việt,sv017842@uni.edu.vn
2024117843,Phạm Anh Việt,sv017843@uni.edu.vn
2019117844,Hoàng Anh Việt,sv017844@uni.edu.vn
2020117845,Vũ Anh Việt,sv017845@uni.edu.vn
2021117846,Đặng Anh Việt,sv017846@uni.edu.vn
2022117847,Bùi Anh Việt,sv017847@uni.edu.vn
2023117848,Đỗ Anh Việt,sv017848@uni.edu.vn
2024117849,Hồ Anh Việt,sv017849@uni.edu.vn
2019117850,Nguyễn Tuấn Việt,sv017850@uni.edu.vn
2020117851,Trần Tuấn Việt,sv017851@uni.edu.vn
2021117852,Lê Tuấn Việt,sv017852@uni.edu.vn
2022117853,Phạm Tuấn Việt,sv017853@uni.edu.vn
2023117854,Hoàng Tuấn Việt,sv017854@uni.edu.vn
2024117855,Vũ Tuấn Việt,sv017855@uni.edu.vn
2019117856,Đặng Tuấn Việt,sv017856@uni.edu.vn
2020117857,Bùi Tuấn Việt,sv017857@uni.edu.vn
2021117858,Đỗ Tuấn Việt,sv017858@uni.edu.vn
2022117859,Hồ Tuấn Việt,sv017859@uni.edu.vn
2023117860,Nguyễn Hữu Việt,sv017860@uni.edu.vn
2024117861,Trần Hữu Việt,sv017861@uni.edu.vn
2019117862,Lê Hữu Việt,sv017862@uni.edu.vn
2020117863,Phạm Hữu Việt,sv017863@uni.edu.vn
2021117864,Hoàng Hữu Việt,sv017864@uni.edu.vn
2022117865,Vũ Hữu Việt,sv017865@uni.edu.vn
2023117866,Đặng Hữu Việt,sv017866@uni.edu.vn
2024117867,Bùi Hữu Việt,sv017867@uni.edu.vn
2019117868,Đỗ Hữu Việt,sv017868@uni.edu.vn
2020117869,Hồ Hữu Việt,sv017869@uni.edu.vn
2021117870,Nguyễn Thành Việt,sv017870@uni.edu.vn
2022117871,Trần Thành Việt,sv017871@uni.edu.vn
2023117872,Lê Thành Việt,sv017872@uni.edu.vn
2024117873,Phạm Thành Việt,sv017873@uni.edu.vn
2019117874,Hoàng Thành Việt,sv017874@uni.edu.vn
2020117875,Vũ Thành Việt,sv017875@uni.edu.vn
2021117876,Đặng Thành Việt,sv017876@uni.edu.vn
2022117877,Bùi Thành Việt,sv017877@uni.edu.vn
2023117878,Đỗ Thành Việt,sv017878@uni.edu.vn
2024117879,Hồ Thành Việt,sv017879@uni.edu.vn
2019117880,Nguyễn Ngọc Việt,sv017880@uni.edu.vn
2020117881,Trần Ngọc Việt,sv017881@uni.edu.vn
2021117882,Lê Ngọc Việt,sv017882@uni.edu.vn
2022117883,Phạm Ngọc Việt,sv017883@uni.edu.vn
2023117884,Hoàng Ngọc Việt,sv017884@uni.edu.vn
2024117885,Vũ Ngọc Việt,sv017885@uni.edu.vn
2019117886,Đặng Ngọc Việt,sv017886@uni.edu.vn
2020117887,Bùi Ngọc Việt,sv017887@uni.edu.vn
2021117888,Đỗ Ngọc Việt,sv017888@uni.edu.vn
2022117889,Hồ Ngọc Việt,sv017889@uni.edu.vn
2023117890,Nguyễn Việt,sv017890@uni.edu.vn
2024117891,Trần Việt,sv017891@uni.edu.vn
2019117892,Lê Việt,sv017892@uni.edu.vn
2020117893,Phạm Việt,sv017893@uni.edu.vn
2021117894,Hoàng Việt,sv017894@uni.edu.vn
2022117895,Vũ Việt,sv017895@uni.edu.vn
2023117896,Đặng Việt,sv017896@uni.edu.vn
2024117897,Bùi Việt,sv017897@uni.edu.vn
2019117898,Đỗ Việt,sv017898@uni.edu.vn
2020117899,Hồ Việt,sv017899@uni.edu.vn
2021117900,Nguyễn Thị Yến,sv017900@uni.edu.vn
2022117901,Trần Thị Yến,sv017901@uni.edu.vn
2023117902,Lê Thị Yến,sv017902@uni.edu.vn
2024117903,Phạm Thị Yến,sv017903@uni.edu.vn
2019117904,Hoàng Thị Yến,sv017904@uni.edu.vn
2020117905,Vũ Thị Yến,sv017905@uni.edu.vn
2021117906,Đặng Thị Yến,sv017906@uni.edu.vn
2022117907,Bùi Thị Yến,sv017907@uni.edu.vn
2023117908,Đỗ Thị Yến,sv017908@uni.edu.vn
2024117909,Hồ Thị Yến,sv017909@uni.edu.vn
2019117910,Nguyễn Văn Yến,sv017910@uni.edu.vn
2020117911,Trần Văn Yến,sv017911@uni.edu.vn
2021117912,Lê Văn Yến,sv017912@uni.edu.vn
2022117913,Phạm Văn Yến,sv017913@uni.edu.vn
2023117914,Hoàng Văn Yến,sv017914@uni.edu.vn
2024117915,Vũ Văn Yến,sv017915@uni.edu.vn
2019117916,Đặng Văn Yến,sv017916@uni.edu.vn
2020117917,Bùi Văn Yến,sv017917@uni.edu.vn
2021117918,Đỗ Văn Yến,sv017918@uni.edu.vn
2022117919,Hồ Văn Yến,sv017919@uni.edu.vn
2023117920,Nguyễn Minh Yến,sv017920@uni.edu.vn
2024117921,Trần Minh Yến,sv017921@uni.edu.vn
2019117922,Lê Minh Yến,sv017922@uni.edu.vn
2020117923,Phạm Minh Yến,sv017923@uni.edu.vn
2021117924,Hoàng Minh Yến,sv017924@uni.edu.vn
2022117925,Vũ Minh Yến,sv017925@uni.edu.vn
2023117926,Đặng Minh Yến,sv017926@uni.edu.vn
2024117927,Bùi Minh Yến,sv017927@uni.edu.vn
2019117928,Đỗ Minh Yến,sv017928@uni.edu.vn
2020117929,Hồ Minh Yến,sv017929@uni.edu.vn
2021117930,Nguyễn Quốc Yến,sv017930@uni.edu.vn
2022117931,Trần Quốc Yến,sv017931@uni.edu.vn
2023117932,Lê Quốc Yến,sv017932@uni.edu.vn
2024117933,Phạm Quốc Yến,sv017933@uni.edu.vn
2019117934,Hoàng Quốc Yến,sv017934@uni.edu.vn
2020117935,Vũ Quốc Yến,sv017935@uni.edu.vn
2021117936,Đặng Quốc Yến,sv017936@uni.edu.vn
2022117937,Bùi Quốc Yến,sv017937@uni.edu.vn
2023117938,Đỗ Quốc Yến,sv017938@uni.edu.vn
2024117939,Hồ Quốc Yến,sv017939@uni.edu.vn
2019117940,Nguyễn Anh Yến,sv017940@uni.edu.vn
2020117941,Trần Anh Yến,sv017941@uni.edu.vn
2021117942,Lê Anh Yến,sv017942@uni.edu.vn
2022117943,Phạm Anh Yến,sv017943@uni.edu.vn
2023117944,Hoàng Anh Yến,sv017944@uni.edu.vn
2024117945,Vũ Anh Yến,sv017945@uni.edu.vn
2019117946,Đặng Anh Yến,sv017946@uni.edu.vn
2020117947,Bùi Anh Yến,sv017947@uni.edu.vn
2021117948,Đỗ Anh Yến,sv017948@uni.edu.vn
2022117949,Hồ Anh Yến,sv017949@uni.edu.vn
2023117950,Nguyễn Tuấn Yến,sv017950@uni.edu.vn
2024117951,Trần Tuấn Yến,sv017951@uni.edu.vn
2019117952,Lê Tuấn Yến,sv017952@uni.edu.vn
2020117953,Phạm Tuấn Yến,sv017953@uni.edu.vn
2021117954,Hoàng Tuấn Yến,sv017954@uni.edu.vn
2022117955,Vũ Tuấn Yến,sv017955@uni.edu.vn
2023117956,Đặng Tuấn Yến,sv017956@uni.edu.vn
2024117957,Bùi Tuấn Yến,sv017957@uni.edu.vn
2019117958,Đỗ Tuấn Yến,sv017958@uni.edu.vn
2020117959,Hồ Tuấn Yến,sv017959@uni.edu.vn
2021117960,Nguyễn Hữu Yến,sv017960@uni.edu.vn
2022117961,Trần Hữu Yến,sv017961@uni.edu.vn
2023117962,Lê Hữu Yến,sv017962@uni.edu.vn
2024117963,Phạm Hữu Yến,sv017963@uni.edu.vn
2019117964,Hoàng Hữu Yến,sv017964@uni.edu.vn
2020117965,Vũ Hữu Yến,sv017965@uni.edu.vn
2021117966,Đặng Hữu Yến,sv017966@uni.edu.vn
2022117967,Bùi Hữu Yến,sv017967@uni.edu.vn
2023117968,Đỗ Hữu Yến,sv017968@uni.edu.vn
2024117969,Hồ Hữu Yến,sv017969@uni.edu.vn
2019117970,Nguyễn Thành Yến,sv017970@uni.edu.vn
2020117971,Trần Thành Yến,sv017971@uni.edu.vn
2021117972,Lê Thành Yến,sv017972@uni.edu.vn
2022117973,Phạm Thành Yến,sv017973@uni.edu.vn
2023117974,Hoàng Thành Yến,sv017974@uni.edu.vn
2024117975,Vũ Thành Yến,sv017975@uni.edu.vn
2019117976,Đặng Thành Yến,sv017976@uni.edu.vn
2020117977,Bùi Thành Yến,sv017977@uni.edu.vn
2021117978,Đỗ Thành Yến,sv017978@uni.edu.vn
2022117979,Hồ Thành Yến,sv017979@uni.edu.vn
2023117980,Nguyễn Ngọc Yến,sv017980@uni.edu.vn
2024117981,Trần Ngọc Yến,sv017981@uni.edu.vn
2019117982,Lê Ngọc Yến,sv017982@uni.edu.vn
2020117983,Phạm Ngọc Yến,sv017983@uni.edu.vn
2021117984,Hoàng Ngọc Yến,sv017984@uni.edu.vn
2022117985,Vũ Ngọc Yến,sv017985@uni.edu.vn
2023117986,Đặng Ngọc Yến,sv017986@uni.edu.vn
2024117987,Bùi Ngọc Yến,sv017987@uni.edu.vn
2019117988,Đỗ Ngọc Yến,sv017988@uni.edu.vn
2020117989,Hồ Ngọc Yến,sv017989@uni.edu.vn
2021117990,Nguyễn Yến,sv017990@uni.edu.vn
2022117991,Trần Yến,sv017991@uni.edu.vn
2023117992,Lê Yến,sv017992@uni.edu.vn
2024117993,Phạm Yến,sv017993@uni.edu.vn
2019117994,Hoàng Yến,sv017994@uni.edu.vn
2020117995,Vũ Yến,sv017995@uni.edu.vn
2021117996,Đặng Yến,sv017996@uni.edu.vn
2022117997,Bùi Yến,sv017997@uni.edu.vn
2023117998,Đỗ Yến,sv017998@uni.edu.vn
2024117999,Hồ Yến,sv017999@uni.edu.vn
2019118000,Nguyễn Thị An,sv018000@uni.edu.vn
2020118001,Trần Thị An,sv018001@uni.edu.vn
2021118002,Lê Thị An,sv018002@uni.edu.vn
2022118003,Phạm Thị An,sv018003@uni.edu.vn
2023118004,Hoàng Thị An,sv018004@uni.edu.vn
2024118005,Vũ Thị An,sv018005@uni.edu.vn
2019118006,Đặng Thị An,sv018006@uni.edu.vn
2020118007,Bùi Thị An,sv018007@uni.edu.vn
2021118008,Đỗ Thị An,sv018008@uni.edu.vn
2022118009,Hồ Thị An,sv018009@uni.edu.vn
2023118010,Nguyễn Văn An,sv018010@uni.edu.vn
2024118011,Trần Văn An,sv018011@uni.edu.vn
2019118012,Lê Văn An,sv018012@uni.edu.vn
2020118013,Phạm Văn An,sv018013@uni.edu.vn
2021118014,Hoàng Văn An,sv018014@uni.edu.vn
2022118015,Vũ Văn An,sv018015@uni.edu.vn
2023118016,Đặng Văn An,sv018016@uni.edu.vn
2024118017,Bùi Văn An,sv018017@uni.edu.vn
2019118018,Đỗ Văn An,sv018018@uni.edu.vn
2020118019,Hồ Văn An,sv018019@uni.edu.vn
2021118020,Nguyễn Minh An,sv018020@uni.edu.vn
2022118021,Trần Minh An,sv018021@uni.edu.vn
2023118022,Lê Minh An,sv018022@uni.edu.vn
2024118023,Phạm Minh An,sv018023@uni.edu.vn
2019118024,Hoàng Minh An,sv018024@uni.edu.vn
2020118025,Vũ Minh An,sv018025@uni.edu.vn
2021118026,Đặng Minh An,sv018026@uni.edu.vn
2022118027,Bùi Minh An,sv018027@uni.edu.vn
2023118028,Đỗ Minh An,sv018028@uni.edu.vn
2024118029,Hồ Minh An,sv018029@uni.edu.vn
2019118030,Nguyễn Quốc An,sv018030@uni.edu.vn
2020118031,Trần Quốc An,sv018031@uni.edu.vn
2021118032,Lê Quốc An,sv018032@uni.edu.vn
2022118033,Phạm Quốc An,sv018033@uni.edu.vn
2023118034,Hoàng Quốc An,sv018034@uni.edu.vn
2024118035,Vũ Quốc An,sv018035@uni.edu.vn
2019118036,Đặng Quốc An,sv018036@uni.edu.vn
2020118037,Bùi Quốc An,sv018037@uni.edu.vn
2021118038,Đỗ Quốc An,sv018038@uni.edu.vn
2022118039,Hồ Quốc An,sv018039@uni.edu.vn
2023118040,Nguyễn Anh An,sv018040@uni.edu.vn
2024118041,Trần Anh An,sv018041@uni.edu.vn
2019118042,Lê Anh An,sv018042@uni.edu.vn
2020118043,Phạm Anh An,sv018043@uni.edu.vn
2021118044,Hoàng Anh An,sv018044@uni.edu.vn
2022118045,Vũ Anh An,sv018045@uni.edu.vn
2023118046,Đặng Anh An,sv018046@uni.edu.vn
2024118047,Bùi Anh An,sv018047@uni.edu.vn
2019118048,Đỗ Anh An,sv018048@uni.edu.vn
2020118049,Hồ Anh An,sv018049@uni.edu.vn
2021118050,Nguyễn Tuấn An,sv018050@uni.edu.vn
2022118051,Trần Tuấn An,sv018051@uni.edu.vn
2023118052,Lê Tuấn An,sv018052@uni.edu.vn
2024118053,Phạm Tuấn An,sv018053@uni.edu.vn
2019118054,Hoàng Tuấn An,sv018054@uni.edu.vn
2020118055,Vũ Tuấn An,sv018055@uni.edu.vn
2021118056,Đặng Tuấn An,sv018056@uni.edu.vn
2022118057,Bùi Tuấn An,sv018057@uni.edu.vn
2023118058,Đỗ Tuấn An,sv018058@uni.edu.vn
2024118059,Hồ Tuấn An,sv018059@uni.edu.vn
2019118060,Nguyễn Hữu An,sv018060@uni.edu.vn
2020118061,Trần Hữu An,sv018061@uni.edu.vn
2021118062,Lê Hữu An,sv018062@uni.edu.vn
2022118063,Phạm Hữu An,sv018063@uni.edu.vn
2023118064,Hoàng Hữu An,sv018064@uni.edu.vn
2024118065,Vũ Hữu An,sv018065@uni.edu.vn
2019118066,Đặng Hữu An,sv018066@uni.edu.vn
2020118067,Bùi Hữu An,sv018067@uni.edu.vn
2021118068,Đỗ Hữu An,sv018068@uni.edu.vn
2022118069,Hồ Hữu An,sv018069@uni.edu.vn
2023118070,Nguyễn Thành An,sv018070@uni.edu.vn
2024118071,Trần Thành An,sv018071@uni.edu.vn
2019118072,Lê Thành An,sv018072@uni.edu.vn
2020118073,Phạm Thành An,sv018073@uni.edu.vn
2021118074,Hoàng Thành An,sv018074@uni.edu.vn
2022118075,Vũ Thành An,sv018075@uni.edu.vn
2023118076,Đặng Thành An,sv018076@uni.edu.vn
2024118077,Bùi Thành An,sv018077@uni.edu.vn
2019118078,Đỗ Thành An,sv018078@uni.edu.vn
2020118079,Hồ Thành An,sv018079@uni.edu.vn
2021118080,Nguyễn Ngọc An,sv018080@uni.edu.vn
2022118081,Trần Ngọc An,sv018081@uni.edu.vn
2023118082,Lê Ngọc An,sv018082@uni.edu.vn
2024118083,Phạm Ngọc An,sv018083@uni.edu.vn
2019118084,Hoàng Ngọc An,sv018084@uni.edu.vn
2020118085,Vũ Ngọc An,sv018085@uni.edu.vn
2021118086,Đặng Ngọc An,sv018086@uni.edu.vn
2022118087,Bùi Ngọc An,sv018087@uni.edu.vn
2023118088,Đỗ Ngọc An,sv018088@uni.edu.vn
2024118089,Hồ Ngọc An,sv018089@uni.edu.vn
2019118090,Nguyễn An,sv018090@uni.edu.vn
2020118091,Trần An,sv018091@uni.edu.vn
2021118092,Lê An,sv018092@uni.edu.vn
2022118093,Phạm An,sv018093@uni.edu.vn
2023118094,Hoàng An,sv018094@uni.edu.vn
2024118095,Vũ An,sv018095@uni.edu.vn
2019118096,Đặng An,sv018096@uni.edu.vn
2020118097,Bùi An,sv018097@uni.edu.vn
2021118098,Đỗ An,sv018098@uni.edu.vn
2022118099,Hồ An,sv018099@uni.edu.vn
2023118100,Nguyễn Thị Bình,sv018100@uni.edu.vn
2024118101,Trần Thị Bình,sv018101@uni.edu.vn
2019118102,Lê Thị Bình,sv018102@uni.edu.vn
2020118103,Phạm Thị Bình,sv018103@uni.edu.vn
2021118104,Hoàng Thị Bình,sv018104@uni.edu.vn
2022118105,Vũ Thị Bình,sv018105@uni.edu.vn
2023118106,Đặng Thị Bình,sv018106@uni.edu.vn
2024118107,Bùi Thị Bình,sv018107@uni.edu.vn
2019118108,Đỗ Thị Bình,sv018108@uni.edu.vn
2020118109,Hồ Thị Bình,sv018109@uni.edu.vn
2021118110,Nguyễn Văn Bình,sv018110@uni.edu.vn
2022118111,Trần Văn Bình,sv018111@uni.edu.vn
2023118112,Lê Văn Bình,sv018112@uni.edu.vn
2024118113,Phạm Văn Bình,sv018113@uni.edu.vn
2019118114,Hoàng Văn Bình,sv018114@uni.edu.vn
2020118115,Vũ Văn Bình,sv018115@uni.edu.vn
2021118116,Đặng Văn Bình,sv018116@uni.edu.vn
2022118117,Bùi Văn Bình,sv018117@uni.edu.vn
2023118118,Đỗ Văn Bình,sv018118@uni.edu.vn
2024118119,Hồ Văn Bình,sv018119@uni.edu.vn
2019118120,Nguyễn Minh Bình,sv018120@uni.edu.vn
2020118121,Trần Minh Bình,sv018121@uni.edu.vn
2021118122,Lê Minh Bình,sv018122@uni.edu.vn
2022118123,Phạm Minh Bình,sv018123@uni.edu.vn
2023118124,Hoàng Minh Bình,sv018124@uni.edu.vn
2024118125,Vũ Minh Bình,sv018125@uni.edu.vn
2019118126,Đặng Minh Bình,sv018126@uni.edu.vn
2020118127,Bùi Minh Bình,sv018127@uni.edu.vn
2021118128,Đỗ Minh Bình,sv018128@uni.edu.vn
2022118129,Hồ Minh Bình,sv018129@uni.edu.vn
2023118130,Nguyễn Quốc Bình,sv018130@uni.edu.vn
2024118131,Trần Quốc Bình,sv018131@uni.edu.vn
2019118132,Lê Quốc Bình,sv018132@uni.edu.vn
2020118133,Phạm Quốc Bình,sv018133@uni.edu.vn
2021118134,Hoàng Quốc Bình,sv018134@uni.edu.vn
2022118135,Vũ Quốc Bình,sv018135@uni.edu.vn
2023118136,Đặng Quốc Bình,sv018136@uni.edu.vn
2024118137,Bùi Quốc Bình,sv018137@uni.edu.vn
2019118138,Đỗ Quốc Bình,sv018138@uni.edu.vn
2020118139,Hồ Quốc Bình,sv018139@uni.edu.vn
2021118140,Nguyễn Anh Bình,sv018140@uni.edu.vn
2022118141,Trần Anh Bình,sv018141@uni.edu.vn
2023118142,Lê Anh Bình,sv018142@uni.edu.vn
2024118143,Phạm Anh Bình,sv018143@uni.edu.vn
2019118144,Hoàng Anh Bình,sv018144@uni.edu.vn
2020118145,Vũ Anh Bình,sv018145@uni.edu.vn
2021118146,Đặng Anh Bình,sv018146@uni.edu.vn
2022118147,Bùi Anh Bình,sv018147@uni.edu.vn
2023118148,Đỗ Anh Bình,sv018148@uni.edu.vn
2024118149,Hồ Anh Bình,sv018149@uni.edu.vn
2019118150,Nguyễn Tuấn Bình,sv018150@uni.edu.vn
2020118151,Trần Tuấn Bình,sv018151@uni.edu.vn
2021118152,Lê Tuấn Bình,sv018152@uni.edu.vn
2022118153,Phạm Tuấn Bình,sv018153@uni.edu.vn
2023118154,Hoàng Tuấn Bình,sv018154@uni.edu.vn
2024118155,Vũ Tuấn Bình,sv018155@uni.edu.vn
2019118156,Đặng Tuấn Bình,sv018156@uni.edu.vn
2020118157,Bùi Tuấn Bình,sv018157@uni.edu.vn
2021118158,Đỗ Tuấn Bình,sv018158@uni.edu.vn
2022118159,Hồ Tuấn Bình,sv018159@uni.edu.vn
2023118160,Nguyễn Hữu Bình,sv018160@uni.edu.vn
2024118161,Trần Hữu Bình,sv018161@uni.edu.vn
2019118162,Lê Hữu Bình,sv018162@uni.edu.vn
2020118163,Phạm Hữu Bình,sv018163@uni.edu.vn
2021118164,Hoàng Hữu Bình,sv018164@uni.edu.vn
2022118165,Vũ Hữu Bình,sv018165@uni.edu.vn
2023118166,Đặng Hữu Bình,sv018166@uni.edu.vn
2024118167,Bùi Hữu Bình,sv018167@uni.edu.vn
2019118168,Đỗ Hữu Bình,sv018168@uni.edu.vn
2020118169,Hồ Hữu Bình,sv018169@uni.edu.vn
2021118170,Nguyễn Thành Bình,sv018170@uni.edu.vn
2022118171,Trần Thành Bình,sv018171@uni.edu.vn
2023118172,Lê Thành Bình,sv018172@uni.edu.vn
2024118173,Phạm Thành Bình,sv018173@uni.edu.vn
2019118174,Hoàng Thành Bình,sv018174@uni.edu.vn
2020118175,Vũ Thành Bình,sv018175@uni.edu.vn
2021118176,Đặng Thành Bình,sv018176@uni.edu.vn
2022118177,Bùi Thành Bình,sv018177@uni.edu.vn
2023118178,Đỗ Thành Bình,sv018178@uni.edu.vn
2024118179,Hồ Thành Bình,sv018179@uni.edu.vn
2019118180,Nguyễn Ngọc Bình,sv018180@uni.edu.vn
2020118181,Trần Ngọc Bình,sv018181@uni.edu.vn
2021118182,Lê Ngọc Bình,sv018182@uni.edu.vn
2022118183,Phạm Ngọc Bình,sv018183@uni.edu.vn
2023118184,Hoàng Ngọc Bình,sv018184@uni.edu.vn
2024118185,Vũ Ngọc Bình,sv018185@uni.edu.vn
2019118186,Đặng Ngọc Bình,sv018186@uni.edu.vn
2020118187,Bùi Ngọc Bình,sv018187@uni.edu.vn
2021118188,Đỗ Ngọc Bình,sv018188@uni.edu.vn
2022118189,Hồ Ngọc Bình,sv018189@uni.edu.vn
2023118190,Nguyễn Bình,sv018190@uni.edu.vn
2024118191,Trần Bình,sv018191@uni.edu.vn
2019118192,Lê Bình,sv018192@uni.edu.vn
2020118193,Phạm Bình,sv018193@uni.edu.vn
2021118194,Hoàng Bình,sv018194@uni.edu.vn
2022118195,Vũ Bình,sv018195@uni.edu.vn
2023118196,Đặng Bình,sv018196@uni.edu.vn
2024118197,Bùi Bình,sv018197@uni.edu.vn
2019118198,Đỗ Bình,sv018198@uni.edu.vn
2020118199,Hồ Bình,sv018199@uni.edu.vn
2021118200,Nguyễn Thị Chi,sv018200@uni.edu.vn
2022118201,Trần Thị Chi,sv018201@uni.edu.vn
2023118202,Lê Thị Chi,sv018202@uni.edu.vn
2024118203,Phạm Thị Chi,sv018203@uni.edu.vn
2019118204,Hoàng Thị Chi,sv018204@uni.edu.vn
2020118205,Vũ Thị Chi,sv018205@uni.edu.vn
2021118206,Đặng Thị Chi,sv018206@uni.edu.vn
2022118207,Bùi Thị Chi,sv018207@uni.edu.vn
2023118208,Đỗ Thị Chi,sv018208@uni.edu.vn
2024118209,Hồ Thị Chi,sv018209@uni.edu.vn
2019118210,Nguyễn Văn Chi,sv018210@uni.edu.vn
2020118211,Trần Văn Chi,sv018211@uni.edu.vn
2021118212,Lê Văn Chi,sv018212@uni.edu.vn
2022118213,Phạm Văn Chi,sv018213@uni.edu.vn
2023118214,Hoàng Văn Chi,sv018214@uni.edu.vn
2024118215,Vũ Văn Chi,sv018215@uni.edu.vn
2019118216,Đặng Văn Chi,sv018216@uni.edu.vn
2020118217,Bùi Văn Chi,sv018217@uni.edu.vn
2021118218,Đỗ Văn Chi,sv018218@uni.edu.vn
2022118219,Hồ Văn Chi,sv018219@uni.edu.vn
2023118220,Nguyễn Minh Chi,sv018220@uni.edu.vn
2024118221,Trần Minh Chi,sv018221@uni.edu.vn
2019118222,Lê Minh Chi,sv018222@uni.edu.vn
2020118223,Phạm Minh Chi,sv018223@uni.edu.vn
2021118224,Hoàng Minh Chi,sv018224@uni.edu.vn
2022118225,Vũ Minh Chi,sv018225@uni.edu.vn
2023118226,Đặng Minh Chi,sv018226@uni.edu.vn
2024118227,Bùi Minh Chi,sv018227@uni.edu.vn
2019118228,Đỗ Minh Chi,sv018228@uni.edu.vn
2020118229,Hồ Minh Chi,sv018229@uni.edu.vn
2021118230,Nguyễn Quốc Chi,sv018230@uni.edu.vn
2022118231,Trần Quốc Chi,sv018231@uni.edu.vn
2023118232,Lê Quốc Chi,sv018232@uni.edu.vn
2024118233,Phạm Quốc Chi,sv018233@uni.edu.vn
2019118234,Hoàng Quốc Chi,sv018234@uni.edu.vn
2020118235,Vũ Quốc Chi,sv018235@uni.edu.vn
2021118236,Đặng Quốc Chi,sv018236@uni.edu.vn
2022118237,Bùi Quốc Chi,sv018237@uni.edu.vn
2023118238,Đỗ Quốc Chi,sv018238@uni.edu.vn
2024118239,Hồ Quốc Chi,sv018239@uni.edu.vn
2019118240,Nguyễn Anh Chi,sv018240@uni.edu.vn
2020118241,Trần Anh Chi,sv018241@uni.edu.vn
2021118242,Lê Anh Chi,sv018242@uni.edu.vn
2022118243,Phạm Anh Chi,sv018243@uni.edu.vn
2023118244,Hoàng Anh Chi,sv018244@uni.edu.vn
2024118245,Vũ Anh Chi,sv018245@uni.edu.vn
2019118246,Đặng Anh Chi,sv018246@uni.edu.vn
2020118247,Bùi Anh Chi,sv018247@uni.edu.vn
2021118248,Đỗ Anh Chi,sv018248@uni.edu.vn
2022118249,Hồ Anh Chi,sv018249@uni.edu.vn
2023118250,Nguyễn Tuấn Chi,sv018250@uni.edu.vn
2024118251,Trần Tuấn Chi,sv018251@uni.edu.vn
2019118252,Lê Tuấn Chi,sv018252@uni.edu.vn
2020118253,Phạm Tuấn Chi,sv018253@uni.edu.vn
2021118254,Hoàng Tuấn Chi,sv018254@uni.edu.vn
2022118255,Vũ Tuấn Chi,sv018255@uni.edu.vn
2023118256,Đặng Tuấn Chi,sv018256@uni.edu.vn
2024118257,Bùi Tuấn Chi,sv018257@uni.edu.vn
2019118258,Đỗ Tuấn Chi,sv018258@uni.edu.vn
2020118259,Hồ Tuấn Chi,sv018259@uni.edu.vn
2021118260,Nguyễn Hữu Chi,sv018260@uni.edu.vn
2022118261,Trần Hữu Chi,sv018261@uni.edu.vn
2023118262,Lê Hữu Chi,sv018262@uni.edu.vn
2024118263,Phạm Hữu Chi,sv018263@uni.edu.vn
2019118264,Hoàng Hữu Chi,sv018264@uni.edu.vn
2020118265,Vũ Hữu Chi,sv018265@uni.edu.vn
2021118266,Đặng Hữu Chi,sv018266@uni.edu.vn
2022118267,Bùi Hữu Chi,sv018267@uni.edu.vn
2023118268,Đỗ Hữu Chi,sv018268@uni.edu.vn
2024118269,Hồ Hữu Chi,sv018269@uni.edu.vn
2019118270,Nguyễn Thành Chi,sv018270@uni.edu.vn
2020118271,Trần Thành Chi,sv018271@uni.edu.vn
2021118272,Lê Thành Chi,sv018272@uni.edu.vn
2022118273,Phạm Thành Chi,sv018273@uni.edu.vn
2023118274,Hoàng Thành Chi,sv018274@uni.edu.vn
2024118275,Vũ Thành Chi,sv018275@uni.edu.vn
2019118276,Đặng Thành Chi,sv018276@uni.edu.vn
2020118277,Bùi Thành Chi,sv018277@uni.edu.vn
2021118278,Đỗ Thành Chi,sv018278@uni.edu.vn
2022118279,Hồ Thành Chi,sv018279@uni.edu.vn
2023118280,Nguyễn Ngọc Chi,sv018280@uni.edu.vn
2024118281,Trần Ngọc Chi,sv018281@uni.edu.vn
2019118282,Lê Ngọc Chi,sv018282@uni.edu.vn
2020118283,Phạm Ngọc Chi,sv018283@uni.edu.vn
2021118284,Hoàng Ngọc Chi,sv018284@uni.edu.vn
2022118285,Vũ Ngọc Chi,sv018285@uni.edu.vn
2023118286,Đặng Ngọc Chi,sv018286@uni.edu.vn
2024118287,Bùi Ngọc Chi,sv018287@uni.edu.vn
2019118288,Đỗ Ngọc Chi,sv018288@uni.edu.vn
2020118289,Hồ Ngọc Chi,sv018289@uni.edu.vn
2021118290,Nguyễn Chi,sv018290@uni.edu.vn
2022118291,Trần Chi,sv018291@uni.edu.vn
2023118292,Lê Chi,sv018292@uni.edu.vn
2024118293,Phạm Chi,sv018293@uni.edu.vn
2019118294,Hoàng Chi,sv018294@uni.edu.vn
2020118295,Vũ Chi,sv018295@uni.edu.vn
2021118296,Đặng Chi,sv018296@uni.edu.vn
2022118297,Bùi Chi,sv018297@uni.edu.vn
2023118298,Đỗ Chi,sv018298@uni.edu.vn
2024118299,Hồ Chi,sv018299@uni.edu.vn
2019118300,Nguyễn Thị Dũng,sv018300@uni.edu.vn
2020118301,Trần Thị Dũng,sv018301@uni.edu.vn
2021118302,Lê Thị Dũng,sv018302@uni.edu.vn
2022118303,Phạm Thị Dũng,sv018303@uni.edu.vn
2023118304,Hoàng Thị Dũng,sv018304@uni.edu.vn
2024118305,Vũ Thị Dũng,sv018305@uni.edu.vn
2019118306,Đặng Thị Dũng,sv018306@uni.edu.vn
2020118307,Bùi Thị Dũng,sv018307@uni.edu.vn
2021118308,Đỗ Thị Dũng,sv018308@uni.edu.vn
2022118309,Hồ Thị Dũng,sv018309@uni.edu.vn
2023118310,Nguyễn Văn Dũng,sv018310@uni.edu.vn
2024118311,Trần Văn Dũng,sv018311@uni.edu.vn
2019118312,Lê Văn Dũng,sv018312@uni.edu.vn
2020118313,Phạm Văn Dũng,sv018313@uni.edu.vn
2021118314,Hoàng Văn Dũng,sv018314@uni.edu.vn
2022118315,Vũ Văn Dũng,sv018315@uni.edu.vn
2023118316,Đặng Văn Dũng,sv018316@uni.edu.vn
2024118317,Bùi Văn Dũng,sv018317@uni.edu.vn
2019118318,Đỗ Văn Dũng,sv018318@uni.edu.vn
2020118319,Hồ Văn Dũng,sv018319@uni.edu.vn
2021118320,Nguyễn Minh Dũng,sv018320@uni.edu.vn
2022118321,Trần Minh Dũng,sv018321@uni.edu.vn
2023118322,Lê Minh Dũng,sv018322@uni.edu.vn
2024118323,Phạm Minh Dũng,sv018323@uni.edu.vn
2019118324,Hoàng Minh Dũng,sv018324@uni.edu.vn
2020118325,Vũ Minh Dũng,sv018325@uni.edu.vn
2021118326,Đặng Minh Dũng,sv018326@uni.edu.vn
2022118327,Bùi Minh Dũng,sv018327@uni.edu.vn
2023118328,Đỗ Minh Dũng,sv018328@uni.edu.vn
2024118329,Hồ Minh Dũng,sv018329@uni.edu.vn
2019118330,Nguyễn Quốc Dũng,sv018330@uni.edu.vn
2020118331,Trần Quốc Dũng,sv018331@uni.edu.vn
2021118332,Lê Quốc Dũng,sv018332@uni.edu.vn
2022118333,Phạm Quốc Dũng,sv018333@uni.edu.vn
2023118334,Hoàng Quốc Dũng,sv018334@uni.edu.vn
2024118335,Vũ Quốc Dũng,sv018335@uni.edu.vn
2019118336,Đặng Quốc Dũng,sv018336@uni.edu.vn
2020118337,Bùi Quốc Dũng,sv018337@uni.edu.vn
2021118338,Đỗ Quốc Dũng,sv018338@uni.edu.vn
2022118339,Hồ Quốc Dũng,sv018339@uni.edu.vn
2023118340,Nguyễn Anh Dũng,sv018340@uni.edu.vn
2024118341,Trần Anh Dũng,sv018341@uni.edu.vn
2019118342,Lê Anh Dũng,sv018342@uni.edu.vn
2020118343,Phạm Anh Dũng,sv018343@uni.edu.vn
2021118344,Hoàng Anh Dũng,sv018344@uni.edu.vn
2022118345,Vũ Anh Dũng,sv018345@uni.edu.vn
2023118346,Đặng Anh Dũng,sv018346@uni.edu.vn
2024118347,Bùi Anh Dũng,sv018347@uni.edu.vn
2019118348,Đỗ Anh Dũng,sv018348@uni.edu.vn
2020118349,Hồ Anh Dũng,sv018349@uni.edu.vn
2021118350,Nguyễn Tuấn Dũng,sv018350@uni.edu.vn
2022118351,Trần Tuấn Dũng,sv018351@uni.edu.vn
2023118352,Lê Tuấn Dũng,sv018352@uni.edu.vn
2024118353,Phạm Tuấn Dũng,sv018353@uni.edu.vn
2019118354,Hoàng Tuấn Dũng,sv018354@uni.edu.vn
2020118355,Vũ Tuấn Dũng,sv018355@uni.edu.vn
2021118356,Đặng Tuấn Dũng,sv018356@uni.edu.vn
2022118357,Bùi Tuấn Dũng,sv018357@uni.edu.vn
2023118358,Đỗ Tuấn Dũng,sv018358@uni.edu.vn
2024118359,Hồ Tuấn Dũng,sv018359@uni.edu.vn
2019118360,Nguyễn Hữu Dũng,sv018360@uni.edu.vn
2020118361,Trần Hữu Dũng,sv018361@uni.edu.vn
2021118362,Lê Hữu Dũng,sv018362@uni.edu.vn
2022118363,Phạm Hữu Dũng,sv018363@uni.edu.vn
2023118364,Hoàng Hữu Dũng,sv018364@uni.edu.vn
2024118365,Vũ Hữu Dũng,sv018365@uni.edu.vn
2019118366,Đặng Hữu Dũng,sv018366@uni.edu.vn
2020118367,Bùi Hữu Dũng,sv018367@uni.edu.vn
2021118368,Đỗ Hữu Dũng,sv018368@uni.edu.vn
2022118369,Hồ Hữu Dũng,sv018369@uni.edu.vn
2023118370,Nguyễn Thành Dũng,sv018370@uni.edu.vn
2024118371,Trần Thành Dũng,sv018371@uni.edu.vn
2019118372,Lê Thành Dũng,sv018372@uni.edu.vn
2020118373,Phạm Thành Dũng,sv018373@uni.edu.vn
2021118374,Hoàng Thành Dũng,sv018374@uni.edu.vn
2022118375,Vũ Thành Dũng,sv018375@uni.edu.vn
2023118376,Đặng Thành Dũng,sv018376@uni.edu.vn
2024118377,Bùi Thành Dũng,sv018377@uni.edu.vn
2019118378,Đỗ Thành Dũng,sv018378@uni.edu.vn
2020118379,Hồ Thành Dũng,sv018379@uni.edu.vn
2021118380,Nguyễn Ngọc Dũng,sv018380@uni.edu.vn
2022118381,Trần Ngọc Dũng,sv018381@uni.edu.vn
2023118382,Lê Ngọc Dũng,sv018382@uni.edu.vn
2024118383,Phạm Ngọc Dũng,sv018383@uni.edu.vn
2019118384,Hoàng Ngọc Dũng,sv018384@uni.edu.vn
2020118385,Vũ Ngọc Dũng,sv018385@uni.edu.vn
2021118386,Đặng Ngọc Dũng,sv018386@uni.edu.vn
2022118387,Bùi Ngọc Dũng,sv018387@uni.edu.vn
2023118388,Đỗ Ngọc Dũng,sv018388@uni.edu.vn
2024118389,Hồ Ngọc Dũng,sv018389@uni.edu.vn
2019118390,Nguyễn Dũng,sv018390@uni.edu.vn
2020118391,Trần Dũng,sv018391@uni.edu.vn
2021118392,Lê Dũng,sv018392@uni.edu.vn
2022118393,Phạm Dũng,sv018393@uni.edu.vn
2023118394,Hoàng Dũng,sv018394@uni.edu.vn
2024118395,Vũ Dũng,sv018395@uni.edu.vn
2019118396,Đặng Dũng,sv018396@uni.edu.vn
2020118397,Bùi Dũng,sv018397@uni.edu.vn
2021118398,Đỗ Dũng,sv018398@uni.edu.vn
2022118399,Hồ Dũng,sv018399@uni.edu.vn
2023118400,Nguyễn Thị Giang,sv018400@uni.edu.vn
2024118401,Trần Thị Giang,sv018401@uni.edu.vn
2019118402,Lê Thị Giang,sv018402@uni.edu.vn
2020118403,Phạm Thị Giang,sv018403@uni.edu.vn
2021118404,Hoàng Thị Giang,sv018404@uni.edu.vn
2022118405,Vũ Thị Giang,sv018405@uni.edu.vn
2023118406,Đặng Thị Giang,sv018406@uni.edu.vn
2024118407,Bùi Thị Giang,sv018407@uni.edu.vn
2019118408,Đỗ Thị Giang,sv018408@uni.edu.vn
2020118409,Hồ Thị Giang,sv018409@uni.edu.vn
2021118410,Nguyễn Văn Giang,sv018410@uni.edu.vn
2022118411,Trần Văn Giang,sv018411@uni.edu.vn
2023118412,Lê Văn Giang,sv018412@uni.edu.vn
2024118413,Phạm Văn Giang,sv018413@uni.edu.vn
2019118414,Hoàng Văn Giang,sv018414@uni.edu.vn
2020118415,Vũ Văn Giang,sv018415@uni.edu.vn
2021118416,Đặng Văn Giang,sv018416@uni.edu.vn
2022118417,Bùi Văn Giang,sv018417@uni.edu.vn
2023118418,Đỗ Văn Giang,sv018418@uni.edu.vn
2024118419,Hồ Văn Giang,sv018419@uni.edu.vn
2019118420,Nguyễn Minh Giang,sv018420@uni.edu.vn
2020118421,Trần Minh Giang,sv018421@uni.edu.vn
2021118422,Lê Minh Giang,sv018422@uni.edu.vn
2022118423,Phạm Minh Giang,sv018423@uni.edu.vn
2023118424,Hoàng Minh Giang,sv018424@uni.edu.vn
2024118425,Vũ Minh Giang,sv018425@uni.edu.vn
2019118426,Đặng Minh Giang,sv018426@uni.edu.vn
2020118427,Bùi Minh Giang,sv018427@uni.edu.vn
2021118428,Đỗ Minh Giang,sv018428@uni.edu.vn
2022118429,Hồ Minh Giang,sv018429@uni.edu.vn
2023118430,Nguyễn Quốc Giang,sv018430@uni.edu.vn
2024118431,Trần Quốc Giang,sv018431@uni.edu.vn
2019118432,Lê Quốc Giang,sv018432@uni.edu.vn
2020118433,Phạm Quốc Giang,sv018433@uni.edu.vn
2021118434,Hoàng Quốc Giang,sv018434@uni.edu.vn
2022118435,Vũ Quốc Giang,sv018435@uni.edu.vn
2023118436,Đặng Quốc Giang,sv018436@uni.edu.vn
2024118437,Bùi Quốc Giang,sv018437@uni.edu.vn
2019118438,Đỗ Quốc Giang,sv018438@uni.edu.vn
2020118439,Hồ Quốc Giang,sv018439@uni.edu.vn
2021118440,Nguyễn Anh Giang,sv018440@uni.edu.vn
2022118441,Trần Anh Giang,sv018441@uni.edu.vn
2023118442,Lê Anh Giang,sv018442@uni.edu.vn
2024118443,Phạm Anh Giang,sv018443@uni.edu.vn
2019118444,Hoàng Anh Giang,sv018444@uni.edu.vn
2020118445,Vũ Anh Giang,sv018445@uni.edu.vn
2021118446,Đặng Anh Giang,sv018446@uni.edu.vn
2022118447,Bùi Anh Giang,sv018447@uni.edu.vn
2023118448,Đỗ Anh Giang,sv018448@uni.edu.vn
2024118449,Hồ Anh Giang,sv018449@uni.edu.vn
2019118450,Nguyễn Tuấn Giang,sv018450@uni.edu.vn
2020118451,Trần Tuấn Giang,sv018451@uni.edu.vn
2021118452,Lê Tuấn Giang,sv018452@uni.edu.vn
2022118453,Phạm Tuấn Giang,sv018453@uni.edu.vn
2023118454,Hoàng Tuấn Giang,sv018454@uni.edu.vn
2024118455,Vũ Tuấn Giang,sv018455@uni.edu.vn
2019118456,Đặng Tuấn Giang,sv018456@uni.edu.vn
2020118457,Bùi Tuấn Giang,sv018457@uni.edu.vn
2021118458,Đỗ Tuấn Giang,sv018458@uni.edu.vn
2022118459,Hồ Tuấn Giang,sv018459@uni.edu.vn
2023118460,Nguyễn Hữu Giang,sv018460@uni.edu.vn
2024118461,Trần Hữu Giang,sv018461@uni.edu.vn
2019118462,Lê Hữu Giang,sv018462@uni.edu.vn
2020118463,Phạm Hữu Giang,sv018463@uni.edu.vn
2021118464,Hoàng Hữu Giang,sv018464@uni.edu.vn
2022118465,Vũ Hữu Giang,sv018465@uni.edu.vn
2023118466,Đặng Hữu Giang,sv018466@uni.edu.vn
2024118467,Bùi Hữu Giang,sv018467@uni.edu.vn
2019118468,Đỗ Hữu Giang,sv018468@uni.edu.vn
2020118469,Hồ Hữu Giang,sv018469@uni.edu.vn
2021118470,Nguyễn Thành Giang,sv018470@uni.edu.vn
2022118471,Trần Thành Giang,sv018471@uni.edu.vn
2023118472,Lê Thành Giang,sv018472@uni.edu.vn
2024118473,Phạm Thành Giang,sv018473@uni.edu.vn
2019118474,Hoàng Thành Giang,sv018474@uni.edu.vn
2020118475,Vũ Thành Giang,sv018475@uni.edu.vn
2021118476,Đặng Thành Giang,sv018476@uni.edu.vn
2022118477,Bùi Thành Giang,sv018477@uni.edu.vn
2023118478,Đỗ Thành Giang,sv018478@uni.edu.vn
2024118479,Hồ Thành Giang,sv018479@uni.edu.vn
2019118480,Nguyễn Ngọc Giang,sv018480@uni.edu.vn
2020118481,Trần Ngọc Giang,sv018481@uni.edu.vn
2021118482,Lê Ngọc Giang,sv018482@uni.edu.vn
2022118483,Phạm Ngọc Giang,sv018483@uni.edu.vn
2023118484,Hoàng Ngọc Giang,sv018484@uni.edu.vn
2024118485,Vũ Ngọc Giang,sv018485@uni.edu.vn
2019118486,Đặng Ngọc Giang,sv018486@uni.edu.vn
2020118487,Bùi Ngọc Giang,sv018487@uni.edu.vn
2021118488,Đỗ Ngọc Giang,sv018488@uni.edu.vn
2022118489,Hồ Ngọc Giang,sv018489@uni.edu.vn
2023118490,Nguyễn Giang,sv018490@uni.edu.vn
2024118491,Trần Giang,sv018491@uni.edu.vn
2019118492,Lê Giang,sv018492@uni.edu.vn
2020118493,Phạm Giang,sv018493@uni.edu.vn
2021118494,Hoàng Giang,sv018494@uni.edu.vn
2022118495,Vũ Giang,sv018495@uni.edu.vn
2023118496,Đặng Giang,sv018496@uni.edu.vn
2024118497,Bùi Giang,sv018497@uni.edu.vn
2019118498,Đỗ Giang,sv018498@uni.edu.vn
2020118499,Hồ Giang,sv018499@uni.edu.vn
2021118500,Nguyễn Thị Hà,sv018500@uni.edu.vn
2022118501,Trần Thị Hà,sv018501@uni.edu.vn
2023118502,Lê Thị Hà,sv018502@uni.edu.vn
2024118503,Phạm Thị Hà,sv018503@uni.edu.vn
2019118504,Hoàng Thị Hà,sv018504@uni.edu.vn
2020118505,Vũ Thị Hà,sv018505@uni.edu.vn
2021118506,Đặng Thị Hà,sv018506@uni.edu.vn
2022118507,Bùi Thị Hà,sv018507@uni.edu.vn
2023118508,Đỗ Thị Hà,sv018508@uni.edu.vn
2024118509,Hồ Thị Hà,sv018509@uni.edu.vn
2019118510,Nguyễn Văn Hà,sv018510@uni.edu.vn
2020118511,Trần Văn Hà,sv018511@uni.edu.vn
2021118512,Lê Văn Hà,sv018512@uni.edu.vn
2022118513,Phạm Văn Hà,sv018513@uni.edu.vn
2023118514,Hoàng Văn Hà,sv018514@uni.edu.vn
2024118515,Vũ Văn Hà,sv018515@uni.edu.vn
2019118516,Đặng Văn Hà,sv018516@uni.edu.vn
2020118517,Bùi Văn Hà,sv018517@uni.edu.vn
2021118518,Đỗ Văn Hà,sv018518@uni.edu.vn
2022118519,Hồ Văn Hà,sv018519@uni.edu.vn
2023118520,Nguyễn Minh Hà,sv018520@uni.edu.vn
2024118521,Trần Minh Hà,sv018521@uni.edu.vn
2019118522,Lê Minh Hà,sv018522@uni.edu.vn
2020118523,Phạm Minh Hà,sv018523@uni.edu.vn
2021118524,Hoàng Minh Hà,sv018524@uni.edu.vn
2022118525,Vũ Minh Hà,sv018525@uni.edu.vn
2023118526,Đặng Minh Hà,sv018526@uni.edu.vn
2024118527,Bùi Minh Hà,sv018527@uni.edu.vn
2019118528,Đỗ Minh Hà,sv018528@uni.edu.vn
2020118529,Hồ Minh Hà,sv018529@uni.edu.vn
2021118530,Nguyễn Quốc Hà,sv018530@uni.edu.vn
2022118531,Trần Quốc Hà,sv018531@uni.edu.vn
2023118532,Lê Quốc Hà,sv018532@uni.edu.vn
2024118533,Phạm Quốc Hà,sv018533@uni.edu.vn
2019118534,Hoàng Quốc Hà,sv018534@uni.edu.vn
2020118535,Vũ Quốc Hà,sv018535@uni.edu.vn
2021118536,Đặng Quốc Hà,sv018536@uni.edu.vn
2022118537,Bùi Quốc Hà,sv018537@uni.edu.vn
2023118538,Đỗ Quốc Hà,sv018538@uni.edu.vn
2024118539,Hồ Quốc Hà,sv018539@uni.edu.vn
2019118540,Nguyễn Anh Hà,sv018540@uni.edu.vn
2020118541,Trần Anh Hà,sv018541@uni.edu.vn
2021118542,Lê Anh Hà,sv018542@uni.edu.vn
2022118543,Phạm Anh Hà,sv018543@uni.edu.vn
2023118544,Hoàng Anh Hà,sv018544@uni.edu.vn
2024118545,Vũ Anh Hà,sv018545@uni.edu.vn
2019118546,Đặng Anh Hà,sv018546@uni.edu.vn
2020118547,Bùi Anh Hà,sv018547@uni.edu.vn
2021118548,Đỗ Anh Hà,sv018548@uni.edu.vn
2022118549,Hồ Anh Hà,sv018549@uni.edu.vn
2023118550,Nguyễn Tuấn Hà,sv018550@uni.edu.vn
2024118551,Trần Tuấn Hà,sv018551@uni.edu.vn
2019118552,Lê Tuấn Hà,sv018552@uni.edu.vn
2020118553,Phạm Tuấn Hà,sv018553@uni.edu.vn
2021118554,Hoàng Tuấn Hà,sv018554@uni.edu.vn
2022118555,Vũ Tuấn Hà,sv018555@uni.edu.vn
2023118556,Đặng Tuấn Hà,sv018556@uni.edu.vn
2024118557,Bùi Tuấn Hà,sv018557@uni.edu.vn
2019118558,Đỗ Tuấn Hà,sv018558@uni.edu.vn
2020118559,Hồ Tuấn Hà,sv018559@uni.edu.vn
2021118560,Nguyễn Hữu Hà,sv018560@uni.edu.vn
2022118561,Trần Hữu Hà,sv018561@uni.edu.vn
2023118562,Lê Hữu Hà,sv018562@uni.edu.vn
2024118563,Phạm Hữu Hà,sv018563@uni.edu.vn
2019118564,Hoàng Hữu Hà,sv018564@uni.edu.vn
2020118565,Vũ Hữu Hà,sv018565@uni.edu.vn
2021118566,Đặng Hữu Hà,sv018566@uni.edu.vn
2022118567,Bùi Hữu Hà,sv018567@uni.edu.vn
2023118568,Đỗ Hữu Hà,sv018568@uni.edu.vn
2024118569,Hồ Hữu Hà,sv018569@uni.edu.vn
2019118570,Nguyễn Thành Hà,sv018570@uni.edu.vn
2020118571,Trần Thành Hà,sv018571@uni.edu.vn
2021118572,Lê Thành Hà,sv018572@uni.edu.vn
2022118573,Phạm Thành Hà,sv018573@uni.edu.vn
2023118574,Hoàng Thành Hà,sv018574@uni.edu.vn
2024118575,Vũ Thành Hà,sv018575@uni.edu.vn
2019118576,Đặng Thành Hà,sv018576@uni.edu.vn
2020118577,Bùi Thành Hà,sv018577@uni.edu.vn
2021118578,Đỗ Thành Hà,sv018578@uni.edu.vn
2022118579,Hồ Thành Hà,sv018579@uni.edu.vn
2023118580,Nguyễn Ngọc Hà,sv018580@uni.edu.vn
2024118581,Trần Ngọc Hà,sv018581@uni.edu.vn
2019118582,Lê Ngọc Hà,sv018582@uni.edu.vn
2020118583,Phạm Ngọc Hà,sv018583@uni.edu.vn
2021118584,Hoàng Ngọc Hà,sv018584@uni.edu.vn
2022118585,Vũ Ngọc Hà,sv018585@uni.edu.vn
2023118586,Đặng Ngọc Hà,sv018586@uni.edu.vn
2024118587,Bùi Ngọc Hà,sv018587@uni.edu.vn
2019118588,Đỗ Ngọc Hà,sv018588@uni.edu.vn
2020118589,Hồ Ngọc Hà,sv018589@uni.edu.vn
2021118590,Nguyễn Hà,sv018590@uni.edu.vn
2022118591,Trần Hà,sv018591@uni.edu.vn
2023118592,Lê Hà,sv018592@uni.edu.vn
2024118593,Phạm Hà,sv018593@uni.edu.vn
2019118594,Hoàng Hà,sv018594@uni.edu.vn
2020118595,Vũ Hà,sv018595@uni.edu.vn
2021118596,Đặng Hà,sv018596@uni.edu.vn
2022118597,Bùi Hà,sv018597@uni.edu.vn
2023118598,Đỗ Hà,sv018598@uni.edu.vn
2024118599,Hồ Hà,sv018599@uni.edu.vn
2019118600,Nguyễn Thị Hùng,sv018600@uni.edu.vn
2020118601,Trần Thị Hùng,sv018601@uni.edu.vn
2021118602,Lê Thị Hùng,sv018602@uni.edu.vn
2022118603,Phạm Thị Hùng,sv018603@uni.edu.vn
2023118604,Hoàng Thị Hùng,sv018604@uni.edu.vn
2024118605,Vũ Thị Hùng,sv018605@uni.edu.vn
2019118606,Đặng Thị Hùng,sv018606@uni.edu.vn
2020118607,Bùi Thị Hùng,sv018607@uni.edu.vn
2021118608,Đỗ Thị Hùng,sv018608@uni.edu.vn
2022118609,Hồ Thị Hùng,sv018609@uni.edu.vn
2023118610,Nguyễn Văn Hùng,sv018610@uni.edu.vn
2024118611,Trần Văn Hùng,sv018611@uni.edu.vn
2019118612,Lê Văn Hùng,sv018612@uni.edu.vn
2020118613,Phạm Văn Hùng,sv018613@uni.edu.vn
2021118614,Hoàng Văn Hùng,sv018614@uni.edu.vn
2022118615,Vũ Văn Hùng,sv018615@uni.edu.vn
2023118616,Đặng Văn Hùng,sv018616@uni.edu.vn
2024118617,Bùi Văn Hùng,sv018617@uni.edu.vn
2019118618,Đỗ Văn Hùng,sv018618@uni.edu.vn
2020118619,Hồ Văn Hùng,sv018619@uni.edu.vn
2021118620,Nguyễn Minh Hùng,sv018620@uni.edu.vn
2022118621,Trần Minh Hùng,sv018621@uni.edu.vn
2023118622,Lê Minh Hùng,sv018622@uni.edu.vn
2024118623,Phạm Minh Hùng,sv018623@uni.edu.vn
2019118624,Hoàng Minh Hùng,sv018624@uni.edu.vn
2020118625,Vũ Minh Hùng,sv018625@uni.edu.vn
2021118626,Đặng Minh Hùng,sv018626@uni.edu.vn
2022118627,Bùi Minh Hùng,sv018627@uni.edu.vn
2023118628,Đỗ Minh Hùng,sv018628@uni.edu.vn
2024118629,Hồ Minh Hùng,sv018629@uni.edu.vn
2019118630,Nguyễn Quốc Hùng,sv018630@uni.edu.vn
2020118631,Trần Quốc Hùng,sv018631@uni.edu.vn
2021118632,Lê Quốc Hùng,sv018632@uni.edu.vn
2022118633,Phạm Quốc Hùng,sv018633@uni.edu.vn
2023118634,Hoàng Quốc Hùng,sv018634@uni.edu.vn
2024118635,Vũ Quốc Hùng,sv018635@uni.edu.vn
2019118636,Đặng Quốc Hùng,sv018636@uni.edu.vn
2020118637,Bùi Quốc Hùng,sv018637@uni.edu.vn
2021118638,Đỗ Quốc Hùng,sv018638@uni.edu.vn
2022118639,Hồ Quốc Hùng,sv018639@uni.edu.vn
2023118640,Nguyễn Anh Hùng,sv018640@uni.edu.vn
2024118641,Trần Anh Hùng,sv018641@uni.edu.vn
2019118642,Lê Anh Hùng,sv018642@uni.edu.vn
2020118643,Phạm Anh Hùng,sv018643@uni.edu.vn
2021118644,Hoàng Anh Hùng,sv018644@uni.edu.vn
2022118645,Vũ Anh Hùng,sv018645@uni.edu.vn
2023118646,Đặng Anh Hùng,sv018646@uni.edu.vn
2024118647,Bùi Anh Hùng,sv018647@uni.edu.vn
2019118648,Đỗ Anh Hùng,sv018648@uni.edu.vn
2020118649,Hồ Anh Hùng,sv018649@uni.edu.vn
2021118650,Nguyễn Tuấn Hùng,sv018650@uni.edu.vn
2022118651,Trần Tuấn Hùng,sv018651@uni.edu.vn
2023118652,Lê Tuấn Hùng,sv018652@uni.edu.vn
2024118653,Phạm Tuấn Hùng,sv018653@uni.edu.vn
2019118654,Hoàng Tuấn Hùng,sv018654@uni.edu.vn
2020118655,Vũ Tuấn Hùng,sv018655@uni.edu.vn
2021118656,Đặng Tuấn Hùng,sv018656@uni.edu.vn
2022118657,Bùi Tuấn Hùng,sv018657@uni.edu.vn
2023118658,Đỗ Tuấn Hùng,sv018658@uni.edu.vn
2024118659,Hồ Tuấn Hùng,sv018659@uni.edu.vn
2019118660,Nguyễn Hữu Hùng,sv018660@uni.edu.vn
2020118661,Trần Hữu Hùng,sv018661@uni.edu.vn
2021118662,Lê Hữu Hùng,sv018662@uni.edu.vn
2022118663,Phạm Hữu Hùng,sv018663@uni.edu.vn
2023118664,Hoàng Hữu Hùng,sv018664@uni.edu.vn
2024118665,Vũ Hữu Hùng,sv018665@uni.edu.vn
2019118666,Đặng Hữu Hùng,sv018666@uni.edu.vn
2020118667,Bùi Hữu Hùng,sv018667@uni.edu.vn
2021118668,Đỗ Hữu Hùng,sv018668@uni.edu.vn
2022118669,Hồ Hữu Hùng,sv018669@uni.edu.vn
2023118670,Nguyễn Thành Hùng,sv018670@uni.edu.vn
2024118671,Trần Thành Hùng,sv018671@uni.edu.vn
2019118672,Lê Thành Hùng,sv018672@uni.edu.vn
2020118673,Phạm Thành Hùng,sv018673@uni.edu.vn
2021118674,Hoàng Thành Hùng,sv018674@uni.edu.vn
2022118675,Vũ Thành Hùng,sv018675@uni.edu.vn
2023118676,Đặng Thành Hùng,sv018676@uni.edu.vn
2024118677,Bùi Thành Hùng,sv018677@uni.edu.vn
2019118678,Đỗ Thành Hùng,sv018678@uni.edu.vn
2020118679,Hồ Thành Hùng,sv018679@uni.edu.vn
2021118680,Nguyễn Ngọc Hùng,sv018680@uni.edu.vn
2022118681,Trần Ngọc Hùng,sv018681@uni.edu.vn
2023118682,Lê Ngọc Hùng,sv018682@uni.edu.vn
2024118683,Phạm Ngọc Hùng,sv018683@uni.edu.vn
2019118684,Hoàng Ngọc Hùng,sv018684@uni.edu.vn
2020118685,Vũ Ngọc Hùng,sv018685@uni.edu.vn
2021118686,Đặng Ngọc Hùng,sv018686@uni.edu.vn
2022118687,Bùi Ngọc Hùng,sv018687@uni.edu.vn
2023118688,Đỗ Ngọc Hùng,sv018688@uni.edu.vn
2024118689,Hồ Ngọc Hùng,sv018689@uni.edu.vn
2019118690,Nguyễn Hùng,sv018690@uni.edu.vn
2020118691,Trần Hùng,sv018691@uni.edu.vn
2021118692,Lê Hùng,sv018692@uni.edu.vn
2022118693,Phạm Hùng,sv018693@uni.edu.vn
2023118694,Hoàng Hùng,sv018694@uni.edu.vn
2024118695,Vũ Hùng,sv018695@uni.edu.vn
2019118696,Đặng Hùng,sv018696@uni.edu.vn
2020118697,Bùi Hùng,sv018697@uni.edu.vn
2021118698,Đỗ Hùng,sv018698@uni.edu.vn
2022118699,Hồ Hùng,sv018699@uni.edu.vn
2023118700,Nguyễn Thị Khoa,sv018700@uni.edu.vn
2024118701,Trần Thị Khoa,sv018701@uni.edu.vn
2019118702,Lê Thị Khoa,sv018702@uni.edu.vn
2020118703,Phạm Thị Khoa,sv018703@uni.edu.vn
2021118704,Hoàng Thị Khoa,sv018704@uni.edu.vn
2022118705,Vũ Thị Khoa,sv018705@uni.edu.vn
2023118706,Đặng Thị Khoa,sv018706@uni.edu.vn
2024118707,Bùi Thị Khoa,sv018707@uni.edu.vn
2019118708,Đỗ Thị Khoa,sv018708@uni.edu.vn
2020118709,Hồ Thị Khoa,sv018709@uni.edu.vn
2021118710,Nguyễn Văn Khoa,sv018710@uni.edu.vn
2022118711,Trần Văn Khoa,sv018711@uni.edu.vn
2023118712,Lê Văn Khoa,sv018712@uni.edu.vn
2024118713,Phạm Văn Khoa,sv018713@uni.edu.vn
2019118714,Hoàng Văn Khoa,sv018714@uni.edu.vn
2020118715,Vũ Văn Khoa,sv018715@uni.edu.vn
2021118716,Đặng Văn Khoa,sv018716@uni.edu.vn
2022118717,Bùi Văn Khoa,sv018717@uni.edu.vn
2023118718,Đỗ Văn Khoa,sv018718@uni.edu.vn
2024118719,Hồ Văn Khoa,sv018719@uni.edu.vn
2019118720,Nguyễn Minh Khoa,sv018720@uni.edu.vn
2020118721,Trần Minh Khoa,sv018721@uni.edu.vn
2021118722,Lê Minh Khoa,sv018722@uni.edu.vn
2022118723,Phạm Minh Khoa,sv018723@uni.edu.vn
2023118724,Hoàng Minh Khoa,sv018724@uni.edu.vn
2024118725,Vũ Minh Khoa,sv018725@uni.edu.vn
2019118726,Đặng Minh Khoa,sv018726@uni.edu.vn
2020118727,Bùi Minh Khoa,sv018727@uni.edu.vn
2021118728,Đỗ Minh Khoa,sv018728@uni.edu.vn
2022118729,Hồ Minh Khoa,sv018729@uni.edu.vn
2023118730,Nguyễn Quốc Khoa,sv018730@uni.edu.vn
2024118731,Trần Quốc Khoa,sv018731@uni.edu.vn
2019118732,Lê Quốc Khoa,sv018732@uni.edu.vn
2020118733,Phạm Quốc Khoa,sv018733@uni.edu.vn
2021118734,Hoàng Quốc Khoa,sv018734@uni.edu.vn
2022118735,Vũ Quốc Khoa,sv018735@uni.edu.vn
2023118736,Đặng Quốc Khoa,sv018736@uni.edu.vn
2024118737,Bùi Quốc Khoa,sv018737@uni.edu.vn
2019118738,Đỗ Quốc Khoa,sv018738@uni.edu.vn
2020118739,Hồ Quốc Khoa,sv018739@uni.edu.vn
2021118740,Nguyễn Anh Khoa,sv018740@uni.edu.vn
2022118741,Trần Anh Khoa,sv018741@uni.edu.vn
2023118742,Lê Anh Khoa,sv018742@uni.edu.vn
2024118743,Phạm Anh Khoa,sv018743@uni.edu.vn
2019118744,Hoàng Anh Khoa,sv018744@uni.edu.vn
2020118745,Vũ Anh Khoa,sv018745@uni.edu.vn
2021118746,Đặng Anh Khoa,sv018746@uni.edu.vn
2022118747,Bùi Anh Khoa,sv018747@uni.edu.vn
2023118748,Đỗ Anh Khoa,sv018748@uni.edu.vn
2024118749,Hồ Anh Khoa,sv018749@uni.edu.vn
2019118750,Nguyễn Tuấn Khoa,sv018750@uni.edu.vn
2020118751,Trần Tuấn Khoa,sv018751@uni.edu.vn
2021118752,Lê Tuấn Khoa,sv018752@uni.edu.vn
2022118753,Phạm Tuấn Khoa,sv018753@uni.edu.vn
2023118754,Hoàng Tuấn Khoa,sv018754@uni.edu.vn
2024118755,Vũ Tuấn Khoa,sv018755@uni.edu.vn
2019118756,Đặng Tuấn Khoa,sv018756@uni.edu.vn
2020118757,Bùi Tuấn Khoa,sv018757@uni.edu.vn
2021118758,Đỗ Tuấn Khoa,sv018758@uni.edu.vn
2022118759,Hồ Tuấn Khoa,sv018759@uni.edu.vn
2023118760,Nguyễn Hữu Khoa,sv018760@uni.edu.vn
2024118761,Trần Hữu Khoa,sv018761@uni.edu.vn
2019118762,Lê Hữu Khoa,sv018762@uni.edu.vn
2020118763,Phạm Hữu Khoa,sv018763@uni.edu.vn
2021118764,Hoàng Hữu Khoa,sv018764@uni.edu.vn
2022118765,Vũ Hữu Khoa,sv018765@uni.edu.vn
2023118766,Đặng Hữu Khoa,sv018766@uni.edu.vn
2024118767,Bùi Hữu Khoa,sv018767@uni.edu.vn
2019118768,Đỗ Hữu Khoa,sv018768@uni.edu.vn
2020118769,Hồ Hữu Khoa,sv018769@uni.edu.vn
2021118770,Nguyễn Thành Khoa,sv018770@uni.edu.vn
2022118771,Trần Thành Khoa,sv018771@uni.edu.vn
2023118772,Lê Thành Khoa,sv018772@uni.edu.vn
2024118773,Phạm Thành Khoa,sv018773@uni.edu.vn
2019118774,Hoàng Thành Khoa,sv018774@uni.edu.vn
2020118775,Vũ Thành Khoa,sv018775@uni.edu.vn
2021118776,Đặng Thành Khoa,sv018776@uni.edu.vn
2022118777,Bùi Thành Khoa,sv018777@uni.edu.vn
2023118778,Đỗ Thành Khoa,sv018778@uni.edu.vn
2024118779,Hồ Thành Khoa,sv018779@uni.edu.vn
2019118780,Nguyễn Ngọc Khoa,sv018780@uni.edu.vn
2020118781,Trần Ngọc Khoa,sv018781@uni.edu.vn
2021118782,Lê Ngọc Khoa,sv018782@uni.edu.vn
2022118783,Phạm Ngọc Khoa,sv018783@uni.edu.vn
2023118784,Hoàng Ngọc Khoa,sv018784@uni.edu.vn
2024118785,Vũ Ngọc Khoa,sv018785@uni.edu.vn
2019118786,Đặng Ngọc Khoa,sv018786@uni.edu.vn
2020118787,Bùi Ngọc Khoa,sv018787@uni.edu.vn
2021118788,Đỗ Ngọc Khoa,sv018788@uni.edu.vn
2022118789,Hồ Ngọc Khoa,sv018789@uni.edu.vn
2023118790,Nguyễn Khoa,sv018790@uni.edu.vn
2024118791,Trần Khoa,sv018791@uni.edu.vn
2019118792,Lê Khoa,sv018792@uni.edu.vn
2020118793,Phạm Khoa,sv018793@uni.edu.vn
2021118794,Hoàng Khoa,sv018794@uni.edu.vn
2022118795,Vũ Khoa,sv018795@uni.edu.vn
2023118796,Đặng Khoa,sv018796@uni.edu.vn
2024118797,Bùi Khoa,sv018797@uni.edu.vn
2019118798,Đỗ Khoa,sv018798@uni.edu.vn
2020118799,Hồ Khoa,sv018799@uni.edu.vn
2021118800,Nguyễn Thị Lan,sv018800@uni.edu.vn
2022118801,Trần Thị Lan,sv018801@uni.edu.vn
2023118802,Lê Thị Lan,sv018802@uni.edu.vn
2024118803,Phạm Thị Lan,sv018803@uni.edu.vn
2019118804,Hoàng Thị Lan,sv018804@uni.edu.vn
2020118805,Vũ Thị Lan,sv018805@uni.edu.vn
2021118806,Đặng Thị Lan,sv018806@uni.edu.vn
2022118807,Bùi Thị Lan,sv018807@uni.edu.vn
2023118808,Đỗ Thị Lan,sv018808@uni.edu.vn
2024118809,Hồ Thị Lan,sv018809@uni.edu.vn
2019118810,Nguyễn Văn Lan,sv018810@uni.edu.vn
2020118811,Trần Văn Lan,sv018811@uni.edu.vn
2021118812,Lê Văn Lan,sv018812@uni.edu.vn
2022118813,Phạm Văn Lan,sv018813@uni.edu.vn
2023118814,Hoàng Văn Lan,sv018814@uni.edu.vn
2024118815,Vũ Văn Lan,sv018815@uni.edu.vn
2019118816,Đặng Văn Lan,sv018816@uni.edu.vn
2020118817,Bùi Văn Lan,sv018817@uni.edu.vn
2021118818,Đỗ Văn Lan,sv018818@uni.edu.vn
2022118819,Hồ Văn Lan,sv018819@uni.edu.vn
2023118820,Nguyễn Minh Lan,sv018820@uni.edu.vn
2024118821,Trần Minh Lan,sv018821@uni.edu.vn
2019118822,Lê Minh Lan,sv018822@uni.edu.vn
2020118823,Phạm Minh Lan,sv018823@uni.edu.vn
2021118824,Hoàng Minh Lan,sv018824@uni.edu.vn
2022118825,Vũ Minh Lan,sv018825@uni.edu.vn
2023118826,Đặng Minh Lan,sv018826@uni.edu.vn
2024118827,Bùi Minh Lan,sv018827@uni.edu.vn
2019118828,Đỗ Minh Lan,sv018828@uni.edu.vn
2020118829,Hồ Minh Lan,sv018829@uni.edu.vn
2021118830,Nguyễn Quốc Lan,sv018830@uni.edu.vn
2022118831,Trần Quốc Lan,sv018831@uni.edu.vn
2023118832,Lê Quốc Lan,sv018832@uni.edu.vn
2024118833,Phạm Quốc Lan,sv018833@uni.edu.vn
2019118834,Hoàng Quốc Lan,sv018834@uni.edu.vn
2020118835,Vũ Quốc Lan,sv018835@uni.edu.vn
2021118836,Đặng Quốc Lan,sv018836@uni.edu.vn
2022118837,Bùi Quốc Lan,sv018837@uni.edu.vn
2023118838,Đỗ Quốc Lan,sv018838@uni.edu.vn
2024118839,Hồ Quốc Lan,sv018839@uni.edu.vn
2019118840,Nguyễn Anh Lan,sv018840@uni.edu.vn
2020118841,Trần Anh Lan,sv018841@uni.edu.vn
2021118842,Lê Anh Lan,sv018842@uni.edu.vn
2022118843,Phạm Anh Lan,sv018843@uni.edu.vn
2023118844,Hoàng Anh Lan,sv018844@uni.edu.vn
2024118845,Vũ Anh Lan,sv018845@uni.edu.vn
2019118846,Đặng Anh Lan,sv018846@uni.edu.vn
2020118847,Bùi Anh Lan,sv018847@uni.edu.vn
2021118848,Đỗ Anh Lan,sv018848@uni.edu.vn
2022118849,Hồ Anh Lan,sv018849@uni.edu.vn
2023118850,Nguyễn Tuấn Lan,sv018850@uni.edu.vn
2024118851,Trần Tuấn Lan,sv018851@uni.edu.vn
2019118852,Lê Tuấn Lan,sv018852@uni.edu.vn
2020118853,Phạm Tuấn Lan,sv018853@uni.edu.vn
2021118854,Hoàng Tuấn Lan,sv018854@uni.edu.vn
2022118855,Vũ Tuấn Lan,sv018855@uni.edu.vn
2023118856,Đặng Tuấn Lan,sv018856@uni.edu.vn
2024118857,Bùi Tuấn Lan,sv018857@uni.edu.vn
2019118858,Đỗ Tuấn Lan,sv018858@uni.edu.vn
2020118859,Hồ Tuấn Lan,sv018859@uni.edu.vn
2021118860,Nguyễn Hữu Lan,sv018860@uni.edu.vn
2022118861,Trần Hữu Lan,sv018861@uni.edu.vn
2023118862,Lê Hữu Lan,sv018862@uni.edu.vn
2024118863,Phạm Hữu Lan,sv018863@uni.edu.vn
2019118864,Hoàng Hữu Lan,sv018864@uni.edu.vn
2020118865,Vũ Hữu Lan,sv018865@uni.edu.vn
2021118866,Đặng Hữu Lan,sv018866@uni.edu.vn
2022118867,Bùi Hữu Lan,sv018867@uni.edu.vn
2023118868,Đỗ Hữu Lan,sv018868@uni.edu.vn
2024118869,Hồ Hữu Lan,sv018869@uni.edu.vn
2019118870,Nguyễn Thành Lan,sv018870@uni.edu.vn
2020118871,Trần Thành Lan,sv018871@uni.edu.vn
2021118872,Lê Thành Lan,sv018872@uni.edu.vn
2022118873,Phạm Thành Lan,sv018873@uni.edu.vn
2023118874,Hoàng Thành Lan,sv018874@uni.edu.vn
2024118875,Vũ Thành Lan,sv018875@uni.edu.vn
2019118876,Đặng Thành Lan,sv018876@uni.edu.vn
2020118877,Bùi Thành Lan,sv018877@uni.edu.vn
2021118878,Đỗ Thành Lan,sv018878@uni.edu.vn
2022118879,Hồ Thành Lan,sv018879@uni.edu.vn
2023118880,Nguyễn Ngọc Lan,sv018880@uni.edu.vn
2024118881,Trần Ngọc Lan,sv018881@uni.edu.vn
2019118882,Lê Ngọc Lan,sv018882@uni.edu.vn
2020118883,Phạm Ngọc Lan,sv018883@uni.edu.vn
2021118884,Hoàng Ngọc Lan,sv018884@uni.edu.vn
2022118885,Vũ Ngọc Lan,sv018885@uni.edu.vn
2023118886,Đặng Ngọc Lan,sv018886@uni.edu.vn
2024118887,Bùi Ngọc Lan,sv018887@uni.edu.vn
2019118888,Đỗ Ngọc Lan,sv018888@uni.edu.vn
2020118889,Hồ Ngọc Lan,sv018889@uni.edu.vn
2021118890,Nguyễn Lan,sv018890@uni.edu.vn
2022118891,Trần Lan,sv018891@uni.edu.vn
2023118892,Lê Lan,sv018892@uni.edu.vn
2024118893,Phạm Lan,sv018893@uni.edu.vn
2019118894,Hoàng Lan,sv018894@uni.edu.vn
2020118895,Vũ Lan,sv018895@uni.edu.vn
2021118896,Đặng Lan,sv018896@uni.edu.vn
2022118897,Bùi Lan,sv018897@uni.edu.vn
2023118898,Đỗ Lan,sv018898@uni.edu.vn
2024118899,Hồ Lan,sv018899@uni.edu.vn
2019118900,Nguyễn Thị Linh,sv018900@uni.edu.vn
2020118901,Trần Thị Linh,sv018901@uni.edu.vn
2021118902,Lê Thị Linh,sv018902@uni.edu.vn
2022118903,Phạm Thị Linh,sv018903@uni.edu.vn
2023118904,Hoàng Thị Linh,sv018904@uni.edu.vn
2024118905,Vũ Thị Linh,sv018905@uni.edu.vn
2019118906,Đặng Thị Linh,sv018906@uni.edu.vn
2020118907,Bùi Thị Linh,sv018907@uni.edu.vn
2021118908,Đỗ Thị Linh,sv018908@uni.edu.vn
2022118909,Hồ Thị Linh,sv018909@uni.edu.vn
2023118910,Nguyễn Văn Linh,sv018910@uni.edu.vn
2024118911,Trần Văn Linh,sv018911@uni.edu.vn
2019118912,Lê Văn Linh,sv018912@uni.edu.vn
2020118913,Phạm Văn Linh,sv018913@uni.edu.vn
2021118914,Hoàng Văn Linh,sv018914@uni.edu.vn
2022118915,Vũ Văn Linh,sv018915@uni.edu.vn
2023118916,Đặng Văn Linh,sv018916@uni.edu.vn
2024118917,Bùi Văn Linh,sv018917@uni.edu.vn
2019118918,Đỗ Văn Linh,sv018918@uni.edu.vn
2020118919,Hồ Văn Linh,sv018919@uni.edu.vn
2021118920,Nguyễn Minh Linh,sv018920@uni.edu.vn
2022118921,Trần Minh Linh,sv018921@uni.edu.vn
2023118922,Lê Minh Linh,sv018922@uni.edu.vn
2024118923,Phạm Minh Linh,sv018923@uni.edu.vn
2019118924,Hoàng Minh Linh,sv018924@uni.edu.vn
2020118925,Vũ Minh Linh,sv018925@uni.edu.vn
2021118926,Đặng Minh Linh,sv018926@uni.edu.vn
2022118927,Bùi Minh Linh,sv018927@uni.edu.vn
2023118928,Đỗ Minh Linh,sv018928@uni.edu.vn
2024118929,Hồ Minh Linh,sv018929@uni.edu.vn
2019118930,Nguyễn Quốc Linh,sv018930@uni.edu.vn
2020118931,Trần Quốc Linh,sv018931@uni.edu.vn
2021118932,Lê Quốc Linh,sv018932@uni.edu.vn
2022118933,Phạm Quốc Linh,sv018933@uni.edu.vn
2023118934,Hoàng Quốc Linh,sv018934@uni.edu.vn
2024118935,Vũ Quốc Linh,sv018935@uni.edu.vn
2019118936,Đặng Quốc Linh,sv018936@uni.edu.vn
2020118937,Bùi Quốc Linh,sv018937@uni.edu.vn
2021118938,Đỗ Quốc Linh,sv018938@uni.edu.vn
2022118939,Hồ Quốc Linh,sv018939@uni.edu.vn
2023118940,Nguyễn Anh Linh,sv018940@uni.edu.vn
2024118941,Trần Anh Linh,sv018941@uni.edu.vn
2019118942,Lê Anh Linh,sv018942@uni.edu.vn
2020118943,Phạm Anh Linh,sv018943@uni.edu.vn
2021118944,Hoàng Anh Linh,sv018944@uni.edu.vn
2022118945,Vũ Anh Linh,sv018945@uni.edu.vn
2023118946,Đặng Anh Linh,sv018946@uni.edu.vn
2024118947,Bùi Anh Linh,sv018947@uni.edu.vn
2019118948,Đỗ Anh Linh,sv018948@uni.edu.vn
2020118949,Hồ Anh Linh,sv018949@uni.edu.vn
2021118950,Nguyễn Tuấn Linh,sv018950@uni.edu.vn
2022118951,Trần Tuấn Linh,sv018951@uni.edu.vn
2023118952,Lê Tuấn Linh,sv018952@uni.edu.vn
2024118953,Phạm Tuấn Linh,sv018953@uni.edu.vn
2019118954,Hoàng Tuấn Linh,sv018954@uni.edu.vn
2020118955,Vũ Tuấn Linh,sv018955@uni.edu.vn
2021118956,Đặng Tuấn Linh,sv018956@uni.edu.vn
2022118957,Bùi Tuấn Linh,sv018957@uni.edu.vn
2023118958,Đỗ Tuấn Linh,sv018958@uni.edu.vn
2024118959,Hồ Tuấn Linh,sv018959@uni.edu.vn
2019118960,Nguyễn Hữu Linh,sv018960@uni.edu.vn
2020118961,Trần Hữu Linh,sv018961@uni.edu.vn
2021118962,Lê Hữu Linh,sv018962@uni.edu.vn
2022118963,Phạm Hữu Linh,sv018963@uni.edu.vn
2023118964,Hoàng Hữu Linh,sv018964@uni.edu.vn
2024118965,Vũ Hữu Linh,sv018965@uni.edu.vn
2019118966,Đặng Hữu Linh,sv018966@uni.edu.vn
2020118967,Bùi Hữu Linh,sv018967@uni.edu.vn
2021118968,Đỗ Hữu Linh,sv018968@uni.edu.vn
2022118969,Hồ Hữu Linh,sv018969@uni.edu.vn
2023118970,Nguyễn Thành Linh,sv018970@uni.edu.vn
2024118971,Trần Thành Linh,sv018971@uni.edu.vn
2019118972,Lê Thành Linh,sv018972@uni.edu.vn
2020118973,Phạm Thành Linh,sv018973@uni.edu.vn
2021118974,Hoàng Thành Linh,sv018974@uni.edu.vn
2022118975,Vũ Thành Linh,sv018975@uni.edu.vn
2023118976,Đặng Thành Linh,sv018976@uni.edu.vn
2024118977,Bùi Thành Linh,sv018977@uni.edu.vn
2019118978,Đỗ Thành Linh,sv018978@uni.edu.vn
2020118979,Hồ Thành Linh,sv018979@uni.edu.vn
2021118980,Nguyễn Ngọc Linh,sv018980@uni.edu.vn
2022118981,Trần Ngọc Linh,sv018981@uni.edu.vn
2023118982,Lê Ngọc Linh,sv018982@uni.edu.vn
2024118983,Phạm Ngọc Linh,sv018983@uni.edu.vn
2019118984,Hoàng Ngọc Linh,sv018984@uni.edu.vn
2020118985,Vũ Ngọc Linh,sv018985@uni.edu.vn
2021118986,Đặng Ngọc Linh,sv018986@uni.edu.vn
2022118987,Bùi Ngọc Linh,sv018987@uni.edu.vn
2023118988,Đỗ Ngọc Linh,sv018988@uni.edu.vn
2024118989,Hồ Ngọc Linh,sv018989@uni.edu.vn
2019118990,Nguyễn Linh,sv018990@uni.edu.vn
2020118991,Trần Linh,sv018991@uni.edu.vn
2021118992,Lê Linh,sv018992@uni.edu.vn
2022118993,Phạm Linh,sv018993@uni.edu.vn
2023118994,Hoàng Linh,sv018994@uni.edu.vn
2024118995,Vũ Linh,sv018995@uni.edu.vn
2019118996,Đặng Linh,sv018996@uni.edu.vn
2020118997,Bùi Linh,sv018997@uni.edu.vn
2021118998,Đỗ Linh,sv018998@uni.edu.vn
2022118999,Hồ Linh,sv018999@uni.edu.vn
2023119000,Nguyễn Thị Mai,sv019000@uni.edu.vn
2024119001,Trần Thị Mai,sv019001@uni.edu.vn
2019119002,Lê Thị Mai,sv019002@uni.edu.vn
2020119003,Phạm Thị Mai,sv019003@uni.edu.vn
2021119004,Hoàng Thị Mai,sv019004@uni.edu.vn
2022119005,Vũ Thị Mai,sv019005@uni.edu.vn
2023119006,Đặng Thị Mai,sv019006@uni.edu.vn
2024119007,Bùi Thị Mai,sv019007@uni.edu.vn
2019119008,Đỗ Thị Mai,sv019008@uni.edu.vn
2020119009,Hồ Thị Mai,sv019009@uni.edu.vn
2021119010,Nguyễn Văn Mai,sv019010@uni.edu.vn
2022119011,Trần Văn Mai,sv019011@uni.edu.vn
2023119012,Lê Văn Mai,sv019012@uni.edu.vn
2024119013,Phạm Văn Mai,sv019013@uni.edu.vn
2019119014,Hoàng Văn Mai,sv019014@uni.edu.vn
2020119015,Vũ Văn Mai,sv019015@uni.edu.vn
2021119016,Đặng Văn Mai,sv019016@uni.edu.vn
2022119017,Bùi Văn Mai,sv019017@uni.edu.vn
2023119018,Đỗ Văn Mai,sv019018@uni.edu.vn
2024119019,Hồ Văn Mai,sv019019@uni.edu.vn
2019119020,Nguyễn Minh Mai,sv019020@uni.edu.vn
2020119021,Trần Minh Mai,sv019021@uni.edu.vn
2021119022,Lê Minh Mai,sv019022@uni.edu.vn
2022119023,Phạm Minh Mai,sv019023@uni.edu.vn
2023119024,Hoàng Minh Mai,sv019024@uni.edu.vn
2024119025,Vũ Minh Mai,sv019025@uni.edu.vn
2019119026,Đặng Minh Mai,sv019026@uni.edu.vn
2020119027,Bùi Minh Mai,sv019027@uni.edu.vn
2021119028,Đỗ Minh Mai,sv019028@uni.edu.vn
2022119029,Hồ Minh Mai,sv019029@uni.edu.vn
2023119030,Nguyễn Quốc Mai,sv019030@uni.edu.vn
2024119031,Trần Quốc Mai,sv019031@uni.edu.vn
2019119032,Lê Quốc Mai,sv019032@uni.edu.vn
2020119033,Phạm Quốc Mai,sv019033@uni.edu.vn
2021119034,Hoàng Quốc Mai,sv019034@uni.edu.vn
2022119035,Vũ Quốc Mai,sv019035@uni.edu.vn
2023119036,Đặng Quốc Mai,sv019036@uni.edu.vn
2024119037,Bùi Quốc Mai,sv019037@uni.edu.vn
2019119038,Đỗ Quốc Mai,sv019038@uni.edu.vn
2020119039,Hồ Quốc Mai,sv019039@uni.edu.vn
2021119040,Nguyễn Anh Mai,sv019040@uni.edu.vn
2022119041,Trần Anh Mai,sv019041@uni.edu.vn
2023119042,Lê Anh Mai,sv019042@uni.edu.vn
2024119043,Phạm Anh Mai,sv019043@uni.edu.vn
2019119044,Hoàng Anh Mai,sv019044@uni.edu.vn
2020119045,Vũ Anh Mai,sv019045@uni.edu.vn
2021119046,Đặng Anh Mai,sv019046@uni.edu.vn
2022119047,Bùi Anh Mai,sv019047@uni.edu.vn
2023119048,Đỗ Anh Mai,sv019048@uni.edu.vn
2024119049,Hồ Anh Mai,sv019049@uni.edu.vn
2019119050,Nguyễn Tuấn Mai,sv019050@uni.edu.vn
2020119051,Trần Tuấn Mai,sv019051@uni.edu.vn
2021119052,Lê Tuấn Mai,sv019052@uni.edu.vn
2022119053,Phạm Tuấn Mai,sv019053@uni.edu.vn
2023119054,Hoàng Tuấn Mai,sv019054@uni.edu.vn
2024119055,Vũ Tuấn Mai,sv019055@uni.edu.vn
2019119056,Đặng Tuấn Mai,sv019056@uni.edu.vn
2020119057,Bùi Tuấn Mai,sv019057@uni.edu.vn
2021119058,Đỗ Tuấn Mai,sv019058@uni.edu.vn
2022119059,Hồ Tuấn Mai,sv019059@uni.edu.vn
2023119060,Nguyễn Hữu Mai,sv019060@uni.edu.vn
2024119061,Trần Hữu Mai,sv019061@uni.edu.vn
2019119062,Lê Hữu Mai,sv019062@uni.edu.vn
2020119063,Phạm Hữu Mai,sv019063@uni.edu.vn
2021119064,Hoàng Hữu Mai,sv019064@uni.edu.vn
2022119065,Vũ Hữu Mai,sv019065@uni.edu.vn
2023119066,Đặng Hữu Mai,sv019066@uni.edu.vn
2024119067,Bùi Hữu Mai,sv019067@uni.edu.vn
2019119068,Đỗ Hữu Mai,sv019068@uni.edu.vn
2020119069,Hồ Hữu Mai,sv019069@uni.edu.vn
2021119070,Nguyễn Thành Mai,sv019070@uni.edu.vn
2022119071,Trần Thành Mai,sv019071@uni.edu.vn
2023119072,Lê Thành Mai,sv019072@uni.edu.vn
2024119073,Phạm Thành Mai,sv019073@uni.edu.vn
2019119074,Hoàng Thành Mai,sv019074@uni.edu.vn
2020119075,Vũ Thành Mai,sv019075@uni.edu.vn
2021119076,Đặng Thành Mai,sv019076@uni.edu.vn
2022119077,Bùi Thành Mai,sv019077@uni.edu.vn
2023119078,Đỗ Thành Mai,sv019078@uni.edu.vn
2024119079,Hồ Thành Mai,sv019079@uni.edu.vn
2019119080,Nguyễn Ngọc Mai,sv019080@uni.edu.vn
2020119081,Trần Ngọc Mai,sv019081@uni.edu.vn
2021119082,Lê Ngọc Mai,sv019082@uni.edu.vn
2022119083,Phạm Ngọc Mai,sv019083@uni.edu.vn
2023119084,Hoàng Ngọc Mai,sv019084@uni.edu.vn
2024119085,Vũ Ngọc Mai,sv019085@uni.edu.vn
2019119086,Đặng Ngọc Mai,sv019086@uni.edu.vn
2020119087,Bùi Ngọc Mai,sv019087@uni.edu.vn
2021119088,Đỗ Ngọc Mai,sv019088@uni.edu.vn
2022119089,Hồ Ngọc Mai,sv019089@uni.edu.vn
2023119090,Nguyễn Mai,sv019090@uni.edu.vn
2024119091,Trần Mai,sv019091@uni.edu.vn
2019119092,Lê Mai,sv019092@uni.edu.vn
2020119093,Phạm Mai,sv019093@uni.edu.vn
2021119094,Hoàng Mai,sv019094@uni.edu.vn
2022119095,Vũ Mai,sv019095@uni.edu.vn
2023119096,Đặng Mai,sv019096@uni.edu.vn
2024119097,Bùi Mai,sv019097@uni.edu.vn
2019119098,Đỗ Mai,sv019098@uni.edu.vn
2020119099,Hồ Mai,sv019099@uni.edu.vn
2021119100,Nguyễn Thị Nam,sv019100@uni.edu.vn
2022119101,Trần Thị Nam,sv019101@uni.edu.vn
2023119102,Lê Thị Nam,sv019102@uni.edu.vn
2024119103,Phạm Thị Nam,sv019103@uni.edu.vn
2019119104,Hoàng Thị Nam,sv019104@uni.edu.vn
2020119105,Vũ Thị Nam,sv019105@uni.edu.vn
2021119106,Đặng Thị Nam,sv019106@uni.edu.vn
2022119107,Bùi Thị Nam,sv019107@uni.edu.vn
2023119108,Đỗ Thị Nam,sv019108@uni.edu.vn
2024119109,Hồ Thị Nam,sv019109@uni.edu.vn
2019119110,Nguyễn Văn Nam,sv019110@uni.edu.vn
2020119111,Trần Văn Nam,sv019111@uni.edu.vn
2021119112,Lê Văn Nam,sv019112@uni.edu.vn
2022119113,Phạm Văn Nam,sv019113@uni.edu.vn
2023119114,Hoàng Văn Nam,sv019114@uni.edu.vn
2024119115,Vũ Văn Nam,sv019115@uni.edu.vn
2019119116,Đặng Văn Nam,sv019116@uni.edu.vn
2020119117,Bùi Văn Nam,sv019117@uni.edu.vn
2021119118,Đỗ Văn Nam,sv019118@uni.edu.vn
2022119119,Hồ Văn Nam,sv019119@uni.edu.vn
2023119120,Nguyễn Minh Nam,sv019120@uni.edu.vn
2024119121,Trần Minh Nam,sv019121@uni.edu.vn
2019119122,Lê Minh Nam,sv019122@uni.edu.vn
2020119123,Phạm Minh Nam,sv019123@uni.edu.vn
2021119124,Hoàng Minh Nam,sv019124@uni.edu.vn
2022119125,Vũ Minh Nam,sv019125@uni.edu.vn
2023119126,Đặng Minh Nam,sv019126@uni.edu.vn
2024119127,Bùi Minh Nam,sv019127@uni.edu.vn
2019119128,Đỗ Minh Nam,sv019128@uni.edu.vn
2020119129,Hồ Minh Nam,sv019129@uni.edu.vn
2021119130,Nguyễn Quốc Nam,sv019130@uni.edu.vn
2022119131,Trần Quốc Nam,sv019131@uni.edu.vn
2023119132,Lê Quốc Nam,sv019132@uni.edu.vn
2024119133,Phạm Quốc Nam,sv019133@uni.edu.vn
2019119134,Hoàng Quốc Nam,sv019134@uni.edu.vn
2020119135,Vũ Quốc Nam,sv019135@uni.edu.vn
2021119136,Đặng Quốc Nam,sv019136@uni.edu.vn
2022119137,Bùi Quốc Nam,sv019137@uni.edu.vn
2023119138,Đỗ Quốc Nam,sv019138@uni.edu.vn
2024119139,Hồ Quốc Nam,sv019139@uni.edu.vn
2019119140,Nguyễn Anh Nam,sv019140@uni.edu.vn
2020119141,Trần Anh Nam,sv019141@uni.edu.vn
2021119142,Lê Anh Nam,sv019142@uni.edu.vn
2022119143,Phạm Anh Nam,sv019143@uni.edu.vn
2023119144,Hoàng Anh Nam,sv019144@uni.edu.vn
2024119145,Vũ Anh Nam,sv019145@uni.edu.vn
2019119146,Đặng Anh Nam,sv019146@uni.edu.vn
2020119147,Bùi Anh Nam,sv019147@uni.edu.vn
2021119148,Đỗ Anh Nam,sv019148@uni.edu.vn
2022119149,Hồ Anh Nam,sv019149@uni.edu.vn
2023119150,Nguyễn Tuấn Nam,sv019150@uni.edu.vn
2024119151,Trần Tuấn Nam,sv019151@uni.edu.vn
2019119152,Lê Tuấn Nam,sv019152@uni.edu.vn
2020119153,Phạm Tuấn Nam,sv019153@uni.edu.vn
2021119154,Hoàng Tuấn Nam,sv019154@uni.edu.vn
2022119155,Vũ Tuấn Nam,sv019155@uni.edu.vn
2023119156,Đặng Tuấn Nam,sv019156@uni.edu.vn
2024119157,Bùi Tuấn Nam,sv019157@uni.edu.vn
2019119158,Đỗ Tuấn Nam,sv019158@uni.edu.vn
2020119159,Hồ Tuấn Nam,sv019159@uni.edu.vn
2021119160,Nguyễn Hữu Nam,sv019160@uni.edu.vn
2022119161,Trần Hữu Nam,sv019161@uni.edu.vn
2023119162,Lê Hữu Nam,sv019162@uni.edu.vn
2024119163,Phạm Hữu Nam,sv019163@uni.edu.vn
2019119164,Hoàng Hữu Nam,sv019164@uni.edu.vn
2020119165,Vũ Hữu Nam,sv019165@uni.edu.vn
2021119166,Đặng Hữu Nam,sv019166@uni.edu.vn
2022119167,Bùi Hữu Nam,sv019167@uni.edu.vn
2023119168,Đỗ Hữu Nam,sv019168@uni.edu.vn
2024119169,Hồ Hữu Nam,sv019169@uni.edu.vn
2019119170,Nguyễn Thành Nam,sv019170@uni.edu.vn
2020119171,Trần Thành Nam,sv019171@uni.edu.vn
2021119172,Lê Thành Nam,sv019172@uni.edu.vn
2022119173,Phạm Thành Nam,sv019173@uni.edu.vn
2023119174,Hoàng Thành Nam,sv019174@uni.edu.vn
2024119175,Vũ Thành Nam,sv019175@uni.edu.vn
2019119176,Đặng Thành Nam,sv019176@uni.edu.vn
2020119177,Bùi Thành Nam,sv019177@uni.edu.vn
2021119178,Đỗ Thành Nam,sv019178@uni.edu.vn
2022119179,Hồ Thành Nam,sv019179@uni.edu.vn
2023119180,Nguyễn Ngọc Nam,sv019180@uni.edu.vn
2024119181,Trần Ngọc Nam,sv019181@uni.edu.vn
2019119182,Lê Ngọc Nam,sv019182@uni.edu.vn
2020119183,Phạm Ngọc Nam,sv019183@uni.edu.vn
2021119184,Hoàng Ngọc Nam,sv019184@uni.edu.vn
2022119185,Vũ Ngọc Nam,sv019185@uni.edu.vn
2023119186,Đặng Ngọc Nam,sv019186@uni.edu.vn
2024119187,Bùi Ngọc Nam,sv019187@uni.edu.vn
2019119188,Đỗ Ngọc Nam,sv019188@uni.edu.vn
2020119189,Hồ Ngọc Nam,sv019189@uni.edu.vn
2021119190,Nguyễn Nam,sv019190@uni.edu.vn
2022119191,Trần Nam,sv019191@uni.edu.vn
2023119192,Lê Nam,sv019192@uni.edu.vn
2024119193,Phạm Nam,sv019193@uni.edu.vn
2019119194,Hoàng Nam,sv019194@uni.edu.vn
2020119195,Vũ Nam,sv019195@uni.edu.vn
2021119196,Đặng Nam,sv019196@uni.edu.vn
2022119197,Bùi Nam,sv019197@uni.edu.vn
2023119198,Đỗ Nam,sv019198@uni.edu.vn
2024119199,Hồ Nam,sv019199@uni.edu.vn
2019119200,Nguyễn Thị Phong,sv019200@uni.edu.vn
2020119201,Trần Thị Phong,sv019201@uni.edu.vn
2021119202,Lê Thị Phong,sv019202@uni.edu.vn
2022119203,Phạm Thị Phong,sv019203@uni.edu.vn
2023119204,Hoàng Thị Phong,sv019204@uni.edu.vn
2024119205,Vũ Thị Phong,sv019205@uni.edu.vn
2019119206,Đặng Thị Phong,sv019206@uni.edu.vn
2020119207,Bùi Thị Phong,sv019207@uni.edu.vn
2021119208,Đỗ Thị Phong,sv019208@uni.edu.vn
2022119209,Hồ Thị Phong,sv019209@uni.edu.vn
2023119210,Nguyễn Văn Phong,sv019210@uni.edu.vn
2024119211,Trần Văn Phong,sv019211@uni.edu.vn
2019119212,Lê Văn Phong,sv019212@uni.edu.vn
2020119213,Phạm Văn Phong,sv019213@uni.edu.vn
2021119214,Hoàng Văn Phong,sv019214@uni.edu.vn
2022119215,Vũ Văn Phong,sv019215@uni.edu.vn
2023119216,Đặng Văn Phong,sv019216@uni.edu.vn
2024119217,Bùi Văn Phong,sv019217@uni.edu.vn
2019119218,Đỗ Văn Phong,sv019218@uni.edu.vn
2020119219,Hồ Văn Phong,sv019219@uni.edu.vn
2021119220,Nguyễn Minh Phong,sv019220@uni.edu.vn
2022119221,Trần Minh Phong,sv019221@uni.edu.vn
2023119222,Lê Minh Phong,sv019222@uni.edu.vn
2024119223,Phạm Minh Phong,sv019223@uni.edu.vn
2019119224,Hoàng Minh Phong,sv019224@uni.edu.vn
2020119225,Vũ Minh Phong,sv019225@uni.edu.vn
2021119226,Đặng Minh Phong,sv019226@uni.edu.vn
2022119227,Bùi Minh Phong,sv019227@uni.edu.vn
2023119228,Đỗ Minh Phong,sv019228@uni.edu.vn
2024119229,Hồ Minh Phong,sv019229@uni.edu.vn
2019119230,Nguyễn Quốc Phong,sv019230@uni.edu.vn
2020119231,Trần Quốc Phong,sv019231@uni.edu.vn
2021119232,Lê Quốc Phong,sv019232@uni.edu.vn
2022119233,Phạm Quốc Phong,sv019233@uni.edu.vn
2023119234,Hoàng Quốc Phong,sv019234@uni.edu.vn
2024119235,Vũ Quốc Phong,sv019235@uni.edu.vn
2019119236,Đặng Quốc Phong,sv019236@uni.edu.vn
2020119237,Bùi Quốc Phong,sv019237@uni.edu.vn
2021119238,Đỗ Quốc Phong,sv019238@uni.edu.vn
2022119239,Hồ Quốc Phong,sv019239@uni.edu.vn
2023119240,Nguyễn Anh Phong,sv019240@uni.edu.vn
2024119241,Trần Anh Phong,sv019241@uni.edu.vn
2019119242,Lê Anh Phong,sv019242@uni.edu.vn
2020119243,Phạm Anh Phong,sv019243@uni.edu.vn
2021119244,Hoàng Anh Phong,sv019244@uni.edu.vn
2022119245,Vũ Anh Phong,sv019245@uni.edu.vn
2023119246,Đặng Anh Phong,sv019246@uni.edu.vn
2024119247,Bùi Anh Phong,sv019247@uni.edu.vn
2019119248,Đỗ Anh Phong,sv019248@uni.edu.vn
2020119249,Hồ Anh Phong,sv019249@uni.edu.vn
2021119250,Nguyễn Tuấn Phong,sv019250@uni.edu.vn
2022119251,Trần Tuấn Phong,sv019251@uni.edu.vn
2023119252,Lê Tuấn Phong,sv019252@uni.edu.vn
2024119253,Phạm Tuấn Phong,sv019253@uni.edu.vn
2019119254,Hoàng Tuấn Phong,sv019254@uni.edu.vn
2020119255,Vũ Tuấn Phong,sv019255@uni.edu.vn
2021119256,Đặng Tuấn Phong,sv019256@uni.edu.vn
2022119257,Bùi Tuấn Phong,sv019257@uni.edu.vn
2023119258,Đỗ Tuấn Phong,sv019258@uni.edu.vn
2024119259,Hồ Tuấn Phong,sv019259@uni.edu.vn
2019119260,Nguyễn Hữu Phong,sv019260@uni.edu.vn
2020119261,Trần Hữu Phong,sv019261@uni.edu.vn
2021119262,Lê Hữu Phong,sv019262@uni.edu.vn
2022119263,Phạm Hữu Phong,sv019263@uni.edu.vn
2023119264,Hoàng Hữu Phong,sv019264@uni.edu.vn
2024119265,Vũ Hữu Phong,sv019265@uni.edu.vn
2019119266,Đặng Hữu Phong,sv019266@uni.edu.vn
2020119267,Bùi Hữu Phong,sv019267@uni.edu.vn
2021119268,Đỗ Hữu Phong,sv019268@uni.edu.vn
2022119269,Hồ Hữu Phong,sv019269@uni.edu.vn
2023119270,Nguyễn Thành Phong,sv019270@uni.edu.vn
2024119271,Trần Thành Phong,sv019271@uni.edu.vn
2019119272,Lê Thành Phong,sv019272@uni.edu.vn
2020119273,Phạm Thành Phong,sv019273@uni.edu.vn
2021119274,Hoàng Thành Phong,sv019274@uni.edu.vn
2022119275,Vũ Thành Phong,sv019275@uni.edu.vn
2023119276,Đặng Thành Phong,sv019276@uni.edu.vn
2024119277,Bùi Thành Phong,sv019277@uni.edu.vn
2019119278,Đỗ Thành Phong,sv019278@uni.edu.vn
2020119279,Hồ Thành Phong,sv019279@uni.edu.vn
2021119280,Nguyễn Ngọc Phong,sv019280@uni.edu.vn
2022119281,Trần Ngọc Phong,sv019281@uni.edu.vn
2023119282,Lê Ngọc Phong,sv019282@uni.edu.vn
2024119283,Phạm Ngọc Phong,sv019283@uni.edu.vn
2019119284,Hoàng Ngọc Phong,sv019284@uni.edu.vn
2020119285,Vũ Ngọc Phong,sv019285@uni.edu.vn
2021119286,Đặng Ngọc Phong,sv019286@uni.edu.vn
2022119287,Bùi Ngọc Phong,sv019287@uni.edu.vn
2023119288,Đỗ Ngọc Phong,sv019288@uni.edu.vn
2024119289,Hồ Ngọc Phong,sv019289@uni.edu.vn
2019119290,Nguyễn Phong,sv019290@uni.edu.vn
2020119291,Trần Phong,sv019291@uni.edu.vn
2021119292,Lê Phong,sv019292@uni.edu.vn
2022119293,Phạm Phong,sv019293@uni.edu.vn
2023119294,Hoàng Phong,sv019294@uni.edu.vn
2024119295,Vũ Phong,sv019295@uni.edu.vn
2019119296,Đặng Phong,sv019296@uni.edu.vn
2020119297,Bùi Phong,sv019297@uni.edu.vn
2021119298,Đỗ Phong,sv019298@uni.edu.vn
2022119299,Hồ Phong,sv019299@uni.edu.vn
2023119300,Nguyễn Thị Quân,sv019300@uni.edu.vn
2024119301,Trần Thị Quân,sv019301@uni.edu.vn
2019119302,Lê Thị Quân,sv019302@uni.edu.vn
2020119303,Phạm Thị Quân,sv019303@uni.edu.vn
2021119304,Hoàng Thị Quân,sv019304@uni.edu.vn
2022119305,Vũ Thị Quân,sv019305@uni.edu.vn
2023119306,Đặng Thị Quân,sv019306@uni.edu.vn
2024119307,Bùi Thị Quân,sv019307@uni.edu.vn
2019119308,Đỗ Thị Quân,sv019308@uni.edu.vn
2020119309,Hồ Thị Quân,sv019309@uni.edu.vn
2021119310,Nguyễn Văn Quân,sv019310@uni.edu.vn
2022119311,Trần Văn Quân,sv019311@uni.edu.vn
2023119312,Lê Văn Quân,sv019312@uni.edu.vn
2024119313,Phạm Văn Quân,sv019313@uni.edu.vn
2019119314,Hoàng Văn Quân,sv019314@uni.edu.vn
2020119315,Vũ Văn Quân,sv019315@uni.edu.vn
2021119316,Đặng Văn Quân,sv019316@uni.edu.vn
2022119317,Bùi Văn Quân,sv019317@uni.edu.vn
2023119318,Đỗ Văn Quân,sv019318@uni.edu.vn
2024119319,Hồ Văn Quân,sv019319@uni.edu.vn
2019119320,Nguyễn Minh Quân,sv019320@uni.edu.vn
2020119321,Trần Minh Quân,sv019321@uni.edu.vn
2021119322,Lê Minh Quân,sv019322@uni.edu.vn
2022119323,Phạm Minh Quân,sv019323@uni.edu.vn
2023119324,Hoàng Minh Quân,sv019324@uni.edu.vn
2024119325,Vũ Minh Quân,sv019325@uni.edu.vn
2019119326,Đặng Minh Quân,sv019326@uni.edu.vn
2020119327,Bùi Minh Quân,sv019327@uni.edu.vn
2021119328,Đỗ Minh Quân,sv019328@uni.edu.vn
2022119329,Hồ Minh Quân,sv019329@uni.edu.vn
2023119330,Nguyễn Quốc Quân,sv019330@uni.edu.vn
2024119331,Trần Quốc Quân,sv019331@uni.edu.vn
2019119332,Lê Quốc Quân,sv019332@uni.edu.vn
2020119333,Phạm Quốc Quân,sv019333@uni.edu.vn
2021119334,Hoàng Quốc Quân,sv019334@uni.edu.vn
2022119335,Vũ Quốc Quân,sv019335@uni.edu.vn
2023119336,Đặng Quốc Quân,sv019336@uni.edu.vn
2024119337,Bùi Quốc Quân,sv019337@uni.edu.vn
2019119338,Đỗ Quốc Quân,sv019338@uni.edu.vn
2020119339,Hồ Quốc Quân,sv019339@uni.edu.vn
2021119340,Nguyễn Anh Quân,sv019340@uni.edu.vn
2022119341,Trần Anh Quân,sv019341@uni.edu.vn
2023119342,Lê Anh Quân,sv019342@uni.edu.vn
2024119343,Phạm Anh Quân,sv019343@uni.edu.vn
2019119344,Hoàng Anh Quân,sv019344@uni.edu.vn
2020119345,Vũ Anh Quân,sv019345@uni.edu.vn
2021119346,Đặng Anh Quân,sv019346@uni.edu.vn
2022119347,Bùi Anh Quân,sv019347@uni.edu.vn
2023119348,Đỗ Anh Quân,sv019348@uni.edu.vn
2024119349,Hồ Anh Quân,sv019349@uni.edu.vn
2019119350,Nguyễn Tuấn Quân,sv019350@uni.edu.vn
2020119351,Trần Tuấn Quân,sv019351@uni.edu.vn
2021119352,Lê Tuấn Quân,sv019352@uni.edu.vn
2022119353,Phạm Tuấn Quân,sv019353@uni.edu.vn
2023119354,Hoàng Tuấn Quân,sv019354@uni.edu.vn
2024119355,Vũ Tuấn Quân,sv019355@uni.edu.vn
2019119356,Đặng Tuấn Quân,sv019356@uni.edu.vn
2020119357,Bùi Tuấn Quân,sv019357@uni.edu.vn
2021119358,Đỗ Tuấn Quân,sv019358@uni.edu.vn
2022119359,Hồ Tuấn Quân,sv019359@uni.edu.vn
2023119360,Nguyễn Hữu Quân,sv019360@uni.edu.vn
2024119361,Trần Hữu Quân,sv019361@uni.edu.vn
2019119362,Lê Hữu Quân,sv019362@uni.edu.vn
2020119363,Phạm Hữu Quân,sv019363@uni.edu.vn
2021119364,Hoàng Hữu Quân,sv019364@uni.edu.vn
2022119365,Vũ Hữu Quân,sv019365@uni.edu.vn
2023119366,Đặng Hữu Quân,sv019366@uni.edu.vn
2024119367,Bùi Hữu Quân,sv019367@uni.edu.vn
2019119368,Đỗ Hữu Quân,sv019368@uni.edu.vn
2020119369,Hồ Hữu Quân,sv019369@uni.edu.vn
2021119370,Nguyễn Thành Quân,sv019370@uni.edu.vn
2022119371,Trần Thành Quân,sv019371@uni.edu.vn
2023119372,Lê Thành Quân,sv019372@uni.edu.vn
2024119373,Phạm Thành Quân,sv019373@uni.edu.vn
2019119374,Hoàng Thành Quân,sv019374@uni.edu.vn
2020119375,Vũ Thành Quân,sv019375@uni.edu.vn
2021119376,Đặng Thành Quân,sv019376@uni.edu.vn
2022119377,Bùi Thành Quân,sv019377@uni.edu.vn
2023119378,Đỗ Thành Quân,sv019378@uni.edu.vn
2024119379,Hồ Thành Quân,sv019379@uni.edu.vn
2019119380,Nguyễn Ngọc Quân,sv019380@uni.edu.vn
2020119381,Trần Ngọc Quân,sv019381@uni.edu.vn
2021119382,Lê Ngọc Quân,sv019382@uni.edu.vn
2022119383,Phạm Ngọc Quân,sv019383@uni.edu.vn
2023119384,Hoàng Ngọc Quân,sv019384@uni.edu.vn
2024119385,Vũ Ngọc Quân,sv019385@uni.edu.vn
2019119386,Đặng Ngọc Quân,sv019386@uni.edu.vn
2020119387,Bùi Ngọc Quân,sv019387@uni.edu.vn
2021119388,Đỗ Ngọc Quân,sv019388@uni.edu.vn
2022119389,Hồ Ngọc Quân,sv019389@uni.edu.vn
2023119390,Nguyễn Quân,sv019390@uni.edu.vn
2024119391,Trần Quân,sv019391@uni.edu.vn
2019119392,Lê Quân,sv019392@uni.edu.vn
2020119393,Phạm Quân,sv019393@uni.edu.vn
2021119394,Hoàng Quân,sv019394@uni.edu.vn
2022119395,Vũ Quân,sv019395@uni.edu.vn
2023119396,Đặng Quân,sv019396@uni.edu.vn
2024119397,Bùi Quân,sv019397@uni.edu.vn
2019119398,Đỗ Quân,sv019398@uni.edu.vn
2020119399,Hồ Quân,sv019399@uni.edu.vn
2021119400,Nguyễn Thị Sơn,sv019400@uni.edu.vn
2022119401,Trần Thị Sơn,sv019401@uni.edu.vn
2023119402,Lê Thị Sơn,sv019402@uni.edu.vn
2024119403,Phạm Thị Sơn,sv019403@uni.edu.vn
2019119404,Hoàng Thị Sơn,sv019404@uni.edu.vn
2020119405,Vũ Thị Sơn,sv019405@uni.edu.vn
2021119406,Đặng Thị Sơn,sv019406@uni.edu.vn
2022119407,Bùi Thị Sơn,sv019407@uni.edu.vn
2023119408,Đỗ Thị Sơn,sv019408@uni.edu.vn
2024119409,Hồ Thị Sơn,sv019409@uni.edu.vn
2019119410,Nguyễn Văn Sơn,sv019410@uni.edu.vn
2020119411,Trần Văn Sơn,sv019411@uni.edu.vn
2021119412,Lê Văn Sơn,sv019412@uni.edu.vn
2022119413,Phạm Văn Sơn,sv019413@uni.edu.vn
2023119414,Hoàng Văn Sơn,sv019414@uni.edu.vn
2024119415,Vũ Văn Sơn,sv019415@uni.edu.vn
2019119416,Đặng Văn Sơn,sv019416@uni.edu.vn
2020119417,Bùi Văn Sơn,sv019417@uni.edu.vn
2021119418,Đỗ Văn Sơn,sv019418@uni.edu.vn
2022119419,Hồ Văn Sơn,sv019419@uni.edu.vn
2023119420,Nguyễn Minh Sơn,sv019420@uni.edu.vn
2024119421,Trần Minh Sơn,sv019421@uni.edu.vn
2019119422,Lê Minh Sơn,sv019422@uni.edu.vn
2020119423,Phạm Minh Sơn,sv019423@uni.edu.vn
2021119424,Hoàng Minh Sơn,sv019424@uni.edu.vn
2022119425,Vũ Minh Sơn,sv019425@uni.edu.vn
2023119426,Đặng Minh Sơn,sv019426@uni.edu.vn
2024119427,Bùi Minh Sơn,sv019427@uni.edu.vn
2019119428,Đỗ Minh Sơn,sv019428@uni.edu.vn
2020119429,Hồ Minh Sơn,sv019429@uni.edu.vn
2021119430,Nguyễn Quốc Sơn,sv019430@uni.edu.vn
2022119431,Trần Quốc Sơn,sv019431@uni.edu.vn
2023119432,Lê Quốc Sơn,sv019432@uni.edu.vn
2024119433,Phạm Quốc Sơn,sv019433@uni.edu.vn
2019119434,Hoàng Quốc Sơn,sv019434@uni.edu.vn
2020119435,Vũ Quốc Sơn,sv019435@uni.edu.vn
2021119436,Đặng Quốc Sơn,sv019436@uni.edu.vn
2022119437,Bùi Quốc Sơn,sv019437@uni.edu.vn
2023119438,Đỗ Quốc Sơn,sv019438@uni.edu.vn
2024119439,Hồ Quốc Sơn,sv019439@uni.edu.vn
2019119440,Nguyễn Anh Sơn,sv019440@uni.edu.vn
2020119441,Trần Anh Sơn,sv019441@uni.edu.vn
2021119442,Lê Anh Sơn,sv019442@uni.edu.vn
2022119443,Phạm Anh Sơn,sv019443@uni.edu.vn
2023119444,Hoàng Anh Sơn,sv019444@uni.edu.vn
2024119445,Vũ Anh Sơn,sv019445@uni.edu.vn
2019119446,Đặng Anh Sơn,sv019446@uni.edu.vn
2020119447,Bùi Anh Sơn,sv019447@uni.edu.vn
2021119448,Đỗ Anh Sơn,sv019448@uni.edu.vn
2022119449,Hồ Anh Sơn,sv019449@uni.edu.vn
2023119450,Nguyễn Tuấn Sơn,sv019450@uni.edu.vn
2024119451,Trần Tuấn Sơn,sv019451@uni.edu.vn
2019119452,Lê Tuấn Sơn,sv019452@uni.edu.vn
2020119453,Phạm Tuấn Sơn,sv019453@uni.edu.vn
2021119454,Hoàng Tuấn Sơn,sv019454@uni.edu.vn
2022119455,Vũ Tuấn Sơn,sv019455@uni.edu.vn
2023119456,Đặng Tuấn Sơn,sv019456@uni.edu.vn
2024119457,Bùi Tuấn Sơn,sv019457@uni.edu.vn
2019119458,Đỗ Tuấn Sơn,sv019458@uni.edu.vn
2020119459,Hồ Tuấn Sơn,sv019459@uni.edu.vn
2021119460,Nguyễn Hữu Sơn,sv019460@uni.edu.vn
2022119461,Trần Hữu Sơn,sv019461@uni.edu.vn
2023119462,Lê Hữu Sơn,sv019462@uni.edu.vn
2024119463,Phạm Hữu Sơn,sv019463@uni.edu.vn
2019119464,Hoàng Hữu Sơn,sv019464@uni.edu.vn
2020119465,Vũ Hữu Sơn,sv019465@uni.edu.vn
2021119466,Đặng Hữu Sơn,sv019466@uni.edu.vn
2022119467,Bùi Hữu Sơn,sv019467@uni.edu.vn
2023119468,Đỗ Hữu Sơn,sv019468@uni.edu.vn
2024119469,Hồ Hữu Sơn,sv019469@uni.edu.vn
2019119470,Nguyễn Thành Sơn,sv019470@uni.edu.vn
2020119471,Trần Thành Sơn,sv019471@uni.edu.vn
2021119472,Lê Thành Sơn,sv019472@uni.edu.vn
2022119473,Phạm Thành Sơn,sv019473@uni.edu.vn
2023119474,Hoàng Thành Sơn,sv019474@uni.edu.vn
2024119475,Vũ Thành Sơn,sv019475@uni.edu.vn
2019119476,Đặng Thành Sơn,sv019476@uni.edu.vn
2020119477,Bùi Thành Sơn,sv019477@uni.edu.vn
2021119478,Đỗ Thành Sơn,sv019478@uni.edu.vn
2022119479,Hồ Thành Sơn,sv019479@uni.edu.vn
2023119480,Nguyễn Ngọc Sơn,sv019480@uni.edu.vn
2024119481,Trần Ngọc Sơn,sv019481@uni.edu.vn
2019119482,Lê Ngọc Sơn,sv019482@uni.edu.vn
2020119483,Phạm Ngọc Sơn,sv019483@uni.edu.vn
2021119484,Hoàng Ngọc Sơn,sv019484@uni.edu.vn
2022119485,Vũ Ngọc Sơn,sv019485@uni.edu.vn
2023119486,Đặng Ngọc Sơn,sv019486@uni.edu.vn
2024119487,Bùi Ngọc Sơn,sv019487@uni.edu.vn
2019119488,Đỗ Ngọc Sơn,sv019488@uni.edu.vn
2020119489,Hồ Ngọc Sơn,sv019489@uni.edu.vn
2021119490,Nguyễn Sơn,sv019490@uni.edu.vn
2022119491,Trần Sơn,sv019491@uni.edu.vn
2023119492,Lê Sơn,sv019492@uni.edu.vn
2024119493,Phạm Sơn,sv019493@uni.edu.vn
2019119494,Hoàng Sơn,sv019494@uni.edu.vn
2020119495,Vũ Sơn,sv019495@uni.edu.vn
2021119496,Đặng Sơn,sv019496@uni.edu.vn
2022119497,Bùi Sơn,sv019497@uni.edu.vn
2023119498,Đỗ Sơn,sv019498@uni.edu.vn
2024119499,Hồ Sơn,sv019499@uni.edu.vn
2019119500,Nguyễn Thị Tâm,sv019500@uni.edu.vn
2020119501,Trần Thị Tâm,sv019501@uni.edu.vn
2021119502,Lê Thị Tâm,sv019502@uni.edu.vn
2022119503,Phạm Thị Tâm,sv019503@uni.edu.vn
2023119504,Hoàng Thị Tâm,sv019504@uni.edu.vn
2024119505,Vũ Thị Tâm,sv019505@uni.edu.vn
2019119506,Đặng Thị Tâm,sv019506@uni.edu.vn
2020119507,Bùi Thị Tâm,sv019507@uni.edu.vn
2021119508,Đỗ Thị Tâm,sv019508@uni.edu.vn
2022119509,Hồ Thị Tâm,sv019509@uni.edu.vn
2023119510,Nguyễn Văn Tâm,sv019510@uni.edu.vn
2024119511,Trần Văn Tâm,sv019511@uni.edu.vn
2019119512,Lê Văn Tâm,sv019512@uni.edu.vn
2020119513,Phạm Văn Tâm,sv019513@uni.edu.vn
2021119514,Hoàng Văn Tâm,sv019514@uni.edu.vn
2022119515,Vũ Văn Tâm,sv019515@uni.edu.vn
2023119516,Đặng Văn Tâm,sv019516@uni.edu.vn
2024119517,Bùi Văn Tâm,sv019517@uni.edu.vn
2019119518,Đỗ Văn Tâm,sv019518@uni.edu.vn
2020119519,Hồ Văn Tâm,sv019519@uni.edu.vn
2021119520,Nguyễn Minh Tâm,sv019520@uni.edu.vn
2022119521,Trần Minh Tâm,sv019521@uni.edu.vn
2023119522,Lê Minh Tâm,sv019522@uni.edu.vn
2024119523,Phạm Minh Tâm,sv019523@uni.edu.vn
2019119524,Hoàng Minh Tâm,sv019524@uni.edu.vn
2020119525,Vũ Minh Tâm,sv019525@uni.edu.vn
2021119526,Đặng Minh Tâm,sv019526@uni.edu.vn
2022119527,Bùi Minh Tâm,sv019527@uni.edu.vn
2023119528,Đỗ Minh Tâm,sv019528@uni.edu.vn
2024119529,Hồ Minh Tâm,sv019529@uni.edu.vn
2019119530,Nguyễn Quốc Tâm,sv019530@uni.edu.vn
2020119531,Trần Quốc Tâm,sv019531@uni.edu.vn
2021119532,Lê Quốc Tâm,sv019532@uni.edu.vn
2022119533,Phạm Quốc Tâm,sv019533@uni.edu.vn
2023119534,Hoàng Quốc Tâm,sv019534@uni.edu.vn
2024119535,Vũ Quốc Tâm,sv019535@uni.edu.vn
2019119536,Đặng Quốc Tâm,sv019536@uni.edu.vn
2020119537,Bùi Quốc Tâm,sv019537@uni.edu.vn
2021119538,Đỗ Quốc Tâm,sv019538@uni.edu.vn
2022119539,Hồ Quốc Tâm,sv019539@uni.edu.vn
2023119540,Nguyễn Anh Tâm,sv019540@uni.edu.vn
2024119541,Trần Anh Tâm,sv019541@uni.edu.vn
2019119542,Lê Anh Tâm,sv019542@uni.edu.vn
2020119543,Phạm Anh Tâm,sv019543@uni.edu.vn
2021119544,Hoàng Anh Tâm,sv019544@uni.edu.vn
2022119545,Vũ Anh Tâm,sv019545@uni.edu.vn
2023119546,Đặng Anh Tâm,sv019546@uni.edu.vn
2024119547,Bùi Anh Tâm,sv019547@uni.edu.vn
2019119548,Đỗ Anh Tâm,sv019548@uni.edu.vn
2020119549,Hồ Anh Tâm,sv019549@uni.edu.vn
2021119550,Nguyễn Tuấn Tâm,sv019550@uni.edu.vn
2022119551,Trần Tuấn Tâm,sv019551@uni.edu.vn
2023119552,Lê Tuấn Tâm,sv019552@uni.edu.vn
2024119553,Phạm Tuấn Tâm,sv019553@uni.edu.vn
2019119554,Hoàng Tuấn Tâm,sv019554@uni.edu.vn
2020119555,Vũ Tuấn Tâm,sv019555@uni.edu.vn
2021119556,Đặng Tuấn Tâm,sv019556@uni.edu.vn
2022119557,Bùi Tuấn Tâm,sv019557@uni.edu.vn
2023119558,Đỗ Tuấn Tâm,sv019558@uni.edu.vn
2024119559,Hồ Tuấn Tâm,sv019559@uni.edu.vn
2019119560,Nguyễn Hữu Tâm,sv019560@uni.edu.vn
2020119561,Trần Hữu Tâm,sv019561@uni.edu.vn
2021119562,Lê Hữu Tâm,sv019562@uni.edu.vn
2022119563,Phạm Hữu Tâm,sv019563@uni.edu.vn
2023119564,Hoàng Hữu Tâm,sv019564@uni.edu.vn
2024119565,Vũ Hữu Tâm,sv019565@uni.edu.vn
2019119566,Đặng Hữu Tâm,sv019566@uni.edu.vn
2020119567,Bùi Hữu Tâm,sv019567@uni.edu.vn
2021119568,Đỗ Hữu Tâm,sv019568@uni.edu.vn
2022119569,Hồ Hữu Tâm,sv019569@uni.edu.vn
2023119570,Nguyễn Thành Tâm,sv019570@uni.edu.vn
2024119571,Trần Thành Tâm,sv019571@uni.edu.vn
2019119572,Lê Thành Tâm,sv019572@uni.edu.vn
2020119573,Phạm Thành Tâm,sv019573@uni.edu.vn
2021119574,Hoàng Thành Tâm,sv019574@uni.edu.vn
2022119575,Vũ Thành Tâm,sv019575@uni.edu.vn
2023119576,Đặng Thành Tâm,sv019576@uni.edu.vn
2024119577,Bùi Thành Tâm,sv019577@uni.edu.vn
2019119578,Đỗ Thành Tâm,sv019578@uni.edu.vn
2020119579,Hồ Thành Tâm,sv019579@uni.edu.vn
2021119580,Nguyễn Ngọc Tâm,sv019580@uni.edu.vn
2022119581,Trần Ngọc Tâm,sv019581@uni.edu.vn
2023119582,Lê Ngọc Tâm,sv019582@uni.edu.vn
2024119583,Phạm Ngọc Tâm,sv019583@uni.edu.vn
2019119584,Hoàng Ngọc Tâm,sv019584@uni.edu.vn
2020119585,Vũ Ngọc Tâm,sv019585@uni.edu.vn
2021119586,Đặng Ngọc Tâm,sv019586@uni.edu.vn
2022119587,Bùi Ngọc Tâm,sv019587@uni.edu.vn
2023119588,Đỗ Ngọc Tâm,sv019588@uni.edu.vn
2024119589,Hồ Ngọc Tâm,sv019589@uni.edu.vn
2019119590,Nguyễn Tâm,sv019590@uni.edu.vn
2020119591,Trần Tâm,sv019591@uni.edu.vn
2021119592,Lê Tâm,sv019592@uni.edu.vn
2022119593,Phạm Tâm,sv019593@uni.edu.vn
2023119594,Hoàng Tâm,sv019594@uni.edu.vn
2024119595,Vũ Tâm,sv019595@uni.edu.vn
2019119596,Đặng Tâm,sv019596@uni.edu.vn
2020119597,Bùi Tâm,sv019597@uni.edu.vn
2021119598,Đỗ Tâm,sv019598@uni.edu.vn
2022119599,Hồ Tâm,sv019599@uni.edu.vn
2023119600,Nguyễn Thị Thảo,sv019600@uni.edu.vn
2024119601,Trần Thị Thảo,sv019601@uni.edu.vn
2019119602,Lê Thị Thảo,sv019602@uni.edu.vn
2020119603,Phạm Thị Thảo,sv019603@uni.edu.vn
2021119604,Hoàng Thị Thảo,sv019604@uni.edu.vn
2022119605,Vũ Thị Thảo,sv019605@uni.edu.vn
2023119606,Đặng Thị Thảo,sv019606@uni.edu.vn
2024119607,Bùi Thị Thảo,sv019607@uni.edu.vn
2019119608,Đỗ Thị Thảo,sv019608@uni.edu.vn
2020119609,Hồ Thị Thảo,sv019609@uni.edu.vn
2021119610,Nguyễn Văn Thảo,sv019610@uni.edu.vn
2022119611,Trần Văn Thảo,sv019611@uni.edu.vn
2023119612,Lê Văn Thảo,sv019612@uni.edu.vn
2024119613,Phạm Văn Thảo,sv019613@uni.edu.vn
2019119614,Hoàng Văn Thảo,sv019614@uni.edu.vn
2020119615,Vũ Văn Thảo,sv019615@uni.edu.vn
2021119616,Đặng Văn Thảo,sv019616@uni.edu.vn
2022119617,Bùi Văn Thảo,sv019617@uni.edu.vn
2023119618,Đỗ Văn Thảo,sv019618@uni.edu.vn
2024119619,Hồ Văn Thảo,sv019619@uni.edu.vn
2019119620,Nguyễn Minh Thảo,sv019620@uni.edu.vn
2020119621,Trần Minh Thảo,sv019621@uni.edu.vn
2021119622,Lê Minh Thảo,sv019622@uni.edu.vn
2022119623,Phạm Minh Thảo,sv019623@uni.edu.vn
2023119624,Hoàng Minh Thảo,sv019624@uni.edu.vn
2024119625,Vũ Minh Thảo,sv019625@uni.edu.vn
2019119626,Đặng Minh Thảo,sv019626@uni.edu.vn
2020119627,Bùi Minh Thảo,sv019627@uni.edu.vn
2021119628,Đỗ Minh Thảo,sv019628@uni.edu.vn
2022119629,Hồ Minh Thảo,sv019629@uni.edu.vn
2023119630,Nguyễn Quốc Thảo,sv019630@uni.edu.vn
2024119631,Trần Quốc Thảo,sv019631@uni.edu.vn
2019119632,Lê Quốc Thảo,sv019632@uni.edu.vn
2020119633,Phạm Quốc Thảo,sv019633@uni.edu.vn
2021119634,Hoàng Quốc Thảo,sv019634@uni.edu.vn
2022119635,Vũ Quốc Thảo,sv019635@uni.edu.vn
2023119636,Đặng Quốc Thảo,sv019636@uni.edu.vn
2024119637,Bùi Quốc Thảo,sv019637@uni.edu.vn
2019119638,Đỗ Quốc Thảo,sv019638@uni.edu.vn
2020119639,Hồ Quốc Thảo,sv019639@uni.edu.vn
2021119640,Nguyễn Anh Thảo,sv019640@uni.edu.vn
2022119641,Trần Anh Thảo,sv019641@uni.edu.vn
2023119642,Lê Anh Thảo,sv019642@uni.edu.vn
2024119643,Phạm Anh Thảo,sv019643@uni.edu.vn
2019119644,Hoàng Anh Thảo,sv019644@uni.edu.vn
2020119645,Vũ Anh Thảo,sv019645@uni.edu.vn
2021119646,Đặng Anh Thảo,sv019646@uni.edu.vn
2022119647,Bùi Anh Thảo,sv019647@uni.edu.vn
2023119648,Đỗ Anh Thảo,sv019648@uni.edu.vn
2024119649,Hồ Anh Thảo,sv019649@uni.edu.vn
2019119650,Nguyễn Tuấn Thảo,sv019650@uni.edu.vn
2020119651,Trần Tuấn Thảo,sv019651@uni.edu.vn
2021119652,Lê Tuấn Thảo,sv019652@uni.edu.vn
2022119653,Phạm Tuấn Thảo,sv019653@uni.edu.vn
2023119654,Hoàng Tuấn Thảo,sv019654@uni.edu.vn
2024119655,Vũ Tuấn Thảo,sv019655@uni.edu.vn
2019119656,Đặng Tuấn Thảo,sv019656@uni.edu.vn
2020119657,Bùi Tuấn Thảo,sv019657@uni.edu.vn
2021119658,Đỗ Tuấn Thảo,sv019658@uni.edu.vn
2022119659,Hồ Tuấn Thảo,sv019659@uni.edu.vn
2023119660,Nguyễn Hữu Thảo,sv019660@uni.edu.vn
2024119661,Trần Hữu Thảo,sv019661@uni.edu.vn
2019119662,Lê Hữu Thảo,sv019662@uni.edu.vn
2020119663,Phạm Hữu Thảo,sv019663@uni.edu.vn
2021119664,Hoàng Hữu Thảo,sv019664@uni.edu.vn
2022119665,Vũ Hữu Thảo,sv019665@uni.edu.vn
2023119666,Đặng Hữu Thảo,sv019666@uni.edu.vn
2024119667,Bùi Hữu Thảo,sv019667@uni.edu.vn
2019119668,Đỗ Hữu Thảo,sv019668@uni.edu.vn
2020119669,Hồ Hữu Thảo,sv019669@uni.edu.vn
2021119670,Nguyễn Thành Thảo,sv019670@uni.edu.vn
2022119671,Trần Thành Thảo,sv019671@uni.edu.vn
2023119672,Lê Thành Thảo,sv019672@uni.edu.vn
2024119673,Phạm Thành Thảo,sv019673@uni.edu.vn
2019119674,Hoàng Thành Thảo,sv019674@uni.edu.vn
2020119675,Vũ Thành Thảo,sv019675@uni.edu.vn
2021119676,Đặng Thành Thảo,sv019676@uni.edu.vn
2022119677,Bùi Thành Thảo,sv019677@uni.edu.vn
2023119678,Đỗ Thành Thảo,sv019678@uni.edu.vn
2024119679,Hồ Thành Thảo,sv019679@uni.edu.vn
2019119680,Nguyễn Ngọc Thảo,sv019680@uni.edu.vn
2020119681,Trần Ngọc Thảo,sv019681@uni.edu.vn
2021119682,Lê Ngọc Thảo,sv019682@uni.edu.vn
2022119683,Phạm Ngọc Thảo,sv019683@uni.edu.vn
2023119684,Hoàng Ngọc Thảo,sv019684@uni.edu.vn
2024119685,Vũ Ngọc Thảo,sv019685@uni.edu.vn
2019119686,Đặng Ngọc Thảo,sv019686@uni.edu.vn
2020119687,Bùi Ngọc Thảo,sv019687@uni.edu.vn
2021119688,Đỗ Ngọc Thảo,sv019688@uni.edu.vn
2022119689,Hồ Ngọc Thảo,sv019689@uni.edu.vn
2023119690,Nguyễn Thảo,sv019690@uni.edu.vn
2024119691,Trần Thảo,sv019691@uni.edu.vn
2019119692,Lê Thảo,sv019692@uni.edu.vn
2020119693,Phạm Thảo,sv019693@uni.edu.vn
2021119694,Hoàng Thảo,sv019694@uni.edu.vn
2022119695,Vũ Thảo,sv019695@uni.edu.vn
2023119696,Đặng Thảo,sv019696@uni.edu.vn
2024119697,Bùi Thảo,sv019697@uni.edu.vn
2019119698,Đỗ Thảo,sv019698@uni.edu.vn
2020119699,Hồ Thảo,sv019699@uni.edu.vn
2021119700,Nguyễn Thị Uyên,sv019700@uni.edu.vn
2022119701,Trần Thị Uyên,sv019701@uni.edu.vn
2023119702,Lê Thị Uyên,sv019702@uni.edu.vn
2024119703,Phạm Thị Uyên,sv019703@uni.edu.vn
2019119704,Hoàng Thị Uyên,sv019704@uni.edu.vn
2020119705,Vũ Thị Uyên,sv019705@uni.edu.vn
2021119706,Đặng Thị Uyên,sv019706@uni.edu.vn
2022119707,Bùi Thị Uyên,sv019707@uni.edu.vn
2023119708,Đỗ Thị Uyên,sv019708@uni.edu.vn
2024119709,Hồ Thị Uyên,sv019709@uni.edu.vn
2019119710,Nguyễn Văn Uyên,sv019710@uni.edu.vn
2020119711,Trần Văn Uyên,sv019711@uni.edu.vn
2021119712,Lê Văn Uyên,sv019712@uni.edu.vn
2022119713,Phạm Văn Uyên,sv019713@uni.edu.vn
2023119714,Hoàng Văn Uyên,sv019714@uni.edu.vn
2024119715,Vũ Văn Uyên,sv019715@uni.edu.vn
2019119716,Đặng Văn Uyên,sv019716@uni.edu.vn
2020119717,Bùi Văn Uyên,sv019717@uni.edu.vn
2021119718,Đỗ Văn Uyên,sv019718@uni.edu.vn
2022119719,Hồ Văn Uyên,sv019719@uni.edu.vn
2023119720,Nguyễn Minh Uyên,sv019720@uni.edu.vn
2024119721,Trần Minh Uyên,sv019721@uni.edu.vn
2019119722,Lê Minh Uyên,sv019722@uni.edu.vn
2020119723,Phạm Minh Uyên,sv019723@uni.edu.vn
2021119724,Hoàng Minh Uyên,sv019724@uni.edu.vn
2022119725,Vũ Minh Uyên,sv019725@uni.edu.vn
2023119726,Đặng Minh Uyên,sv019726@uni.edu.vn
2024119727,Bùi Minh Uyên,sv019727@uni.edu.vn
2019119728,Đỗ Minh Uyên,sv019728@uni.edu.vn
2020119729,Hồ Minh Uyên,sv019729@uni.edu.vn
2021119730,Nguyễn Quốc Uyên,sv019730@uni.edu.vn
2022119731,Trần Quốc Uyên,sv019731@uni.edu.vn
2023119732,Lê Quốc Uyên,sv019732@uni.edu.vn
2024119733,Phạm Quốc Uyên,sv019733@uni.edu.vn
2019119734,Hoàng Quốc Uyên,sv019734@uni.edu.vn
2020119735,Vũ Quốc Uyên,sv019735@uni.edu.vn
2021119736,Đặng Quốc Uyên,sv019736@uni.edu.vn
2022119737,Bùi Quốc Uyên,sv019737@uni.edu.vn
2023119738,Đỗ Quốc Uyên,sv019738@uni.edu.vn
2024119739,Hồ Quốc Uyên,sv019739@uni.edu.vn
2019119740,Nguyễn Anh Uyên,sv019740@uni.edu.vn
2020119741,Trần Anh Uyên,sv019741@uni.edu.vn
2021119742,Lê Anh Uyên,sv019742@uni.edu.vn
2022119743,Phạm Anh Uyên,sv019743@uni.edu.vn
2023119744,Hoàng Anh Uyên,sv019744@uni.edu.vn
2024119745,Vũ Anh Uyên,sv019745@uni.edu.vn
2019119746,Đặng Anh Uyên,sv019746@uni.edu.vn
2020119747,Bùi Anh Uyên,sv019747@uni.edu.vn
2021119748,Đỗ Anh Uyên,sv019748@uni.edu.vn
2022119749,Hồ Anh Uyên,sv019749@uni.edu.vn
2023119750,Nguyễn Tuấn Uyên,sv019750@uni.edu.vn
2024119751,Trần Tuấn Uyên,sv019751@uni.edu.vn
2019119752,Lê Tuấn Uyên,sv019752@uni.edu.vn
2020119753,Phạm Tuấn Uyên,sv019753@uni.edu.vn
2021119754,Hoàng Tuấn Uyên,sv019754@uni.edu.vn
2022119755,Vũ Tuấn Uyên,sv019755@uni.edu.vn
2023119756,Đặng Tuấn Uyên,sv019756@uni.edu.vn
2024119757,Bùi Tuấn Uyên,sv019757@uni.edu.vn
2019119758,Đỗ Tuấn Uyên,sv019758@uni.edu.vn
2020119759,Hồ Tuấn Uyên,sv019759@uni.edu.vn
2021119760,Nguyễn Hữu Uyên,sv019760@uni.edu.vn
2022119761,Trần Hữu Uyên,sv019761@uni.edu.vn
2023119762,Lê Hữu Uyên,sv019762@uni.edu.vn
2024119763,Phạm Hữu Uyên,sv019763@uni.edu.vn
2019119764,Hoàng Hữu Uyên,sv019764@uni.edu.vn
2020119765,Vũ Hữu Uyên,sv019765@uni.edu.vn
2021119766,Đặng Hữu Uyên,sv019766@uni.edu.vn
2022119767,Bùi Hữu Uyên,sv019767@uni.edu.vn
2023119768,Đỗ Hữu Uyên,sv019768@uni.edu.vn
2024119769,Hồ Hữu Uyên,sv019769@uni.edu.vn
2019119770,Nguyễn Thành Uyên,sv019770@uni.edu.vn
2020119771,Trần Thành Uyên,sv019771@uni.edu.vn
2021119772,Lê Thành Uyên,sv019772@uni.edu.vn
2022119773,Phạm Thành Uyên,sv019773@uni.edu.vn
2023119774,Hoàng Thành Uyên,sv019774@uni.edu.vn
2024119775,Vũ Thành Uyên,sv019775@uni.edu.vn
2019119776,Đặng Thành Uyên,sv019776@uni.edu.vn
2020119777,Bùi Thành Uyên,sv019777@uni.edu.vn
2021119778,Đỗ Thành Uyên,sv019778@uni.edu.vn
2022119779,Hồ Thành Uyên,sv019779@uni.edu.vn
2023119780,Nguyễn Ngọc Uyên,sv019780@uni.edu.vn
2024119781,Trần Ngọc Uyên,sv019781@uni.edu.vn
2019119782,Lê Ngọc Uyên,sv019782@uni.edu.vn
2020119783,Phạm Ngọc Uyên,sv019783@uni.edu.vn
2021119784,Hoàng Ngọc Uyên,sv019784@uni.edu.vn
2022119785,Vũ Ngọc Uyên,sv019785@uni.edu.vn
2023119786,Đặng Ngọc Uyên,sv019786@uni.edu.vn
2024119787,Bùi Ngọc Uyên,sv019787@uni.edu.vn
2019119788,Đỗ Ngọc Uyên,sv019788@uni.edu.vn
2020119789,Hồ Ngọc Uyên,sv019789@uni.edu.vn
2021119790,Nguyễn Uyên,sv019790@uni.edu.vn
2022119791,Trần Uyên,sv019791@uni.edu.vn
2023119792,Lê Uyên,sv019792@uni.edu.vn
2024119793,Phạm Uyên,sv019793@uni.edu.vn
2019119794,Hoàng Uyên,sv019794@uni.edu.vn
2020119795,Vũ Uyên,sv019795@uni.edu.vn
2021119796,Đặng Uyên,sv019796@uni.edu.vn
2022119797,Bùi Uyên,sv019797@uni.edu.vn
2023119798,Đỗ Uyên,sv019798@uni.edu.vn
2024119799,Hồ Uyên,sv019799@uni.edu.vn
2019119800,Nguyễn Thị Việt,sv019800@uni.edu.vn
2020119801,Trần Thị Việt,sv019801@uni.edu.vn
2021119802,Lê Thị Việt,sv019802@uni.edu.vn
2022119803,Phạm Thị Việt,sv019803@uni.edu.vn
2023119804,Hoàng Thị Việt,sv019804@uni.edu.vn
2024119805,Vũ Thị Việt,sv019805@uni.edu.vn
2019119806,Đặng Thị Việt,sv019806@uni.edu.vn
2020119807,Bùi Thị Việt,sv019807@uni.edu.vn
2021119808,Đỗ Thị Việt,sv019808@uni.edu.vn
2022119809,Hồ Thị Việt,sv019809@uni.edu.vn
2023119810,Nguyễn Văn Việt,sv019810@uni.edu.vn
2024119811,Trần Văn Việt,sv019811@uni.edu.vn
2019119812,Lê Văn Việt,sv019812@uni.edu.vn
2020119813,Phạm Văn Việt,sv019813@uni.edu.vn
2021119814,Hoàng Văn Việt,sv019814@uni.edu.vn
2022119815,Vũ Văn Việt,sv019815@uni.edu.vn
2023119816,Đặng Văn Việt,sv019816@uni.edu.vn
2024119817,Bùi Văn Việt,sv019817@uni.edu.vn
2019119818,Đỗ Văn Việt,sv019818@uni.edu.vn
2020119819,Hồ Văn Việt,sv019819@uni.edu.vn
2021119820,Nguyễn Minh Việt,sv019820@uni.edu.vn
2022119821,Trần Minh Việt,sv019821@uni.edu.vn
2023119822,Lê Minh Việt,sv019822@uni.edu.vn
2024119823,Phạm Minh Việt,sv019823@uni.edu.vn
2019119824,Hoàng Minh Việt,sv019824@uni.edu.vn
2020119825,Vũ Minh Việt,sv019825@uni.edu.vn
2021119826,Đặng Minh Việt,sv019826@uni.edu.vn
2022119827,Bùi Minh Việt,sv019827@uni.edu.vn
2023119828,Đỗ Minh Việt,sv019828@uni.edu.vn
2024119829,Hồ Minh Việt,sv019829@uni.edu.vn
2019119830,Nguyễn Quốc Việt,sv019830@uni.edu.vn
2020119831,Trần Quốc Việt,sv019831@uni.edu.vn
2021119832,Lê Quốc Việt,sv019832@uni.edu.vn
2022119833,Phạm Quốc Việt,sv019833@uni.edu.vn
2023119834,Hoàng Quốc Việt,sv019834@uni.edu.vn
2024119835,Vũ Quốc Việt,sv019835@uni.edu.vn
2019119836,Đặng Quốc Việt,sv019836@uni.edu.vn
2020119837,Bùi Quốc Việt,sv019837@uni.edu.vn
2021119838,Đỗ Quốc Việt,sv019838@uni.edu.vn
2022119839,Hồ Quốc Việt,sv019839@uni.edu.vn
2023119840,Nguyễn Anh Việt,sv019840@uni.edu.vn
2024119841,Trần Anh Việt,sv019841@uni.edu.vn
2019119842,Lê Anh Việt,sv019842@uni.edu.vn
2020119843,Phạm Anh Việt,sv019843@uni.edu.vn
2021119844,Hoàng Anh Việt,sv019844@uni.edu.vn
2022119845,Vũ Anh Việt,sv019845@uni.edu.vn
2023119846,Đặng Anh Việt,sv019846@uni.edu.vn
2024119847,Bùi Anh Việt,sv019847@uni.edu.vn
2019119848,Đỗ Anh Việt,sv019848@uni.edu.vn
2020119849,Hồ Anh Việt,sv019849@uni.edu.vn
2021119850,Nguyễn Tuấn Việt,sv019850@uni.edu.vn
2022119851,Trần Tuấn Việt,sv019851@uni.edu.vn
2023119852,Lê Tuấn Việt,sv019852@uni.edu.vn
2024119853,Phạm Tuấn Việt,sv019853@uni.edu.vn
2019119854,Hoàng Tuấn Việt,sv019854@uni.edu.vn
2020119855,Vũ Tuấn Việt,sv019855@uni.edu.vn
2021119856,Đặng Tuấn Việt,sv019856@uni.edu.vn
2022119857,Bùi Tuấn Việt,sv019857@uni.edu.vn
2023119858,Đỗ Tuấn Việt,sv019858@uni.edu.vn
2024119859,Hồ Tuấn Việt,sv019859@uni.edu.vn
2019119860,Nguyễn Hữu Việt,sv019860@uni.edu.vn
2020119861,Trần Hữu Việt,sv019861@uni.edu.vn
2021119862,Lê Hữu Việt,sv019862@uni.edu.vn
2022119863,Phạm Hữu Việt,sv019863@uni.edu.vn
2023119864,Hoàng Hữu Việt,sv019864@uni.edu.vn
2024119865,Vũ Hữu Việt,sv019865@uni.edu.vn
2019119866,Đặng Hữu Việt,sv019866@uni.edu.vn
2020119867,Bùi Hữu Việt,sv019867@uni.edu.vn
2021119868,Đỗ Hữu Việt,sv019868@uni.edu.vn
2022119869,Hồ Hữu Việt,sv019869@uni.edu.vn
2023119870,Nguyễn Thành Việt,sv019870@uni.edu.vn
2024119871,Trần Thành Việt,sv019871@uni.edu.vn
2019119872,Lê Thành Việt,sv019872@uni.edu.vn
2020119873,Phạm Thành Việt,sv019873@uni.edu.vn
2021119874,Hoàng Thành Việt,sv019874@uni.edu.vn
2022119875,Vũ Thành Việt,sv019875@uni.edu.vn
2023119876,Đặng Thành Việt,sv019876@uni.edu.vn
2024119877,Bùi Thành Việt,sv019877@uni.edu.vn
2019119878,Đỗ Thành Việt,sv019878@uni.edu.vn
2020119879,Hồ Thành Việt,sv019879@uni.edu.vn
2021119880,Nguyễn Ngọc Việt,sv019880@uni.edu.vn
2022119881,Trần Ngọc Việt,sv019881@uni.edu.vn
2023119882,Lê Ngọc Việt,sv019882@uni.edu.vn
2024119883,Phạm Ngọc Việt,sv019883@uni.edu.vn
2019119884,Hoàng Ngọc Việt,sv019884@uni.edu.vn
2020119885,Vũ Ngọc Việt,sv019885@uni.edu.vn
2021119886,Đặng Ngọc Việt,sv019886@uni.edu.vn
2022119887,Bùi Ngọc Việt,sv019887@uni.edu.vn
2023119888,Đỗ Ngọc Việt,sv019888@uni.edu.vn
2024119889,Hồ Ngọc Việt,sv019889@uni.edu.vn
2019119890,Nguyễn Việt,sv019890@uni.edu.vn
2020119891,Trần Việt,sv019891@uni.edu.vn
2021119892,Lê Việt,sv019892@uni.edu.vn
2022119893,Phạm Việt,sv019893@uni.edu.vn
2023119894,Hoàng Việt,sv019894@uni.edu.vn
2024119895,Vũ Việt,sv019895@uni.edu.vn
2019119896,Đặng Việt,sv019896@uni.edu.vn
2020119897,Bùi Việt,sv019897@uni.edu.vn
2021119898,Đỗ Việt,sv019898@uni.edu.vn
2022119899,Hồ Việt,sv019899@uni.edu.vn
2023119900,Nguyễn Thị Yến,sv019900@uni.edu.vn
2024119901,Trần Thị Yến,sv019901@uni.edu.vn
2019119902,Lê Thị Yến,sv019902@uni.edu.vn
2020119903,Phạm Thị Yến,sv019903@uni.edu.vn
2021119904,Hoàng Thị Yến,sv019904@uni.edu.vn
2022119905,Vũ Thị Yến,sv019905@uni.edu.vn
2023119906,Đặng Thị Yến,sv019906@uni.edu.vn
2024119907,Bùi Thị Yến,sv019907@uni.edu.vn
2019119908,Đỗ Thị Yến,sv019908@uni.edu.vn
2020119909,Hồ Thị Yến,sv019909@uni.edu.vn
2021119910,Nguyễn Văn Yến,sv019910@uni.edu.vn
2022119911,Trần Văn Yến,sv019911@uni.edu.vn
2023119912,Lê Văn Yến,sv019912@uni.edu.vn
2024119913,Phạm Văn Yến,sv019913@uni.edu.vn
2019119914,Hoàng Văn Yến,sv019914@uni.edu.vn
2020119915,Vũ Văn Yến,sv019915@uni.edu.vn
2021119916,Đặng Văn Yến,sv019916@uni.edu.vn
2022119917,Bùi Văn Yến,sv019917@uni.edu.vn
2023119918,Đỗ Văn Yến,sv019918@uni.edu.vn
2024119919,Hồ Văn Yến,sv019919@uni.edu.vn
2019119920,Nguyễn Minh Yến,sv019920@uni.edu.vn
2020119921,Trần Minh Yến,sv019921@uni.edu.vn
2021119922,Lê Minh Yến,sv019922@uni.edu.vn
2022119923,Phạm Minh Yến,sv019923@uni.edu.vn
2023119924,Hoàng Minh Yến,sv019924@uni.edu.vn
2024119925,Vũ Minh Yến,sv019925@uni.edu.vn
2019119926,Đặng Minh Yến,sv019926@uni.edu.vn
2020119927,Bùi Minh Yến,sv019927@uni.edu.vn
2021119928,Đỗ Minh Yến,sv019928@uni.edu.vn
2022119929,Hồ Minh Yến,sv019929@uni.edu.vn
2023119930,Nguyễn Quốc Yến,sv019930@uni.edu.vn
2024119931,Trần Quốc Yến,sv019931@uni.edu.vn
2019119932,Lê Quốc Yến,sv019932@uni.edu.vn
2020119933,Phạm Quốc Yến,sv019933@uni.edu.vn
2021119934,Hoàng Quốc Yến,sv019934@uni.edu.vn
2022119935,Vũ Quốc Yến,sv019935@uni.edu.vn
2023119936,Đặng Quốc Yến,sv019936@uni.edu.vn
2024119937,Bùi Quốc Yến,sv019937@uni.edu.vn
2019119938,Đỗ Quốc Yến,sv019938@uni.edu.vn
2020119939,Hồ Quốc Yến,sv019939@uni.edu.vn
2021119940,Nguyễn Anh Yến,sv019940@uni.edu.vn
2022119941,Trần Anh Yến,sv019941@uni.edu.vn
2023119942,Lê Anh Yến,sv019942@uni.edu.vn
2024119943,Phạm Anh Yến,sv019943@uni.edu.vn
2019119944,Hoàng Anh Yến,sv019944@uni.edu.vn
2020119945,Vũ Anh Yến,sv019945@uni.edu.vn
2021119946,Đặng Anh Yến,sv019946@uni.edu.vn
2022119947,Bùi Anh Yến,sv019947@uni.edu.vn
2023119948,Đỗ Anh Yến,sv019948@uni.edu.vn
2024119949,Hồ Anh Yến,sv019949@uni.edu.vn
2019119950,Nguyễn Tuấn Yến,sv019950@uni.edu.vn
2020119951,Trần Tuấn Yến,sv019951@uni.edu.vn
2021119952,Lê Tuấn Yến,sv019952@uni.edu.vn
2022119953,Phạm Tuấn Yến,sv019953@uni.edu.vn
2023119954,Hoàng Tuấn Yến,sv019954@uni.edu.vn
2024119955,Vũ Tuấn Yến,sv019955@uni.edu.vn
2019119956,Đặng Tuấn Yến,sv019956@uni.edu.vn
2020119957,Bùi Tuấn Yến,sv019957@uni.edu.vn
2021119958,Đỗ Tuấn Yến,sv019958@uni.edu.vn
2022119959,Hồ Tuấn Yến,sv019959@uni.edu.vn
2023119960,Nguyễn Hữu Yến,sv019960@uni.edu.vn
2024119961,Trần Hữu Yến,sv019961@uni.edu.vn
2019119962,Lê Hữu Yến,sv019962@uni.edu.vn
2020119963,Phạm Hữu Yến,sv019963@uni.edu.vn
2021119964,Hoàng Hữu Yến,sv019964@uni.edu.vn
2022119965,Vũ Hữu Yến,sv019965@uni.edu.vn
2023119966,Đặng Hữu Yến,sv019966@uni.edu.vn
2024119967,Bùi Hữu Yến,sv019967@uni.edu.vn
2019119968,Đỗ Hữu Yến,sv019968@uni.edu.vn
2020119969,Hồ Hữu Yến,sv019969@uni.edu.vn
2021119970,Nguyễn Thành Yến,sv019970@uni.edu.vn
2022119971,Trần Thành Yến,sv019971@uni.edu.vn
2023119972,Lê Thành Yến,sv019972@uni.edu.vn
2024119973,Phạm Thành Yến,sv019973@uni.edu.vn
2019119974,Hoàng Thành Yến,sv019974@uni.edu.vn
2020119975,Vũ Thành Yến,sv019975@uni.edu.vn
2021119976,Đặng Thành Yến,sv019976@uni.edu.vn
2022119977,Bùi Thành Yến,sv019977@uni.edu.vn
2023119978,Đỗ Thành Yến,sv019978@uni.edu.vn
2024119979,Hồ Thành Yến,sv019979@uni.edu.vn
2019119980,Nguyễn Ngọc Yến,sv019980@uni.edu.vn
2020119981,Trần Ngọc Yến,sv019981@uni.edu.vn
2021119982,Lê Ngọc Yến,sv019982@uni.edu.vn
2022119983,Phạm Ngọc Yến,sv019983@uni.edu.vn
2023119984,Hoàng Ngọc Yến,sv019984@uni.edu.vn
2024119985,Vũ Ngọc Yến,sv019985@uni.edu.vn
2019119986,Đặng Ngọc Yến,sv019986@uni.edu.vn
2020119987,Bùi Ngọc Yến,sv019987@uni.edu.vn
2021119988,Đỗ Ngọc Yến,sv019988@uni.edu.vn
2022119989,Hồ Ngọc Yến,sv019989@uni.edu.vn
2023119990,Nguyễn Yến,sv019990@uni.edu.vn
2024119991,Trần Yến,sv019991@uni.edu.vn
2019119992,Lê Yến,sv019992@uni.edu.vn
2020119993,Phạm Yến,sv019993@uni.edu.vn
2021119994,Hoàng Yến,sv019994@uni.edu.vn
2022119995,Vũ Yến,sv019995@uni.edu.vn
2023119996,Đặng Yến,sv019996@uni.edu.vn
2024119997,Bùi Yến,sv019997@uni.edu.vn
2019119998,Đỗ Yến,sv019998@uni.edu.vn
2020119999,Hồ Yến,sv019999@uni.edu.vn
2021120000,Nguyễn Thị An,sv020000@uni.edu.vn